# provenance: derived from $SPIRA_RUN/batch-results/<batch>/*.result, retrieved 2026-09-20T19:45Z by spike sp-kz6ml
# each row is one testenv-batch run: the suite-level record the landing gate leaves behind
# format: <first_suite_start_epoch> <last_suite_end_epoch> <batch_id> <n_suites> <sum_suite_seconds> <max_suite_seconds> <batch_wall_seconds> <producer> <mode> <status_counts>
# result line format (testenv-batch.sh): <status> <epoch> <seconds> <fingerprint> <mode> <producer> <rc>

0	1789623881	d4d466bf3c56b1578733339966ca7820d70a732403da05feef517f570178756a	327	1789627988	1789623871	1789623881	explicit	parallel	{'ok': 256, 'red': 62, 'skip': 8, 'skip-req': 1}
1789450490	1789450495	3202eec585e77701bd9e70dbf352114775e2f47a76b0dc0eebb93d8a5cbd4302	2	6	4	5	explicit	parallel	{'ok': 2}
1789450862	1789450895	7c8cae78f9345407e1166171852bd61db7d7901c4899f9a95f906e2bfb44d702	3	33	18	33	explicit	serial	{'red': 2, 'ok': 1}
1789451099	1789451139	298b12d52f5cd0cd3833ec3a7ba59f898c575d973ca99184279f0e7f91e0df9a	3	39	23	40	explicit	serial	{'ok': 3}
1789451424	1789451522	738061f5937804e33f74c4119f1f475f766216ce3bf120be15610e6222690f73	52	406	28	98	diff	parallel	{'ok': 47, 'red': 2, 'skip': 3}
1789452161	1789452201	a7d5be0bc62301e60bbcee83b364e5873a6a46b337d91b77bb7894da11c18f03	1	40	40	40	explicit	parallel	{'red': 1}
1789452762	1789452799	8acff95e55c139258d90a0def12473f8de9f86177c45033ae14a4f7663e6a954	1	37	37	37	explicit	parallel	{'red': 1}
1789452951	1789452990	6e5397405dd0400a0c54ef65fb88e6dd0ebe3c0386fb189413f09a2ec765ffa2	1	39	39	39	explicit	parallel	{'red': 1}
1789453101	1789453141	584858fa86f5add6cd50928a37ee0130d1baf2c93bc3ce23d3e3d76fe14d6ab2	1	40	40	40	explicit	parallel	{'ok': 1}
1789453238	1789453602	ca2e1a8338fb36f70edaef8587c62405592ce06d941b6f4755183f61c0f4707a	81	1686	140	364	diff	parallel	{'ok': 75, 'red': 4, 'skip': 2}
1789453688	1789453694	fe0425f3a46df20d4b1352cd66a4d3f18d41fe1db69b3e8ee6cefad769a3ada9	1	6	6	6	explicit	parallel	{'red': 1}
1789453775	1789453781	4c2190d11db2ee63b082d319661d74cb423a9f8d7aae0570724ef839f0f51bc7	1	6	6	6	explicit	parallel	{'red': 1}
1789453840	1789453853	822ad0331487700d5dfddbabba5e96ffeaa5eb8db296232148e9be1c855763e4	3	17	13	13	explicit	parallel	{'red': 3}
1789455282	1789455571	2f4d49fd5eabd7320b46c89e2fce332670d914c8e0a742ee403d82d2fab69c00	77	1232	96	289	diff	parallel	{'red': 14, 'ok': 61, 'skip': 2}
1789457917	1789457928	51824742fc263a6e6e0f635c473fa376e3fb28517697d0fae94df4816ac87a9a	2	17	11	11	explicit	parallel	{'red': 2}
1789458205	1789458288	71273c37b6bd58cd902c1f68d43eb9a783cb03116ee0a355792dbe4bb2bdf173	52	360	32	83	diff	parallel	{'ok': 48, 'skip': 3, 'red': 1}
1789458707	1789458790	a67773631967c4b3ac26e23651ccaba8e82977aabb0a691a44f38d63e2a399f9	52	362	32	83	diff	parallel	{'ok': 48, 'skip': 3, 'red': 1}
1789459216	1789459302	dcca2730aebd0de511887bb052011e2e522f19c4986ac460efab9ae5a057cf02	52	372	34	86	diff	parallel	{'ok': 49, 'skip': 3}
1789459505	1789459605	6703e94c498a54ee76f81313efa9e3eeb55b166caa41f08fbf6938ece0e9ed67	52	411	33	100	diff	parallel	{'ok': 49, 'skip': 3}
1789462978	1789463349	6db0232c78f9e2a31be271ae653660a9946bd1610c8c7ee5925d775357a8cb13	81	1703	139	371	diff	parallel	{'ok': 78, 'red': 1, 'skip': 2}
1789463681	1789463726	3d1dbaec5cf7101b2a17a80a85f6cf859a59f2974044b4fc9df0369f3b7f039b	36	173	24	45	diff	parallel	{'ok': 34, 'skip': 2}
1789467211	1789467586	231dd833163ef3a4b24f4ac6e47daec847dfd598bb383a579ed45086de5d2cb7	85	1754	139	375	diff	parallel	{'ok': 82, 'red': 1, 'skip': 2}
1789468240	1789468618	c6591ed12adcc16972befc52fea1d8d8996cd975a31d5e576c40f04314a94668	85	1772	143	378	diff	parallel	{'ok': 82, 'red': 1, 'skip': 2}
1789468867	1789469246	fbb073ecb5111ef0c2310c62864e66a7f8e312333b94c3ff0b9161f077691a00	85	1779	143	379	diff	parallel	{'ok': 82, 'red': 1, 'skip': 2}
1789469560	1789469941	9f1f20bae232020245a21cb83a6fca0b66d5fc1857b3c61640884d2d381898b9	85	1781	143	381	diff	parallel	{'ok': 82, 'red': 1, 'skip': 2}
1789471303	1789471681	520599b86c07d62ac675dd3d75c82fb5e444c3b79473bcb67c6d1a1a704cdab7	85	1777	142	378	diff	parallel	{'ok': 82, 'red': 1, 'skip': 2}
1789472816	1789473326	a84d3790ba8a65e5575e05448ab3e51196334747940238bea762d123180c7722	97	2199	144	510	diff	parallel	{'ok': 94, 'red': 1, 'skip': 2}
1789474385	1789474885	3f58c3221dc26f0df4ab6841f1865db5b0ff16e074ec84108be0b06fe87532d9	97	2156	140	500	diff	parallel	{'ok': 94, 'red': 1, 'skip': 2}
1789475369	1789475867	cab5006f6626df733aa4c97e2be87b2b86e18b00a5707f9347dfa83f830aac8c	97	2142	139	498	diff	parallel	{'ok': 95, 'skip': 2}
1789479617	1789479763	6d6753567b85dbacfbc963deaef264f6ce46cbda9a0915140bf554eee2f914f2	1	146	146	146	explicit	serial	{'ok': 1}
1789479911	1789480064	60644c57835f9b2de78e20428216d8bbd999f0dd0e27f6727891eefd1ea1977d	37	333	151	153	diff	parallel	{'ok': 35, 'skip': 2}
1789480118	1789480254	75bec368dfb927c21bcb3e76ee57f40371c71e19fcc074d905e9df9caaffca0d	13	307	134	136	diff	parallel	{'ok': 13}
1789480472	1789480608	5b6ca9f900ae3df3802af31155a9faff7acc4ac6c5ab23d358a87a12c0e0c7b1	13	310	132	136	diff	parallel	{'ok': 13}
1789482158	1789482203	9a3f93a2126a960e325a6d1863cca5a5578dcdcc4dfadd9e09d44b35cec09724	1	45	45	45	explicit	parallel	{'ok': 1}
1789491540	1789491540	9a7041c05de0f9d26220ced8bdef6c72a3b68874398fe2bbb7545fc242bdaae9	1	0	0	0	explicit	parallel	{'ok': 1}
1789499284	1789499287	25b0841d7ad83d4b0121d19b95acfcd9d0d3b4d9e4659350d9e4a07ce190c69b	1	3	3	3	explicit	parallel	{'ok': 1}
1789499394	1789499395	1622c361f11db29acd0ab3accd9de38bbe51dcaf3c153b17e07a3986cfcf694c	1	1	1	1	explicit	parallel	{'ok': 1}
1789499642	1789499654	57ddf4baa3edb3d0b6dce82bc89d200734305148e31bf5bcaf7fd5505b19d386	4	15	12	12	explicit	parallel	{'ok': 4}
1789499668	1789499817	49cf747a4e755f26d10ceccef48f5541e6fed498e9d8f6a9dbea2207664f7cdb	52	385	148	149	explicit	parallel	{'ok': 50, 'skip': 2}
1789500217	1789500221	a536beda9c56ce467e67ba3d7ae344592c8f30c99611cc13071dccb3f91b8250	1	4	4	4	explicit	parallel	{'ok': 1}
1789500236	1789500509	d6c4714013b682b1cc351e5e0a2f9eb29044f3a781d86d1d249b3b8dc7abc6a6	82	1300	134	273	explicit	parallel	{'ok': 81, 'skip': 1}
1789501074	1789501075	d8774c9b8f64e46cb99fccf8d6b582d52052eb489722749e1358b35733a62876	1	1	1	1	explicit	parallel	{'red': 1}
1789501102	1789501102	00f0f04d9016928eb790e22193bc78c12587c9003c9e1fa916ddef7340ab3e27	2	0	0	0	explicit	parallel	{'ok': 2}
1789501117	1789501265	8372e5fcf74af6d949791e4c8ff67a04f877fad1e626335c795af5ddff7d8cf4	9	194	148	148	explicit	parallel	{'ok': 9}
1789504020	1789504020	ab21e7668b4b45935c29162beb9b6f5e6e94213a805759837ecbf811c4ef31eb	2	0	0	0	explicit	parallel	{'ok': 2}
1789504608	1789504758	2f4c70830d6684743669bae5b6ff45c8b01278c8a1194d906623241ac134cfa8	51	388	150	150	explicit	parallel	{'ok': 45, 'skip': 6}
1789504781	1789504782	d5b562956f39f6955a20cbd6d91af87840ee29c3dadef11d3ab877092c6e87be	2	1	1	1	explicit	parallel	{'ok': 1, 'skip': 1}
1789505726	1789505727	5451f3bcee54adf04a1af6d3f935ed8ba71d3761e89feffd8763b3f85f18c31e	1	1	1	1	explicit	parallel	{'ok': 1}
1789505888	1789505890	26dc7511bed335c992727c546c962b3c48c6d8a2df2b71772095820a7db6a8aa	1	2	2	2	explicit	parallel	{'ok': 1}
1789506585	1789506639	58643aecd9dd539f4dc497d25997b375cade03f0f8d477809c716a35c748dbce	1	54	54	54	explicit	parallel	{'ok': 1}
1789507160	1789507208	84e555a44b3e5aa3fcba4327d7f3843cfe1d169049410b73ca0076c3141d11ac	1	48	48	48	explicit	parallel	{'ok': 1}
1789507377	1789507528	0963f457ee29e4eeeb4a43850096f1c0af47712c06d6007bf6aa246d95cba2c1	39	321	149	151	diff	parallel	{'ok': 37, 'skip': 2}
1789507960	1789508220	21fb91d064052d0d79ec99b8096461aaa746948604d46eece1969821d3ddc0e4	1	260	260	260	explicit	parallel	{'red': 1}
1789508298	1789508569	5d540a8d0980fe9989693291a2a6c127e040cf5a42f93297c259726021d06b73	2	336	271	271	explicit	parallel	{'ok': 2}
1789508711	1789509026	48bcb292b64659dccbbbf2846fb8a39c73721aa555b98d19adf93d0e8cb10260	12	613	286	315	diff	parallel	{'ok': 12}
1789509020	1789509037	096e7e9900ab386913e2f3f9e5e3309edb7dbf1d91bab086843389a28826d226	1	17	17	17	explicit	parallel	{'ok': 1}
1789509242	1789509568	bdf65529f5b00d896e341ed47111653b013b9714e3f021d057458fc44ed43358	13	612	292	326	diff	parallel	{'ok': 12, 'red': 1}
1789510175	1789510178	6c17031f7591ca7c76af5e9053018ac49e245544de15589e1b7587fac0c9e1b2	1	3	3	3	explicit	parallel	{'ok': 1}
1789510425	1789510589	e89904e203cf6ddd05fc506173e4e0430425cfb1e1342b24e05333540ac04674	46	454	162	164	diff	parallel	{'ok': 43, 'skip': 2, 'red': 1}
1789510692	1789510742	dd5c3ab211479a210b4024a5fd8b54d7faa84adc2df8ce84c27c35c10c246b85	4	95	49	50	explicit	parallel	{'ok': 4}
1789510749	1789510845	772fb5093119401afc5d48fe296581b0def7d751b0656c4f977c1a13e8de30cd	1	96	96	96	explicit	serial	{'red': 1}
1789511025	1789511120	efb67f0712889e1ed82ee16d7c4bed645b6f08d1afade116d88abd66e6e263ef	1	95	95	95	explicit	parallel	{'ok': 1}
1789511137	1789511154	44e710314cc4209eff84ad34eb1ae3f49b647ce983d8a8ec70200212582b0984	1	17	17	17	explicit	parallel	{'ok': 1}
1789511233	1789511234	3decf546402e9ba4eb88c9c2ae4e9282f091d6071a103bae06fa7327cccc3289	2	1	1	1	explicit	parallel	{'ok': 2}
1789511375	1789511708	cfd9dab00498e4272829311906b66c8e0de06412bc6d3a3ed5209089efec0c96	13	622	298	333	diff	parallel	{'ok': 13}
1789511488	1789511499	6c9dd43e4403e2484e73ea6e00e38f75dad3f49ca4b3440ee5ba1b1cfef96bf8	1	11	11	11	explicit	parallel	{'ok': 1}
1789511516	1789511516	fe3504fc92fbdaabca059161d9826b8920c5ec5b7f99a2cecd8eae41c0eb1d4e	1	0	0	0	explicit	parallel	{'ok': 1}
1789511768	1789511923	3d230b4b14b3f8e11d4d3097b39a82abfbae6d7b2bfc60cff3fcc97267075411	46	417	153	155	diff	parallel	{'ok': 44, 'skip': 2}
1789511791	1789511799	11c2ace7fd79f6a323835c4b04e18961e4b31dc8398cdd582b51c8996b2533a9	1	8	8	8	explicit	parallel	{'ok': 1}
1789512123	1789512276	4f498ce32c6fef030b4097a760e872e4dcd1465404bd1c9a684e3ec223df28d0	46	382	151	153	diff	parallel	{'ok': 44, 'skip': 2}
1789513151	1789513191	feb84b3903e800d0395088e3b3b870b4d6ebb184fdb97dab33fa148c81cfbe44	1	40	40	40	explicit	serial	{'red': 1}
1789513279	1789513318	6dcc4148e2cf02e4163f1dda49e288adbb5ec4d65c10916cc937a038badcf376	1	39	39	39	explicit	parallel	{'ok': 1}
1789513540	1789513584	23ed3c33ff6d0c9a5f1b4139cded5eb450c3a8d6216f70ff410531991a3a12d2	4	59	44	44	diff	parallel	{'ok': 4}
1789513594	1789513604	9c548236644a3c45fc3d43e7573802f09052e1096b00a387fe85441765c6d98d	1	10	10	10	explicit	parallel	{'ok': 1}
1789513780	1789513988	3e0abae6f994202083324e958ebe78f0ca2229d3c4876f3bfaa334267d435b47	26	746	112	208	diff	parallel	{'ok': 24, 'skip': 2}
1789513999	1789514015	ea1052add3a752d163fc96a67bea5c02bddf57598757b8617975f0f6df12d826	1	16	16	16	explicit	parallel	{'ok': 1}
1789514047	1789514103	a572ce7a2cd25639bedfa92889c56cce23ec1dadba1cbe682029f303522a769e	1	56	56	56	explicit	parallel	{'ok': 1}
1789514162	1789514232	aa3170983afc5486ae753d3d2d571de8acce462564a95975467cd62f13844fc7	2	73	70	70	explicit	parallel	{'ok': 2}
1789514376	1789514716	13561507440150c07ff2328398b65f5ccb311fd2e0522d9686294a060a5fb944	63	1133	101	340	diff	parallel	{'ok': 55, 'skip': 7, 'skip-req': 1}
1789514408	1789514475	6c941319932d6721b4683bfab9c5a0ff0b1df582f3f970d60b60d05d4343b013	3	85	63	67	explicit	parallel	{'ok': 3}
1789514573	1789514573	ee045e9c11dc989b67b5dd5d3e6d32d22b807a9a3d28c06357a332f767d25105	1	0	0	0	explicit	parallel	{'ok': 1}
1789514866	1789515186	51871ac6cb778612c79bbefb4bd2daa5124756ec3398d6bb392e2b5a46cc228f	88	1219	125	320	diff	parallel	{'ok': 58, 'red': 21, 'skip': 8, 'skip-req': 1}
1789514946	1789515001	38893b9fa79bc5b30748f2b5611a44ea4323a9469c9d9d8d2c90732995bce2b0	2	56	54	55	explicit	parallel	{'ok': 1, 'red': 1}
1789514986	1789514990	c87eb8db48f86fcf3bb3d85e3776c9ff2718aeb73c19c16699a556687c4ce213	3	6	4	4	explicit	parallel	{'ok': 3}
1789515027	1789515083	5c47e5d4933d3c5dd7b30274b19224968c9d9a619f33dd37c9998680c25d40e7	1	56	56	56	explicit	parallel	{'red': 1}
1789515067	1789515069	22101619d3f59a16d4837c6b0ee299bde5d2ea26c6168f9dc95e83b216e7d1ce	1	2	2	2	explicit	parallel	{'red': 1}
1789515134	1789515134	1dc8b9f5f5e03eeaec5026f3cf5b24e004db11e0ddc7ca71622a85b61eab0bec	1	0	0	0	explicit	parallel	{'ok': 1}
1789515289	1789515295	3a9047bbe3dc9c99680155444203a5cc3541394e2263bf8526aff054d808020b	5	14	4	6	explicit	parallel	{'skip': 3, 'ok': 1, 'red': 1}
1789515289	1789515363	01fbd8ac228872a094fd88be0d394b5afe10f8b1483c2a01bebfe41230455f35	2	75	73	74	explicit	parallel	{'ok': 2}
1789515587	1789515677	825bd6bd0c653dc77ba908c1eb8ddf84b3ccfdd76ed533da8bd5615b779c9132	2	91	90	90	explicit	parallel	{'ok': 2}
1789515596	1789515870	2588380263ce43e843d2d0bc46afd5a908ccea7a5bcb2fabc85d49c65240c2ea	31	890	140	274	diff	parallel	{'ok': 28, 'skip': 2, 'red': 1}
1789515832	1789515892	fd1156fdb44d1c0ee2b592ac8fce93823f11f536a92d5c79ed5b7f278bd81a76	3	85	59	60	explicit	parallel	{'ok': 3}
1789516248	1789516248	67bffabfe65ede40b2be5c7316b5ca02dc04db4aff06e8b70666478e5bdf7b86	1	0	0	0	explicit	parallel	{'ok': 1}
1789516269	1789516277	da5595532779653adf58db699f0be7a622e57438d4b6a1dc1b954f872a371214	1	8	8	8	explicit	parallel	{'ok': 1}
1789516533	1789516576	75dc8026645d58a6fa9670e22b1c2f7b22757676e7574c8a2957a1e73b4297ec	2	43	43	43	explicit	parallel	{'ok': 1, 'red': 1}
1789516535	1789516546	77e0977de4a64337fd0d70dbc00651d6bb9b40324f5bcd6b823a8735b8bee769	2	14	11	11	diff	parallel	{'ok': 2}
1789516644	1789516668	10475a1c225d4d1cad02ed9de6dd419133ba3d8177c29a4a4972af4b99c0bde8	7	74	23	24	explicit	parallel	{'ok': 7}
1789516711	1789516751	cd5d2be617f61c1c8fb970ee40de604d602b3ae7a2aa22487f35cf63c49aca17	1	40	40	40	explicit	parallel	{'ok': 1}
1789516863	1789516919	375ed15c064beb411bf78847d0e036df295e6b0db8521c5af76c18385bc57188	19	113	51	56	diff	parallel	{'ok': 11, 'skip': 7, 'skip-req': 1}
1789516999	1789517095	deed54abceed245329daaba16bc7369da45f2be42d91bc86ce4709d48421ea94	7	180	93	96	diff	parallel	{'ok': 7}
1789517323	1789517721	1befd266ea55769225060f90bf3e55260b776dfdc26791131e32a5458073803c	106	1544	157	398	diff	parallel	{'ok': 102, 'skip': 3, 'red': 1}
1789519411	1789519418	159ba07b87a61256ba5f1e17d4ad9a8dd4c8977f1ccc2b8a796303255a6073be	1	7	7	7	explicit	parallel	{'ok': 1}
1789519660	1789519671	ae5cab2e6f86586a04831f0be772dabd4a8f1fbf636ae51714e3fd193a41f9bf	2	13	11	11	diff	parallel	{'ok': 2}
1789519665	1789519685	c21f34f7dfb1e1162f60691999ebcb78400c6340faf0db9ecb8e00cdb3d5fede	7	66	18	20	explicit	parallel	{'ok': 6, 'skip': 1}
1789519847	1789519847	35c527312f3022d2c4159e41ad6e6432480ce663484b821f46c987e362ad157d	1	0	0	0	explicit	parallel	{'ok': 1}
1789519865	1789519905	cbff6d28ac46cc418d4c1625302bee3f1481b5a19da9571a2e55cb4c0676d57e	1	40	40	40	explicit	parallel	{'ok': 1}
1789520045	1789520295	4c2f16b05e2ac158f9cb7a2607c66f12f65ce79b7928f6d3f26e390490fe53d7	31	761	133	250	diff	parallel	{'ok': 29, 'skip': 2}
1789520185	1789520186	151e5cabbf1c8ef6b6b41586f15663be7d007ec15064281c75c607d4b3e58afd	1	1	1	1	explicit	parallel	{'ok': 1}
1789520223	1789520264	60f10355d57ce690ab4e3fdc695030f3506c4231f7ab68b6b2a227f89252686c	3	65	41	41	explicit	parallel	{'ok': 2, 'red': 1}
1789520318	1789520333	c5cfc169466a2eed460153399f5ba9876c643a400a54dd67b516c05447227ee8	1	15	15	15	explicit	serial	{'red': 1}
1789520473	1789520487	af94f32e85fdeeea2b633233758850844bfde3a05f159741d56e315f07f08a76	1	14	14	14	explicit	parallel	{'ok': 1}
1789520502	1789520517	c5da39c4e9e3983d7fc6ebb8b318d52f55ed5cec45dc55399a1be56742a27610	2	15	14	15	explicit	parallel	{'ok': 2}
1789520605	1789520620	9be02ea701a162fa5d7473c01e46125bb5b3cb80ece5f792c25914f9eee41ac6	3	27	15	15	explicit	parallel	{'ok': 3}
1789520779	1789521179	c7a34edcade4ecd4fee6363e35d2869bd607c72311a0c25065abe22f58a0b1d4	106	1542	160	400	diff	parallel	{'ok': 103, 'skip': 3}
1789521036	1789521074	81ba4669c64338d923a79492a7ce3354962b5a23bd03a5a67fd3c301b623b31a	2	72	38	38	explicit	parallel	{'ok': 2}
1789521281	1789521282	00f1bc5a7dcb99e769c319b7de8dddaf6d17be9e8836735aacc3d78fb5bb0589	2	2	1	1	explicit	parallel	{'ok': 2}
1789521464	1789521674	b517201cdd753f34977ab70c3ef348b077891ab85421558931488891b547f856	18	671	106	210	diff	parallel	{'ok': 18}
1789521755	1789521756	f885e10224d741b6ca5c071e0275417696a082d9db89e7618f6c9c8dae8a8d19	1	1	1	1	explicit	parallel	{'ok': 1}
1789521779	1789521781	aa3d4a1c7d8c851a1bd5055da369cdf55942a2bb64dce79f89f97980511f292b	1	2	2	2	explicit	parallel	{'ok': 1}
1789521819	1789521820	969567f0fab97fa612458e3e6d1e45f9809a2ec65602dace04cb78aeee617c42	2	2	1	1	explicit	parallel	{'ok': 2}
1789521971	1789522125	a99b2b9046a309530a5e2785a2abaccc940b21e40e9299091a15742ff9b3b479	5	173	153	154	diff	parallel	{'ok': 5}
1789522177	1789522208	15bf62038bc7fea43cd91d6b9e26cf228409cdb4af9acbb7bbd365e3d390bb10	2	54	30	31	explicit	parallel	{'ok': 2}
1789522445	1789522787	73f8c82bd0339e808d4066f294110a5d2e84f52d50273a3872d14135be070107	81	1301	143	342	diff	parallel	{'ok': 80, 'skip': 1}
1789522679	1789522684	52f46890de6ec44278b5a3b8760458b35f514b50703ceaf958fa8804bee33038	1	5	5	5	explicit	parallel	{'ok': 1}
1789522701	1789522720	e80e8d2ccaf5dee5a9bd211393f154287eaddf37df3194648f357b6ffd1e5661	3	40	18	19	explicit	parallel	{'ok': 3}
1789522737	1789522746	470419a61210408528dcf264c177c483ef8d0b16ae91bbb3cf6a577068037e2d	2	17	9	9	explicit	parallel	{'ok': 2}
1789522980	1789523130	25b5c3d41bc525a33bb27ea05b6a1672a0f4818a5c471a74b6cf3810478e377f	18	224	150	150	diff	parallel	{'ok': 18}
1789523070	1789523091	08bdf4a0076571ef15d199ac7eae828693fb77ec539c56c70448e8e2c0a4333e	2	38	21	21	explicit	parallel	{'ok': 2}
1789523388	1789523571	56d146347a7d2c19f80a443a9d366c5925c52cc9f9c4eb0700c5347c4177dbba	25	553	92	183	diff	parallel	{'ok': 23, 'skip': 2}
1789523768	1789523769	1d6c4ac47e0dae782f2d869baaeee3fce54ad45f4490dab5db3e798bad2c3044	1	1	1	1	explicit	parallel	{'ok': 1}
1789523930	1789523970	96709bdb26dbf153aad561c59a947121fbe97e40001560a1c5f4903f9919a8c0	1	40	40	40	explicit	parallel	{'ok': 1}
1789524070	1789524079	9750a239299c59a79b54ca98be11629e69bfa6a3594c90ac21af9fa9739cfa93	2	11	9	9	diff	parallel	{'ok': 2}
1789524163	1789524189	73e6eeefa0d224ec8cdcb02b5a6087f545b95f60a0dc5d642e18623e88b24916	3	27	26	26	explicit	parallel	{'ok': 3}
1789524838	1789524838	73f9d11dab71a1ec8699f2dd34301a63e3eac8928bdcd8e95ec19efda93a88cd	1	0	0	0	explicit	parallel	{'ok': 1}
1789524859	1789524860	dd912ef83f9b9ea0826bc94e9e3462825876e134df92550a4ce6eb4409e9c379	3	2	1	1	explicit	parallel	{'skip': 3}
1789524942	1789525119	198067620012c7a5da386e949a4a900ba2c14962e03892351e03ea84e1fd1751	29	483	128	177	diff	parallel	{'ok': 21, 'skip': 7, 'skip-req': 1}
1789525362	1789525364	9c3c9560cd5f1abfed4e43d144492747a7072171c2503dfa272a6e2921a364a8	2	3	2	2	explicit	parallel	{'ok': 2}
1789525509	1789525892	0c2f4a6719aa8436559b83e5b1126ecc6baa49b8224e84e3bd2e94179d0ecf92	82	1423	145	383	diff	parallel	{'ok': 80, 'skip': 2}
1789525740	1789525785	8c2b5359493d1f594add596b151af208df7813ef142a06e83e4da94dacf81fcd	1	45	45	45	explicit	parallel	{'ok': 1}
1789525817	1789525860	276f47d138d1b877a173a800c40783d446b290a4ee12c8e42b36c404b4ba7363	2	43	43	43	explicit	parallel	{'ok': 2}
1789526035	1789526214	3e71947fd16185c319cadbd4907c8c324e708484b40e538a18009db782a28ac4	27	552	93	179	diff	parallel	{'ok': 25, 'skip': 2}
1789526612	1789526613	accb7c34d4c4682036dd180bdd26b599008f53ee1a0508e4d0e73c95ff8b2bab	1	1	1	1	explicit	parallel	{'ok': 1}
1789526832	1789526844	cbded0d8b598b5694023d20db286b245a99bf05aefdd4864b9c554611c2dd614	3	15	10	12	diff	parallel	{'ok': 3}
1789527409	1789527434	53cec7f6ace7af219365847f20cd8d92ef088106c9990b40751c1d10680e46e5	14	65	16	25	explicit	parallel	{'ok': 12, 'skip': 2}
1789527573	1789527574	bbb629dd102c558450fa79040b8264d27ebfaa7c1b47d35bf4034879a0309a08	1	1	1	1	explicit	serial	{'red': 1}
1789527703	1789527704	c1699d597847e14ca5230a4b0860953f8a565c0f1578e72d5be2b4c2b96854e4	1	1	1	1	explicit	parallel	{'ok': 1}
1789527738	1789527739	3b12b83a287d6263c81adffb0764cfbab21d0997dead063ff61123599ee5a660	1	1	1	1	explicit	parallel	{'ok': 1}
1789527924	1789527937	247c4964bc8bcc1bf31217a1b5565bb87ed9fd1e7ac0b51322481f94d689f221	3	17	12	13	diff	parallel	{'ok': 3}
1789528401	1789528401	4b43da433dd500948b3c5cb7b2ffaeca545538a7684742a06316f76bd58475f8	1	0	0	0	explicit	parallel	{'red': 1}
1789528786	1789528797	f062900849b1ab4200d6fcf08921e608546763bdc9c051214b05a74c411ee8e1	3	15	11	11	diff	parallel	{'ok': 3}
1789528882	1789528884	685256c46bbddeae4d584b27be5751f97e995c991e597885becc91052f264317	1	2	2	2	explicit	parallel	{'ok': 1}
1789529792	1789529793	2d62cf8c938b5ae65316ce6c8053526e20f0c19455430b9fcb38e4fb65792154	1	1	1	1	explicit	parallel	{'ok': 1}
1789529880	1789529883	3d1572ea670bafff1b0234d8ac1deb8afba3a29e8851377444d90aeba923cb57	3	4	2	3	explicit	parallel	{'ok': 3}
1789530113	1789530213	bd4a55cc4ec146e6b87994c63ba54e23f002d1f5ba5828a0eef67ee182708d64	11	179	98	100	diff	parallel	{'ok': 10, 'red': 1}
1789530792	1789530799	e163a056a9d886e4e6e4a26d6db59eea786a1918176aaddc1319ed482e637123	4	12	7	7	explicit	parallel	{'ok': 4}
1789530818	1789530822	a8520bba0ca5ec9c7e3cc6ddf713b89ac35a1da310000a909c299ed1ea46fef1	2	7	4	4	explicit	parallel	{'ok': 2}
1789531078	1789531231	1c1df74ad9ffb7eb0f38a1743530c348b68a4280750e1442f305bb4a8c4421c1	46	335	153	153	diff	parallel	{'ok': 43, 'skip': 3}
1789531079	1789531083	4b24993aa1fdcc888f70ecf58ad2493281c8793bcc5c64ee0e87e99a2ff56743	4	7	3	4	explicit	parallel	{'ok': 4}
1789531454	1789531556	299879040ef71c4ce4af4c721cf2088dca62c872382ef2941a84d4cc374249ae	11	194	100	102	diff	parallel	{'ok': 11}
1789532074	1789532078	f4315a9527ec26e1e52f09958bef430d1b2cbfb17217a9bf898020f3c9c01e88	3	5	3	4	explicit	parallel	{'ok': 3}
1789532104	1789532263	dd025fa802304b966dcc3a76e236bf690301920901a10971f40b45517fe2496f	1	159	159	159	explicit	parallel	{'ok': 1}
1789533237	1789533251	05d286c692ca4c41f95428969cf290fdc8ce9fc094f6e442aa07761afd2cc4b9	1	14	14	14	explicit	parallel	{'ok': 1}
1789533481	1789533490	db885fe365a68ad123463c0379cbdd29020222c4a29bedc2e3b4975f13d2abf3	3	13	9	9	diff	parallel	{'ok': 3}
1789533783	1789533841	97e65f98dd6ef9b761f80966f8ffa3c6eab24246fb5e4c388f94a74860e3b69a	1	58	58	58	explicit	parallel	{'red': 1}
1789537025	1789537082	032cfe7e0a68f2f9f282987b0b5c857ee45d02e7adba6be677ee9332ea7b945c	1	57	57	57	explicit	serial	{'red': 1}
1789537131	1789537197	c3623ddd5f564cb9152ab2475608d03ce0afaed49dc930e048e1ce988786a3ef	1	66	66	66	explicit	parallel	{'ok': 1}
1789537466	1789537672	2d68bcdee5e7035f5eb019cdd6a7e33b98b7de7d939e7bc56942648d6b71d80c	20	706	109	206	diff	parallel	{'ok': 20}
1789537846	1789537847	8545d7a02a13371a2a0377e987fab8f4e02b36af9c6c496e1108ae766af8b7f2	1	1	1	1	explicit	parallel	{'ok': 1}
1789537929	1789537931	74fadc9b1fe8a358dd9f6312468c6ff5c6ebe3ecb5afe6b2ab8337b181990c55	1	2	2	2	explicit	parallel	{'ok': 1}
1789538076	1789538088	307d8935b446f3a376d9507c89dac53f8bebb296449c866689fab4a0bd9d9da5	4	17	11	12	diff	parallel	{'ok': 4}
1789538672	1789538687	d52f83adad1470de954d30f1b74662397ccb400310229ea73a6dcbc6b82138c8	1	15	15	15	explicit	parallel	{'ok': 1}
1789538960	1789539038	6f23bd53ef91038af67c31538e107785e8575e5616e6b3fec66f7960759aa7ea	3	137	77	78	explicit	parallel	{'ok': 3}
1789539384	1789539467	351995ac4b6fa70a6ecbae01153dbf7e194c94d5f35fd4771d0ae23c91fa0bb4	3	143	81	83	explicit	parallel	{'ok': 3}
1789539423	1789539516	121b9bb0f7e61a9e1cd496372fcfa9bb222e579990deb2011b69c7b2a53a28c3	11	317	69	93	explicit	parallel	{'ok': 11}
1789539493	1789539572	4a21d8cf45253fa38f308c2a0e6e8f7055fe5d19006a88e32e96f6548db79ad5	3	148	79	79	explicit	parallel	{'ok': 3}
1789539760	1789539770	3ebda7c9679cb2d1496c1ad46c9c0caab5b8a18d26a31d5b0096bb750fe98578	3	15	10	10	diff	parallel	{'ok': 3}
1789539976	1789539991	f25fda95af1ebbb8a7894d93587d181abc6d630240b184adb7ab854c75c16653	1	15	15	15	explicit	parallel	{'ok': 1}
1789540009	1789540019	7dfb50ddde6b1faeb4a749bf1c71fa3e371bd302035f35a96fb30a03f73861a5	2	13	10	10	explicit	parallel	{'ok': 2}
1789540271	1789540604	66b62bc7f708b227a5a19bd2a1bb416f6c395853d8c1e09f807a6a44779139af	74	1266	160	333	diff	parallel	{'ok': 72, 'red': 1, 'skip': 1}
1789540405	1789540410	808b8ee88a88aa4faeb7a9d37494aac2ae27451d6cd0581258600fcaed9a0c6b	1	5	5	5	explicit	parallel	{'ok': 1}
1789540429	1789540437	6d400188a9cd6f50e89de4e8c2b8d50ce965420876f83ea3eff0abf6d0d770ee	5	21	5	8	explicit	parallel	{'ok': 5}
1789540457	1789540500	849a298c8a1fc3f405dae02a754eb7822d92d2c4c317e3d8836211e98c89e3a3	3	65	42	43	explicit	parallel	{'ok': 3}
1789540840	1789541092	e6c93acf9422085348a0101585b80702468579378d46790e57f2aa7b39dccec3	44	731	146	252	diff	parallel	{'ok': 44}
1789541278	1789541279	4526c0df8a5cb29ba9d740b3cdd4afe706b384e1a13de148dbe750e748e51eb8	1	1	1	1	explicit	parallel	{'ok': 1}
1789541448	1789541459	6c40a0f091d6cf84b237526adfb4065a0fed305b3f33e5185820b911401f27a6	4	15	10	11	diff	parallel	{'ok': 4}
1789541499	1789541513	3b26a819ec3606153b5a020ea4f45303bbc203b3c775146c11fd64edf12acd23	2	14	14	14	explicit	parallel	{'ok': 2}
1789541707	1789542041	230aaaffe05cb397170561584da64556872a7bd4cd85d638788ea814a2cb89bc	74	1259	161	334	diff	parallel	{'ok': 73, 'skip': 1}
1789542115	1789542116	c0335288521e19cc8885b7706456339b416994178d0a0ac276e153573816c299	1	1	1	1	explicit	parallel	{'ok': 1}
1789542134	1789542154	114b2e7acbda270e3734f8873e5ef809409e87d1d1d2b5bee0037eea1e4c6f56	1	20	20	20	explicit	parallel	{'ok': 1}
1789542327	1789542490	131354b06b1b84ed94486eaf64c86967a74ef0a8a0e741d579f4e4abb88158e6	46	375	161	163	diff	parallel	{'ok': 44, 'skip': 2}
1789542467	1789542468	a1571992a5694922814eb32c69165692caa3abbf907997c2d33752618bc81923	1	1	1	1	explicit	parallel	{'ok': 1}
1789542724	1789542742	280d5b01261ada7a25c174bc1e90fbb87780f30421ba69f086ce1764889078d3	7	53	17	18	diff	parallel	{'ok': 7}
1789543049	1789543055	4f03c9ec86771fe6b0cfeb70477547257ef76d60d6abf1465ab1da68d04c8d9f	2	7	5	6	explicit	parallel	{'ok': 2}
1789543254	1789543291	c85e7d94b380de597d096f0a1c3b870378506c0b006d705ea4279fcce1e56254	16	128	26	37	diff	parallel	{'ok': 16}
1789544172	1789544184	90505597f7f3b1a09e3d7cea276534eb12e32c4261d6ac690c5e3d9687599005	1	12	12	12	explicit	parallel	{'ok': 1}
1789544326	1789544327	71fbd43eef698c32ca91138adf583e79ae7e330f167fed1e125e8e08a2ad6d92	1	1	1	1	explicit	parallel	{'ok': 1}
1789544326	1789544340	288c8b3d22692845b839c858ae055bae74705e8eb1034b32818b171b23411930	4	29	14	14	diff	parallel	{'ok': 4}
1789544498	1789544501	76bc73ae8908f03a243b6e7578b7e72f502fef534e797e859f14d11280b996af	2	4	3	3	diff	parallel	{'ok': 2}
1789544682	1789544683	d98a262fc019531c9817516cd01d668653626da354db9c28e1f750ac7dd06d80	1	1	1	1	explicit	parallel	{'ok': 1}
1789544816	1789544827	090865c54b159ee9fa27fd609b7892f4ddbc796fe0ba44b756bde5c7eb18c862	4	18	11	11	diff	parallel	{'ok': 4}
1789545541	1789545550	cae3dda312a87e8a12ae8d663ba03dddfec0dee2448f1a606312c2d3c2e22fa9	1	9	9	9	explicit	parallel	{'ok': 1}
1789545566	1789545570	104918726be574df110de5d8a997a1219076cd0fa4427dfe42136bdc1e6aba86	2	6	4	4	explicit	parallel	{'ok': 1, 'red': 1}
1789546180	1789546185	f4c4ac862f638a9b9afee1c5325e25fc4c99b1eb72b26f19a7a1c4c37569a6b7	1	5	5	5	explicit	serial	{'red': 1}
1789546266	1789546282	0bb4243cc1b574e8aecfab0fd4d4750f157662c64ca1d362265d0214328f3b7e	3	15	10	16	explicit	serial	{'ok': 3}
1789546561	1789546721	e4c058b2ac85cc3574a36aa5b653ae39af56699dd4d608fe5133bf02bb4691e1	57	442	156	160	diff	parallel	{'ok': 54, 'skip': 2, 'red': 1}
1789546615	1789546616	a10506bfd830682abed80f76d8c02932f5e5b204319b03ffd0087428536493f1	1	1	1	1	explicit	parallel	{'ok': 1}
1789546974	1789546991	c25b5c1b894b1dc5872ad7ad092348b9346f9a08b55a2140b5227cd1de01e26d	9	32	13	17	diff	parallel	{'ok': 9}
1789547475	1789547484	4cc6f6e1bbef6416d0f7dd2e47a0dcb945d72989495fd6eeaf1897f9adbe7684	1	9	9	9	explicit	serial	{'red': 1}
1789547564	1789547574	c89eec3348db314f3c73ddca42edccc3cf5351b85fa26b90a65088f7ba8db130	1	10	10	10	explicit	parallel	{'ok': 1}
1789547590	1789547601	de522242cf92a480610ae35d1206e16893087d5503fcd2fabcbbc44d1681573c	1	11	11	11	explicit	parallel	{'ok': 1}
1789547828	1789547853	749aaa63e1eda79f941240820a5155342fda8969096efada01b4e24a0561ebfa	7	61	23	25	diff	parallel	{'ok': 7}
1789547938	1789548086	5d770fd79c5d484447a9b8e1e60141f1e4b701254b8641222ff1a2bc1455c209	1	148	148	148	explicit	parallel	{'ok': 1}
1789548342	1789548496	dc1bb48d7e19a2daf1e9b5f3858b52ee1f96fd0b701df410c1030ac7c379c4e7	57	400	151	154	diff	parallel	{'ok': 55, 'skip': 2}
1789548748	1789548757	a9449a74a86dc4a1c2993d20c6004da5485771840f5bb7d7478f40b4183febd7	1	9	9	9	explicit	parallel	{'ok': 1}
1789548789	1789548798	ab30bc90cda60d37581e8cd3a3b22d87551663257cf8a4ed1aec451397bf5a3f	1	9	9	9	explicit	parallel	{'ok': 1}
1789548901	1789548932	8da18582e7a8e075e67810c8e6030fc4e9e4f32d6025e080d93d6c1827c471a3	9	81	18	31	diff	parallel	{'ok': 8, 'skip': 1}
1789549079	1789549080	20b6823a13b4fccbfc29d35b1865635f009478d84f2ebef5b000bdd7262db860	1	1	1	1	explicit	parallel	{'ok': 1}
1789549257	1789549267	637c599bbcf27bd5025d720eaaceba456dd13765c861531373ed0b93ddd65de3	3	15	10	10	diff	parallel	{'ok': 3}
1789549442	1789549449	a9a92322a4edaf29cee9427a9f1e42f3f6be06213415cfbf932a52a4f86d499a	3	10	7	7	explicit	parallel	{'ok': 3}
1789549469	1789549475	74378a2fb2538fe5c34ec7c6cb9755afbcfd68544a4c2aca9a8d70a6680c129f	1	6	6	6	explicit	parallel	{'ok': 1}
1789549662	1789549688	d29425f3b61203f8ee2d0c40d67d4f3a6ab2ca91c5fd2cf9a9c8b3ea7b5cfbc0	13	71	24	26	diff	parallel	{'ok': 13}
1789550553	1789550563	12d50ff3a24c5b0945df50888ec58383f841b310781472f1a25ab49bc2ae8c12	1	10	10	10	explicit	parallel	{'red': 1}
1789550601	1789550611	5fa6f83c51b58b527e945811ea9f744cb8015667bcc3e8f3c476217db00a413a	1	10	10	10	explicit	serial	{'red': 1}
1789554927	1789554937	4d4255140be377431465419b52d8d7c275a0a7d97f35b8dcf6431f8df3b52aa1	1	10	10	10	explicit	serial	{'red': 1}
1789555010	1789555020	bb1056e0cbdaf0b6b7a09448baf6161f4741bef617fae3aa3aa9de0d3e57c3fb	1	10	10	10	explicit	parallel	{'ok': 1}
1789555090	1789555104	1f2990724e8ae9146ceb7debafd8ccd27a79781337ff09fbeb4aea9418f489a1	6	46	13	14	diff	parallel	{'ok': 6}
1789555337	1789555338	864dc3ef3662c464352e305fe4e09c97a24dd3bd6d1eb132bbce02645da7d711	1	1	1	1	explicit	parallel	{'ok': 1}
1789555530	1789555556	7d773fbe2f7ea49a547ada867896149587fbc030991a6933e28c1b47844a8ab4	6	46	25	26	diff	parallel	{'ok': 6}
1789555941	1789555941	06377faf05d29c691c1521efc6beeeb9050e53604dbb3abecda9bbe10e2d7ab6	1	0	0	0	explicit	parallel	{'ok': 1}
1789556154	1789556309	2df3bbdc282a40b6b6772fe32f04e688a486a7a815645915d87b5ee7aab9f71f	38	497	61	155	diff	parallel	{'ok': 38}
1789556837	1789556838	2d0a6a724b8da0b82fc794fd92e1143652060dbf87aa34198f288fd0bfabd428	1	1	1	1	explicit	parallel	{'ok': 1}
1789556854	1789556870	8453c5d0315811cf22072674cc120fe61267550c890615d9847ea968d821fb7d	2	17	16	16	explicit	parallel	{'ok': 2}
1789556888	1789556898	d5789ddfa18762736550b7b178015110365d254116b594dbe552a6fe92308f03	1	10	10	10	explicit	parallel	{'ok': 1}
1789557108	1789557317	0c4970af9bb8d019f0fb2fb77d83e0f100417d65db8677471cd1e25cfcd16603	30	665	110	209	diff	parallel	{'ok': 28, 'skip': 2}
1789557475	1789557485	d554e45648fb583fd4db62e4217da4cab582f238465348ff90e3907874baaffa	1	10	10	10	explicit	serial	{'red': 1}
1789558108	1789558120	273a2bd1f4c06194735e94cca36ae1560ad3fd921c1d803307be5cfa7981f9e6	1	12	12	12	explicit	parallel	{'ok': 1}
1789558411	1789558425	39a5525a948fdfb0ab7fdaa94070ed537d9a5fe47b95040f8476ebb927a08230	4	29	14	14	diff	parallel	{'ok': 4}
1789558648	1789558701	7e87b1069f90738cb75153d44f927650e235401056cc9078bb57cd0eb8f63a57	1	53	53	53	explicit	parallel	{'ok': 1}
1789558908	1789559236	0cc55a9b14428559d3d391552ab04c7b73775a6566a9fc7254c24b9b9a6896de	74	1263	157	328	diff	parallel	{'ok': 73, 'skip': 1}
1789559331	1789559349	58203219e3b42d0360c46294c805e8fd4858eaeacfe29287d75dd1ccab5fbfb8	1	18	18	18	explicit	parallel	{'ok': 1}
1789559501	1789559512	ce0b0f90f073302a1911deea71803ad5a58221df08443a896439adcc4de07b5d	3	16	11	11	diff	parallel	{'ok': 3}
1789559753	1789559755	8b42897a6054cd1d2d140d82b2663022b6d6d94fcb474b3716bcf5ace6ca3369	1	2	2	2	explicit	parallel	{'ok': 1}
1789559776	1789559788	d53a4b5106ccca1a22c3c0b0493cbf1507462702238b60891f9e7efb7a9670ed	1	12	12	12	explicit	parallel	{'ok': 1}
1789560010	1789560360	fd44737757e8d0ed5708e8d244348b63161b1a877b96edb0d430e04a6e4e1af9	75	1307	170	350	diff	parallel	{'ok': 74, 'skip': 1}
1789560717	1789560719	341a59b61f2de8f461b6a5eb251d9c5404f5b4c759bf0e0ca1188ca6bad0ad6e	1	2	2	2	explicit	serial	{'red': 1}
1789560914	1789560916	59c5b2adc3e3cb2152e085a166ed24aeac28dd2c52d1901147a9ed796adab332	1	2	2	2	explicit	parallel	{'ok': 1}
1789560959	1789560962	e0be652710fe23053e5ac0a37089cc7ed37b4d535ded5c2df7e530fc4048bcca	5	7	2	3	explicit	parallel	{'ok': 5}
1789560979	1789560992	18d96b7fa369c414f550879392665aa164d018c45bece2bfe3bc236498941bd1	2	25	13	13	explicit	parallel	{'ok': 2}
1789561038	1789561039	205521aa1fb3ba0543b8d958dabf91ea44d7c11dd246391690938bea952cef15	3	3	1	1	explicit	parallel	{'ok': 3}
1789561206	1789561461	dee372e2bd877cbe19c1cc326d39f2a4ecc062aef6d7fe2444683d4d8e6001e7	42	821	151	255	diff	parallel	{'ok': 42}
1789561545	1789561549	6f75c9fe521a0ecaa0b6702daab12425610cc9f655139974a7c3e34340f203c9	1	4	4	4	explicit	parallel	{'ok': 1}
1789561567	1789561570	c9e740ba7f230ac2521385eae8f5ca6e35d968065240730d2bfff6a2dc15efbf	2	4	3	3	explicit	parallel	{'ok': 2}
1789561810	1789561972	c5141a7b4b1b244bfad3e874e9c6b98958231cbfcc28c53f2f24658372b0e6aa	56	402	158	162	diff	parallel	{'ok': 54, 'skip': 2}
1789561893	1789561894	f34c0d13c980e5d2ed10fd664e96355e02e56790491e9cc350eefb822447a39d	1	1	1	1	explicit	parallel	{'ok': 1}
1789562100	1789562100	c1302e97b8a8ef0cc98396aac4bebd4217f8eeabdf9c44e4cee4692fb9343751	1	0	0	0	explicit	parallel	{'ok': 1}
1789563427	1789563428	eb1a5be29e910ae0d832f0e1a5925a30b1293c349b6326f09b2c68bb6ccde971	1	1	1	1	explicit	parallel	{'ok': 1}
1789563446	1789563466	c8597556d9b231e4ae844c5a71f5003739b89723a4d1ca8c949c2f4e5fe3a1b3	5	49	18	20	explicit	parallel	{'ok': 5}
1789563594	1789563626	c45b590b44c47f4551c7922578903dc27feec3cae251c4d0f3223d3c15cf4db9	10	85	19	32	diff	parallel	{'ok': 9, 'skip': 1}
1789563942	1789563942	7a667053eabef381ea3589262851f2abfc58204fad0d78060ab4fdd4e7a2d5a8	1	0	0	0	explicit	parallel	{'ok': 1}
1789564794	1789564795	3a1688d9cfc38dc647244ec4db420ef9bc2abb50f7decd440d74d51ef255ee54	1	1	1	1	explicit	parallel	{'ok': 1}
1789564935	1789565330	fff974d15dd4962ff59a5bafbb5fac4856506a8ff72735ac67f9fd5e92671b48	87	1506	161	395	diff	parallel	{'ok': 86, 'skip': 1}
1789565515	1789565516	648d881e1b56a643b71bd075757de78e45087311e61eff46ffbd0e22a5db238a	1	1	1	1	diff	parallel	{'ok': 1}
1789565524	1789565527	5dedfc379fc0db2cba86c222e4b25aa61191f9e697e3fe1c6dcdb1766e04306d	3	4	2	3	explicit	parallel	{'ok': 3}
1789565692	1789565709	1665012463cefc17b5649c8582ae5d2ee338de7f06e26c4e03976b58f117744d	1	17	17	17	explicit	parallel	{'ok': 1}
1789565707	1789565809	0c1b4920fc14423c49eadf2749affde1767c014a9500b1cbfb6d589f2cc1cfd2	8	229	100	102	diff	parallel	{'ok': 8}
1789566042	1789566054	894a23b45b40be9bc2459b2b2bfdca6c15ba62d2fcf671499b637772244c7d93	3	16	12	12	diff	parallel	{'ok': 3}
1789566331	1789566344	a9d12b6d82e7fcec1c886a796baa9ef2a20231de0417f975277b359bcca37f40	1	13	13	13	explicit	serial	{'red': 1}
1789566429	1789566442	b1b809ea97155679d3ac9de48d489a8ac746805931cd7373aa26272beb47156f	1	13	13	13	explicit	parallel	{'ok': 1}
1789566612	1789566631	9facdcfe51c8fae772f5efac94c84b726f241c7210ad7c5c45ab9e93a215338c	6	57	19	19	diff	parallel	{'ok': 6}
1789567111	1789567169	20b692f1bb2fbb505fa11366c015521ef65d0d1893fe4bcd9673c48a55108b56	2	72	58	58	explicit	parallel	{'ok': 2}
1789567344	1789567551	dbc0d0329570efbb2a7921f7197bb46c3e7ea121dbdfc9da09768b0c3fe9b339	36	690	96	207	diff	parallel	{'ok': 36}
1789567743	1789567781	40e3d12966eca1a3097a298e845aeb9102d2cdfb708f2fbd3d92cfa2f94f09a2	1	38	38	38	explicit	parallel	{'ok': 1}
1789569056	1789569078	86d58d00e39b1c6366fcfc27e5a20f3828a303348a42293811916530c8afa4c9	5	43	22	22	explicit	parallel	{'ok': 5}
1789569242	1789569257	ecccfe1f6950a81cfbebe07e1606adaf309c57a0c6c620be22aa3aa437617f08	2	15	15	15	explicit	parallel	{'ok': 2}
1789569278	1789569279	d6f33938f76811c7e93fcf6316d06bdc78b370fd6944788c731dabe7cfeb26f3	1	1	1	1	explicit	parallel	{'ok': 1}
1789569527	1789569553	cf412179c778b0cd69bbc36427e8fdf99725f6b1b36cdea849ab9e36a893a4eb	1	26	26	26	explicit	serial	{'red': 1}
1789569681	1789569706	24730a340c747e7abc96d53a4ea6704d2698b3595929f8958357acd785aca61a	1	25	25	25	explicit	parallel	{'ok': 1}
1789569881	1789570225	d8efd62c77714086a6c93def3e624cfc8cba7c1a5d2eca19fb558cd7efb63ab8	78	1310	161	344	diff	parallel	{'ok': 73, 'red': 4, 'skip': 1}
1789570362	1789570371	f4556856711bfd27b1ed84ab133927d7bbdb3b038fc237eae356a475a8d04422	1	9	9	9	explicit	parallel	{'ok': 1}
1789570574	1789570601	e783f0bf38b7bef448b86e9309fa72db2b17057f0980e20dc8cf13d13750aeab	1	27	27	27	explicit	parallel	{'ok': 1}
1789570580	1789570590	6da01e4cf2aa474d0a813f896caafc42f5ea3c67d651833a92c70a1ee30303cc	2	12	10	10	diff	parallel	{'ok': 2}
1789570617	1789570639	847631a4546f79fd4c2596f32d41f2ea91b9fe24119d5b74fcc99a8ee2511410	5	61	22	22	explicit	parallel	{'ok': 5}
1789570640	1789570667	911d2c5589b92d98fc841c036cd3c8387c69632920a350532342fbf6c8f968f7	6	86	27	27	explicit	parallel	{'red': 4, 'ok': 2}
1789570657	1789570680	fe86f61888415e6d9266bc86383cdd2ec7516f118c66a1dce3a5c3f1b7fc59fe	1	23	23	23	explicit	parallel	{'red': 1}
1789571132	1789571156	c5cb5cbc6d37921e6cf5acd4928b818b3c9a861bc4e4c138cedd0b171fe12dfc	4	50	24	24	explicit	parallel	{'red': 1, 'ok': 3}
1789571228	1789571240	dc4c91aa8f22ff538a905af5144d92a1dda4a6761dc6b573b64030f2da60e71b	1	12	12	12	explicit	parallel	{'red': 1}
1789571286	1789571303	6757fa76ae6ba232611158053eeeaf1184d676317d78bcf730b465703564e23d	1	17	17	17	explicit	serial	{'red': 1}
1789571398	1789571425	1b1866f602d04a0ea1acac3bd8eae6edfe4ffca99a76847cc2c9678fdbb8eb57	5	75	27	27	explicit	parallel	{'ok': 5}
1789571673	1789571679	15c575e24080717ce0e2ab68c331e1908b16f72de219a43dd89731c3dc1e9fe5	1	6	6	6	explicit	parallel	{'ok': 1}
1789571727	1789572123	1f03894a51e5814abcf92c5ff29e07c2d62044581d4475619edaa0eda24f7374	78	1516	184	396	diff	parallel	{'ok': 77, 'skip': 1}
1789572265	1789572276	29eeab25198f86f21bd1e08fac50d8cfe82cc12ee2932be66d6631c960b43320	3	16	11	11	diff	parallel	{'ok': 3}
1789572488	1789572512	28ec839969507f6ee8d508e2de047f584da0e1e86651764e2ecc90763567624b	1	24	24	24	explicit	parallel	{'ok': 1}
1789572619	1789572629	6bc944a8a4435c4e648d75cf3990aff03a945fd5a5a3666b9f80e39eb710045d	3	15	10	10	diff	parallel	{'ok': 3}
1789576362	1789576365	e0bcff9e895afe040b618ac708ae76582ba2804c542d5cbecc313ea68c3ddc4f	1	3	3	3	explicit	parallel	{'ok': 1}
1789576706	1789576891	4330e9b2eb6d8d8a54f09912e96e1dbef4668accf01c7ea0fd1993c4256ab552	48	646	181	185	diff	parallel	{'ok': 45, 'red': 1, 'skip': 2}
1789576877	1789576895	a2171f2fa8476cbde76c8ee52fe9157572374e72a8e8911038c93faf365151d0	12	55	10	18	explicit	parallel	{'ok': 12}
1789578139	1789578151	3f30ffaf3d27c6fe41179bf104e75663d6962508d4b957947939f0744e84aff5	1	12	12	12	explicit	parallel	{'red': 1}
1789578957	1789578965	26e68705031b5696ee178f3bf4e0a2a1278054891cf3e3d7561469c5bd80ffa6	1	8	8	8	explicit	serial	{'ok': 1}
1789579014	1789579016	2b420510acfe9fbd894dcef4ae050a69cdd8f447a88cfe3cf7a30a5e78b70a44	2	2	1	2	explicit	serial	{'ok': 2}
1789579049	1789579050	164db7f7815137f447542f61dc01b52d596c111d821d3af0518d9c12220f92dc	2	1	1	1	explicit	parallel	{'ok': 2}
1789579533	1789579933	67ed5688d4d6cb61dd5e41dfef4fb63afc051fdfc53265d524c171f43437e614	58	1160	245	400	diff	parallel	{'ok': 52, 'skip': 5, 'red': 1}
1789579944	1789579945	2069b536a3093c5662da631f8749a1d9ba10f9a83d72bb74732e9b4e28888c87	1	1	1	1	explicit	parallel	{'red': 1}
1789579957	1789579966	846aa6d3734cfb692442d7e15f9770bf24743eafcdc426b4676f4bcad32677d9	3	16	9	9	explicit	parallel	{'ok': 3}
1789580143	1789580307	ab022ad72cc00872fd35d42d3470f364fbec24e913f63fd0cdc55e8b156684bb	48	385	162	164	diff	parallel	{'ok': 45, 'red': 1, 'skip': 2}
1789580473	1789580474	c33f4c434869f5a6d6d062ea7edafc53eab32e372d517ad9d2abd9252e4923e0	1	1	1	1	explicit	parallel	{'ok': 1}
1789580560	1789580720	5e5c7b0938c40bc0a2a5e3a32632f09ee80277f1bd9d8c12b75967564f18f908	58	410	158	160	diff	parallel	{'ok': 52, 'skip': 5, 'red': 1}
1789580743	1789580751	bc48466924790bdad21758c698d2ff012f470a95e78db9534514110aca1618be	4	12	8	8	explicit	parallel	{'ok': 4}
1789580847	1789580860	cd9adf54703f663c111c086d75895fdaf648dc4bf74219eba5f82596f52138ea	2	23	13	13	explicit	parallel	{'ok': 2}
1789581068	1789581101	bb18b67073cf3c35699f73ca7f122c52cae161a5d44f2f288e05609b171f31f9	1	33	33	33	explicit	parallel	{'ok': 1}
1789581631	1789581790	5fd1fb38249a5be95957a246d5717c83ad1216ab14bf44ec038d4bad11eddcc8	48	373	156	159	diff	parallel	{'ok': 45, 'red': 1, 'skip': 2}
1789581637	1789581637	faa4225c78109ab12ba5428bb1b4df969e33392dc7bc3db9282bba1923a96b41	1	0	0	0	explicit	parallel	{'ok': 1}
1789582127	1789582128	0e6743eac7bf3b118ae5db3fd93a3139cfdf97bbe9d5ca02e74e2d728b180cd4	1	1	1	1	explicit	parallel	{'red': 1}
1789582210	1789582212	27f034b1ad95c62edd1f3d67917db555763799164a10f11203d70932863e21ec	1	2	2	2	explicit	parallel	{'ok': 1}
1789582216	1789582228	6160d4e9c0898eff68e150573f69c4cf179f379102ed5b2c76a3611003ebbe41	5	22	12	12	explicit	parallel	{'ok': 3, 'skip': 1, 'red': 1}
1789582254	1789582255	e6dc323d227d7484d78f01e206f1a43dbc8ca50b8c3de587d071ff0689c1dcc4	1	1	1	1	explicit	parallel	{'ok': 1}
1789582273	1789582274	471123616ac4c60567219b630ea7c8e4c4af60ed56ce0c80c0fa2a3a4f27e30a	1	1	1	1	explicit	parallel	{'red': 1}
1789582293	1789582294	61296e04c3c70256d43f58fee290ad8239b690281b6d675b8a28a4494b89e0c1	2	1	1	1	explicit	parallel	{'ok': 2}
1789582305	1789582307	51b419432d2926e7ffbcc8fedfc5e08c20951437aa10724e3700ec71efed3792	1	2	2	2	explicit	parallel	{'ok': 1}
1789582422	1789582424	709ee940d1cb35a55fe1a60898eeaf472a4b2089e2375463e7c512f65d564f02	1	2	2	2	explicit	parallel	{'ok': 1}
1789582427	1789582443	04672964c849bb488ce15f9f8bfd8cacf0aa6a8d23d06b95c12d5df1c2620a7b	4	24	15	16	diff	parallel	{'ok': 4}
1789582475	1789582486	6cb4855125d74f89626ca31c3003cc0bf59125619de3f9a61d28781735773740	2	13	11	11	explicit	parallel	{'ok': 2}
1789582988	1789582990	05c0d68a0d0b8dd6e62619b4c7e42d2ae54749301f4cdf1e070124fb01ee00ed	1	2	2	2	explicit	parallel	{'ok': 1}
1789583021	1789583024	db5e9b8f47c3523b6fd47711a0382566afe58f2c4e69f44835f5644a86cc5b1e	3	4	2	3	explicit	parallel	{'ok': 3}
1789583085	1789583266	db713fa0dd41cd855283ff37d06b87972bb0e63563d40394dda39810924a313a	48	354	159	181	diff	parallel	{'ok': 46, 'skip': 2}
1789583528	1789583539	ce2b95e1db960638e3f1a76d9b76286f69f310ef5f512ae04c578a0cef854f52	1	11	11	11	explicit	parallel	{'red': 1}
1789583682	1789583694	59e64d5622cc391e188a631c8c58e7f3deb462b40db550859c86e0cd9d9257e2	1	12	12	12	explicit	parallel	{'ok': 1}
1789583699	1789583700	8972ec6c649a28a514306680f3d67bcb1d78d038c53dc11ac462211abaee7aa7	1	1	1	1	explicit	parallel	{'red': 1}
1789583710	1789583719	3689ce71d635e44001905e9107521269925cf2b7d856ed8d4907830c0733510f	2	9	9	9	explicit	parallel	{'ok': 2}
1789583714	1789583724	faf26ade5a8f1a06a778cc1519e1b5ec27f65f970fab9d2a853a3777e7c5fe7c	1	10	10	10	explicit	parallel	{'ok': 1}
1789583718	1789583719	cb52cabd0098990b81d4f5da5754cbe6c32b71506c9d12e3ac493ae647055574	2	2	1	1	explicit	parallel	{'red': 1, 'ok': 1}
1789583763	1789583775	15138f1b10ca8f428fd8d7a4fc86d0de27786ff91ce4ebe9dcdd471a90e1c749	2	22	12	12	explicit	parallel	{'ok': 2}
1789583808	1789583809	89d9b09ae34610ef4e68c980274d1ce3f4c2d0f1eaf15303af046eb20b08e26b	2	2	1	1	explicit	parallel	{'red': 1, 'ok': 1}
1789583924	1789583925	71209c42658e3714591f836134d71dc8a40492b27285156c8ea9857e79b7e37b	2	2	1	1	explicit	parallel	{'ok': 1, 'red': 1}
1789583959	1789583969	f6092685aed8b0efc4509f21b14d3acbddd5e9d8aba31e5dd0d0670a82b09124	2	20	10	10	explicit	parallel	{'ok': 2}
1789583992	1789583993	c1bd0b1a74843635e4fcfb581e7586cdf6f3501b5c722f9bd12e8501960644d6	2	2	1	1	explicit	parallel	{'ok': 2}
1789583992	1789584207	74e73042ed148838d40f86c46077f613ed0c45fc65b07fa7e68b1779fb1f5e50	53	420	152	215	diff	parallel	{'ok': 51, 'skip': 2}
1789584421	1789584641	cccec127a4d3b9b65dd44d62fb09d8b09867ceadc6a9474d26f6237a9e1af271	50	428	161	220	diff	parallel	{'ok': 48, 'skip': 2}
1789584517	1789584517	6eb3b9cba55e4d8ab6035f07992d30b0e98cc2c0e645e082352fa2de9e517664	1	0	0	0	explicit	parallel	{'ok': 1}
1789584583	1789584589	69819c0077cfb0fc9542a8e757815805b00c7fc7c8e957bfb0827d5344652dff	1	6	6	6	explicit	parallel	{'ok': 1}
1789584674	1789584674	780b4fc916d159aaa3d27205a855b1aff2523b129c5abd7aab65735ec3492e8f	1	0	0	0	explicit	parallel	{'ok': 1}
1789584784	1789584793	2a3a4853cb08dd1c4c32650b0890ec2320807e80e26f1e86fa5c64623abde41d	1	9	9	9	explicit	serial	{'ok': 1}
1789584820	1789584829	5945d4c9e59c34171ef05a5da1c23cb73e3b5b7ceff81d3835a2c806da22d80c	2	11	9	9	explicit	parallel	{'ok': 2}
1789584933	1789584945	15618ee6cbbe1f7ad176ae75c78beb557cbf462a1cfcb8e2d5ab781b7cbb3cde	2	14	10	12	explicit	parallel	{'ok': 2}
1789584951	1789584954	ba2a9e070e696a909c241e8f7ce29f70e84aecfd546f4956f25e6088da1349a0	1	3	3	3	explicit	parallel	{'ok': 1}
1789585084	1789585093	aaef720e5822289cb9f5649fcf9fad58819536942876e5907d85524f21882c2c	1	9	9	9	explicit	parallel	{'ok': 1}
1789585284	1789585304	60ba9e4dda4217d8bcfb3575eb15b4181670218f2fe6f4f839027e87c9fe39b7	1	20	20	20	explicit	parallel	{'ok': 1}
1789585373	1789585391	637ae64762634ff0a95908dd932b55d6ecaa75a625f10937f2d8b2217fcf99ea	1	18	18	18	explicit	parallel	{'ok': 1}
1789585595	1789585599	e92ac6dbfcd11d89bd4c0872b0484c3dffaba7c0c8836a92bf919119b69f4548	1	4	4	4	explicit	parallel	{'ok': 1}
1789585605	1789585621	e112f2359e5ec05594e29a41125a466c6ac3215b549a7ca869ae22f820d70e4a	1	16	16	16	explicit	parallel	{'ok': 1}
1789585857	1789585870	5a55aa697c26d79b50f93ed9abde2ba7ddad024d99df1881f729acf1e85d6e53	1	13	13	13	explicit	parallel	{'ok': 1}
1789586097	1789586101	3ccdfc9c99eb14b38ed55ed6f28b6ef7b6cea5afeffb13525e41b6e316b67bfd	1	4	4	4	explicit	parallel	{'ok': 1}
1789586358	1789586372	c9c106f8a14cbdbb0bfd93afa0a2d530ecc1a19abf250cfc9922e9a1942cde10	1	14	14	14	explicit	parallel	{'ok': 1}
1789586533	1789586546	0ead2e5b0a187ee21de084ae5e628021ba2147b89149bbeb34c1dd6eb3b7fe7f	1	13	13	13	explicit	parallel	{'ok': 1}
1789587123	1789587124	68b2e26ca5e582776d62de19e1e7f5369a9727652d12d9a8aa473c391a38da18	1	1	1	1	explicit	parallel	{'ok': 1}
1789587148	1789587163	ec8a78b31b94ab46404db01cf00e3f4731026a5ef03548c1b491b1bf62da860c	1	15	15	15	explicit	parallel	{'ok': 1}
1789587191	1789587208	a9ad45e012c506af1161e433dffbbd945358b36f039ded3e1cc69571645bb7a8	1	17	17	17	explicit	parallel	{'ok': 1}
1789587370	1789587386	51ae0dd2ca4b14f03e01942f81266b75f990bd2b0ca9f8b28a936b4a3323642e	2	17	16	16	explicit	parallel	{'ok': 2}
1789588457	1789588512	d8d3477c7444abeb1156c84aa31b98d23ef452e3fd6aa13b54f86afc64e82cc1	1	55	55	55	explicit	serial	{'red': 1}
1789588953	1789589009	7ddfee98f894e8e728a57ff6d884327801beaab8ba2cedfe087d78ce75a14df3	1	56	56	56	explicit	parallel	{'ok': 1}
1789589317	1789589372	0a7a69bbfeda11b6fffa437f98e756c8fc7f412d67d39c85f1278a0d2ff4c279	1	55	55	55	explicit	parallel	{'ok': 1}
1789589739	1789589867	f6e136c9ccb8f469e249fef990c27b2614c49dff3f7a45583130267b4acae929	6	249	127	128	explicit	parallel	{'red': 4, 'ok': 2}
1789589890	1789589891	a0cf347a485179698112b083ea1dc5ce361680a57644437aba88345ce2d465a2	1	1	1	1	explicit	parallel	{'red': 1}
1789591213	1789591383	ea862743ea027e9713b47848a35896a694219e263a3005ad0679f905d6e3fef9	3	170	137	170	explicit	serial	{'ok': 2, 'red': 1}
1789591425	1789591426	e587847831b833733dbe80f421e22c3047f408fafcae2c71e21004af27324d5e	1	1	1	1	explicit	serial	{'ok': 1}
1789591542	1789591681	0f315ba4a58ff77ad021a58bda93c31183111ece614e79f0a5f3f982ace3ad30	4	180	138	139	explicit	parallel	{'ok': 4}
1789591578	1789591578	cf2fe6228eb1eeb9cec5fa485d2f0a14656eef6f81f754ab1e508fa37e8a0fab	1	0	0	0	explicit	parallel	{'ok': 1}
1789591706	1789591832	db38bfc00d100bc6376d210d30f48355eda2c4904d46e7a8455538bf942942b7	9	162	100	126	explicit	parallel	{'ok': 9}
1789591874	1789591875	d8440ac58dc21a6a741875f1114c167f7c7b0202d5824d68faa10f7d1ef894b6	1	1	1	1	explicit	parallel	{'ok': 1}
1789592040	1789592420	6a31a1b85d754cb7e9bc1912bc25a59e49b2fae3cf3530cc83dda77ef9fc2b1b	26	751	148	380	explicit	parallel	{'red': 4, 'ok': 22}
1789592480	1789592482	63ee2019c1541e47fe115d8433207796af72c0dcbf8c2baac791209c2d42b815	1	2	2	2	explicit	parallel	{'ok': 1}
1789592556	1789592575	e8c6ad6b34e99e2ea9843ac97019a712e8deac3dbc72147f7766331534296372	1	19	19	19	explicit	parallel	{'red': 1}
1789592599	1789592616	956f3d8905b2ad09da277b4d11a3e5e4e418630b2443850e781cf93b4801bb77	1	17	17	17	explicit	serial	{'red': 1}
1789592959	1789592963	bac6d15d5ce8c2dd93c484de005f7e42f186e5585ba2c9c5586b10143d2f2fc9	3	5	2	4	explicit	parallel	{'ok': 3}
1789593077	1789593517	629b02f3678c2aa1f583b1d019e1cfb87ecb5c3989f8a90ba85bc8bc7ff9db61	26	874	163	440	explicit	parallel	{'red': 4, 'ok': 22}
1789593424	1789593437	1c77c01ad6d60afeb03065d838d2abe819f34d6fd293ed5aef0c0cc5afd6867a	1	13	13	13	explicit	parallel	{'ok': 1}
1789593590	1789594051	319d5c5cf939f23fac769e4add1781b72cba1c07a6cbe225edfe839f240fcc93	25	915	175	461	explicit	parallel	{'ok': 24, 'red': 1}
1789594163	1789594181	71fc7220ce6023ea36eb6930d5df0c285e03a760c89deba6da21b37c9b7411d0	1	18	18	18	explicit	parallel	{'ok': 1}
1789594266	1789594735	abc200ae5d96b0b27f77d3909cd418e6cd2669ca4807081cd7b00bdf01ae8f74	26	937	184	469	explicit	parallel	{'red': 9, 'ok': 17}
1789594358	1789594369	3616e081131b1d335bdfdcd4e2a33d524dd8de2558d5c435fe6a3bce8e9339c3	1	11	11	11	explicit	parallel	{'ok': 1}
1789594413	1789594548	03502525a035be1cc88bc6ca6b6a421684b29ca5949534b77781a1c42605a7f0	2	243	135	135	explicit	parallel	{'ok': 2}
1789594417	1789594445	63d07f3d68697c7a2612843bf62191cbdb2534d7f67cac9a5501e32181f657f8	1	28	28	28	explicit	parallel	{'ok': 1}
1789594590	1789594715	c12cfd735c5b8eca1783ad674c4072dca4162f284eb7d1ca69cdd766f787b139	9	227	63	125	explicit	parallel	{'ok': 6, 'red': 3}
1789594806	1789595198	ccd43beab3e74e032a85067e33ea38c9652f0de589c18d551ec91ccb6d66f119	25	776	147	392	explicit	parallel	{'ok': 24, 'red': 1}
1789594917	1789594929	e0ac178704c8328b535c1c6fdd41af52c55f8ed6041d1259a1e36aefdba5d6db	1	12	12	12	explicit	parallel	{'ok': 1}
1789594950	1789594967	f7dae6e9b9cb700375e95112f3625b13ea9f7ba163a02080a7439611fba49e2a	4	22	13	17	explicit	parallel	{'ok': 4}
1789595121	1789595194	a9119cad08559755b4fb9ae2c753c8644e36606c807ce8533363a9dfb20aa468	1	73	73	73	explicit	parallel	{'ok': 1}
1789595246	1789595269	45f72b54b3f3e3c86e9ffb88d3c1c5f2c64fd09d442168f9f59b04d4f290532f	6	33	17	23	explicit	parallel	{'ok': 6}
1789595258	1789595431	5ff974d7257ccee38654eb1659701959d4fa44df28815718bf6c0e035bfdb582	3	243	139	173	explicit	parallel	{'ok': 3}
1789595269	1789595282	dc2064e690dce983e08b0e84a252ba8f57d962beae6906e19544ac8bdbf6b67a	1	13	13	13	explicit	parallel	{'ok': 1}
1789595544	1789595562	7000c4f4c92dcc813b3ca950ad2a4f7f2cf547d8d14bdf859f833d0d8880363a	1	18	18	18	explicit	parallel	{'ok': 1}
1789595600	1789595623	8dce61db51838293664df64ad15f573a4b8b737b8a783a8ce20f9fca09a1895c	6	34	16	23	explicit	parallel	{'ok': 6}
1789595641	1789596058	2eb75d2b2dabcd35d03069546153600ff897b8ea779750a28940a042e9c77906	26	832	153	417	explicit	parallel	{'red': 5, 'ok': 21}
1789595775	1789595816	9d2ba4df13121a330fc691ce755a5831528a68bc15ac4956e19861b682dab034	1	41	41	41	explicit	serial	{'red': 1}
1789595815	1789595902	94ba3404171619644177e3de743ff4791b050688654524994f01fd247c663f94	10	159	38	87	explicit	parallel	{'ok': 10}
1789595929	1789595972	0ce8c826844079dc0749deec2dc4b9327efefee7354d895e845186d4e730c9e7	3	60	27	43	explicit	parallel	{'ok': 2, 'red': 1}
1789596128	1789596588	a4f8626a0db4a11b2f0789740b0dc6521d71aaea9b9bec74ef0e7938b8fab9f6	25	912	170	460	explicit	parallel	{'ok': 24, 'red': 1}
1789596151	1789596172	0d1d80cdd214022522586d8668bc98eb60b07e99ce9c52860956b1423b32c700	1	21	21	21	explicit	parallel	{'ok': 1}
1789596668	1789596687	468e78eff691d6e9e91a08ab35d443d3769e83acc8de8d440eb22345c0ba90f5	3	33	16	19	explicit	parallel	{'ok': 3}
1789596840	1789597272	faf099c4d811729d96eac7fcb913a65ef24c2c67230fa28a5d973971119d7967	26	852	163	432	explicit	parallel	{'red': 5, 'ok': 21}
1789596924	1789596936	26b540a176a6d9d39b4f4f4550f5ebd71aaa09376edebb1953bb0d85f430fdda	1	12	12	12	explicit	parallel	{'ok': 1}
1789596957	1789596958	76dd4963df3a943423fe2eb480944e112aeabd8c7a81ad9eb05ea708e2210f09	1	1	1	1	explicit	parallel	{'ok': 1}
1789597208	1789597211	7b67aa3115ecbde416721db4e6af6430abbc44c73be22bfad9743d11689039e2	3	4	2	3	explicit	parallel	{'ok': 3}
1789597342	1789597840	e0c34d333c8f749238fd59ad9588256c81744e47535105bbfd0d636e89b73e32	25	989	191	498	explicit	parallel	{'ok': 24, 'red': 1}
1789597380	1789597412	267fc0cb7164069268a5b81e734902446fd2d94ea11252a9909c012c0eaef10f	1	32	32	32	explicit	parallel	{'ok': 1}
1789597726	1789597749	eec0e6ee0eb559753aca59168acb199ec8e7e3bbdfbec0f6f3d24d2f667a6385	1	23	23	23	explicit	parallel	{'ok': 1}
1789597931	1789597954	71631eaf66bec58c1ea6fb069f8c48f4a3d10adf0c5d5fd87f1c240ae24e8938	1	23	23	23	explicit	parallel	{'ok': 1}
1789598031	1789598042	90aad7c754e36fe88d871fb547d7d2040f99c5a91c79d4646a1d0eeef52c5e1b	1	11	11	11	explicit	parallel	{'ok': 1}
1789598126	1789598129	20e8efdfbb27cbffac376003f615478ba32c07eee9e874762a48ab6c845731bd	2	4	2	3	explicit	parallel	{'ok': 2}
1789598286	1789598304	c5fa59cfab3fa612ce5a95e926dfde372625ed81815323a6886485e5e43f4d14	1	18	18	18	explicit	parallel	{'ok': 1}
1789598405	1789598424	f038c66b67ae439233ed25529c122e10581770bdb3adf55defd01191a018d502	1	19	19	19	explicit	parallel	{'ok': 1}
1789598497	1789598984	c5d5c3fa94afe7d41ff4f73c0f7ce9a1496c672d07e87926312554ff2b84b662	26	964	171	487	explicit	parallel	{'red': 5, 'ok': 21}
1789598517	1789598997	d27bbf84b939291221648738e9c3354265746c8a6eb2b59957b8725228a13478	25	949	166	480	explicit	parallel	{'ok': 24, 'red': 1}
1789598766	1789598780	4af4568f44b2e0dae68b962b79ea2fe79f869dcdf590cf487e1a11fa0c36ebcc	1	14	14	14	explicit	parallel	{'ok': 1}
1789598980	1789598995	f0a67b058dddc1032a22dcc2f129805d2f3d364d51a055fbdd58338b5d32e880	1	15	15	15	explicit	parallel	{'ok': 1}
1789599052	1789599450	df393015d744dcd6079c1a3d8aa940b6c6de55d983c83df7a18e0c097114c26a	25	786	146	398	explicit	parallel	{'ok': 24, 'red': 1}
1789599105	1789599119	41497c0a05c59e8b3919dae6c50a1755bbbdea93930002ebb3a68701a9034f25	1	14	14	14	explicit	parallel	{'ok': 1}
1789599152	1789599177	20a7682042f36ffcb539a760bc1f5d551de86e4d742c6e9c4865390a02053040	5	46	20	25	explicit	parallel	{'ok': 5}
1789599221	1789599224	9e6a778be1b81924208ef8452f0503a61d017656010220715993f92b1ed6bcb0	1	3	3	3	explicit	serial	{'red': 1}
1789599244	1789599256	f3e11b046e62cbe201b5af5a8a720b6cadbe240d8b62da4887993102817b8d44	1	12	12	12	explicit	parallel	{'ok': 1}
1789599428	1789599431	3fd3dc6e00e64c06907760bf82bfdb98fb01b8a04bbe2c7a9e4f077612979f01	1	3	3	3	explicit	parallel	{'ok': 1}
1789599451	1789599455	1cb5e597600fd14916572864fa47fec8b9478d0fddd82843075d1759db12fe4c	1	4	4	4	explicit	parallel	{'ok': 1}
1789599483	1789599484	189a5399af07f6e9f1484c9423b883068529ebf59e8476e6e27d4e2bb1a3bb91	1	1	1	1	explicit	parallel	{'ok': 1}
1789599495	1789599506	06d4dd0501c1bf3b28d755424fae67c3aa42a69689456a40d52271262db00bec	1	11	11	11	explicit	parallel	{'ok': 1}
1789599608	1789600920	2222caef53e24ba50647388f5e20dfa76074ec6cc7e5b16312b4d233ab1a6862	313	4820	206	1312	explicit	parallel	{'ok': 256, 'red': 48, 'skip': 8, 'skip-req': 1}
1789599655	1789599659	d09705f0adc6b13a416983e146d2db14e01f3c65a5b4f978e4c4cd4cc4dcad37	1	4	4	4	explicit	parallel	{'ok': 1}
1789599742	1789599754	38937638dd53842cf6f3317923321ef20dce61844914df499c2c4cd05d024276	1	12	12	12	explicit	parallel	{'ok': 1}
1789599749	1789599750	871dd37d465db07919923da68a2c9f6bb9342102632186cd39f13bb0a7e3b2f7	1	1	1	1	explicit	parallel	{'ok': 1}
1789599837	1789599852	7be5a82cd0cb13fafd3582ef24b974b9ad459c2f763d2c5505047f9bb5c7559e	1	15	15	15	explicit	parallel	{'ok': 1}
1789600000	1789600003	952db49c4e44f4ac0b9e58fcd86bac3bcc3e6e12c988ee3315ad4986118bffb3	2	4	2	3	explicit	parallel	{'ok': 2}
1789600010	1789600032	f6b895c50b7407c770192ac50a6f74d5cce9d8b2bd3f20adf2aca9c39799993a	1	22	22	22	explicit	parallel	{'ok': 1}
1789600037	1789600040	2bb63c618f7d7c88f45a3408a1a3e46407292538d6314b6af8633f2744b8a701	1	3	3	3	explicit	parallel	{'ok': 1}
1789600131	1789600161	2009376defd419a8a26d383c41983edbb61472f8e3aeee09300b7992f1b21cea	4	52	24	30	explicit	parallel	{'red': 2, 'ok': 2}
1789600224	1789600225	98b53b58f6ce6a2573ab6dc02e1e945cf8eac517fc7e70210dd42f6afc4ea9d0	1	1	1	1	explicit	parallel	{'red': 1}
1789600307	1789600315	c989155e068db24ee02eb82d5555f398eb8415cd4dcc8173b847099e98ec7c20	1	8	8	8	explicit	parallel	{'ok': 1}
1789600425	1789600431	944b2791bff09752a5b14d77d09e5ba60f29b58ebf0d24dc2eabfae577bc7c36	1	6	6	6	explicit	parallel	{'ok': 1}
1789600532	1789600562	49e263838de578d028e8d5b97dfd5ebabf9e19c6b1723109734473297aa67f86	2	31	29	30	explicit	parallel	{'ok': 2}
1789600533	1789600538	9881084ad884cec360ff303b9e0b7d50dd6cb2ed41f34528133116ef7ef423d7	1	5	5	5	explicit	parallel	{'ok': 1}
1789600678	1789600682	998bad684c834979f6a231ceb89274e56416d3ec399deb807156624f536ffba2	1	4	4	4	explicit	parallel	{'ok': 1}
1789600943	1789600968	01bb04cbfb982445ca74e77492a9b7b7272098d78c0ecc6db0eb08e7f7a61054	313	11	2	25	explicit	parallel	{'red': 308, 'ok': 2, 'skip': 2, 'skip-req': 1}
1789600959	1789601433	5becb23b4071871ab15c4aa0cd90038744f15da1e86aef103b511f54a1cae765	26	933	191	474	explicit	parallel	{'ok': 26}
1789601684	1789601688	839bd66dd7f7452e8fc5e9bb296ab324f18adc7609b7a575eb2e8f6b915a2c3d	5	6	3	4	explicit	parallel	{'ok': 5}
1789601777	1789601802	4db5f9275fc4e3fcd02ca60bc6c6394ed2012236b5312d0bf85c7527db9de898	2	42	25	25	explicit	parallel	{'ok': 2}
1789601873	1789601901	c4d490d713153b4003a9a050fdf9c6ed943e9d6958698bde84cf79bbcdf4552f	1	28	28	28	explicit	parallel	{'red': 1}
1789601912	1789601914	acdf86415ae0a2a2068044689b4af48aafd364fd3ef3b310a2c57ef68bd83338	1	2	2	2	explicit	parallel	{'ok': 1}
1789601937	1789601945	1cf422593db2575dd83984fc083964b7e9036aaa6030215832739755c088f469	3	15	8	8	explicit	parallel	{'ok': 3}
1789601937	1789601953	35b475a300d352ef930b3ae6d317a9073166aeb0742dcf5ae733592ccceebb16	1	16	16	16	explicit	serial	{'red': 1}
1789601993	1789602012	76aefcd9d1d9c93726aa8107bfa4ce626af2ed2031ae5037fb49050aad8d89b9	1	19	19	19	explicit	parallel	{'ok': 1}
1789601995	1789602005	7cd90277d8f84a46253bc61a6643e2c51f80e10913092f2c2259c9634ee0f820	4	18	8	10	explicit	parallel	{'ok': 4}
1789602218	1789602220	ef884f50582e1aa31a6b0fa5f51674cb3e3218e86629809af22caa90326e9f23	1	2	2	2	explicit	parallel	{'ok': 1}
1789602445	1789602461	437b062c6f9a6d4aa8d57f47907696019d628c3c267fd39e15fa418589cd5caa	3	19	15	16	explicit	parallel	{'ok': 3}
1789602511	1789602534	b52155bafe2bd03adafbdd8f908fd9a05f336b0a66341b5ad70c72fbaee0cef9	6	26	20	23	explicit	parallel	{'ok': 5, 'skip': 1}
1789602569	1789602572	3e29e601cfcd0ec6a77f60eac20c67273a957e3ab39bf437c1eadd227c265361	1	3	3	3	explicit	parallel	{'ok': 1}
1789602788	1789602802	88713a9bcc68e26609cc6105cfb59965bc9ff7df914428dfe4c8cda967fed6a0	1	14	14	14	explicit	parallel	{'ok': 1}
1789602823	1789602844	daa2870c201c33a541e0cb7f0c502396347da33536f9226e26f76881dc9a4eae	1	21	21	21	explicit	parallel	{'ok': 1}
1789602841	1789602863	997f48f6e21d5598e2711808808dd0a475280aa0b68475e9dbb428e8dc6a9ec0	4	26	21	22	explicit	parallel	{'ok': 3, 'skip': 1}
1789602864	1789602886	eb29c93329ea6fed07ed278d4aa8c94f82e87461e390ee1409fcd9087e53bc57	2	42	22	22	explicit	parallel	{'ok': 2}
1789602906	1789602907	f9bb24c7a6254b483b9f88dbc9932d0f66cf29eea9328264a9d291b6bed9a55e	1	1	1	1	explicit	parallel	{'ok': 1}
1789602959	1789603003	3a11d4f6815e25cd177dfbe6c098b0336ed1bc4b3952ca287b209b72055887b8	3	71	27	44	explicit	parallel	{'ok': 3}
1789603162	1789603183	6eae3211206069b227c305e224005d1c7fbf1186bb7275d0d6a7f76489705422	1	21	21	21	explicit	parallel	{'ok': 1}
1789603170	1789603184	2053502e034fd40d0045ed136132842427fe7058d2d16dfd500046c2fa10a8fc	1	14	14	14	explicit	parallel	{'ok': 1}
1789603207	1789603257	8caffb87f43798f8129f5d048e52f31cb68ca6ff8426b6e9ddfaba5c082d5bb2	4	76	26	50	explicit	parallel	{'ok': 4}
1789603384	1789603403	eae188be13cf07293965669b86199a7666637a2656c68e461951063994571bb1	1	19	19	19	explicit	parallel	{'skip': 1}
1789603436	1789603437	ca863849e828ad1e0e38f169889f5c1ba702c429d9887a22abb9139006318bfc	1	1	1	1	explicit	parallel	{'ok': 1}
1789603463	1789603505	5c573541b6a5579c643b758b1551cab170014ddcbafd32a4d02264d8cd0ed739	3	66	29	42	explicit	parallel	{'red': 3}
1789603547	1789603569	1e45d4b42e862b97ad80c7b17e26797a15cd90f154ed599170bc810a445d4f7f	1	22	22	22	explicit	parallel	{'red': 1}
1789603660	1789603660	5b1221b15757efc1a09d81ab0fce6e180a8595ea0cc29d84266fbfa9b94ef829	1	0	0	0	explicit	parallel	{'ok': 1}
1789603661	1789603671	c1d5eb0d6428773d4fb83c6654746dc4394d1c3124d337f0b943b7ce34a851d2	1	10	10	10	explicit	parallel	{'ok': 1}
1789603692	1789603698	e405dbdd58403057ffdef0b07a7ad5d82f5c134b49762d788ead693f6cf1af44	2	8	6	6	explicit	parallel	{'ok': 2}
1789603755	1789603766	05d82dac4b497719fda4cc99e9f38fe4c1d3e0afc568394301e0da54c4174031	3	20	10	11	explicit	parallel	{'ok': 3}
1789603902	1789603915	27c70aa20afe117470092a42ab5090890508e9c8d516eb9e275a29b7b534a5b0	3	20	10	13	explicit	parallel	{'ok': 3}
1789603950	1789603953	935066f80e03503e4726a44d054342748f5064d24c7eac73f646ce900c5f3e7a	1	3	3	3	explicit	serial	{'red': 1}
1789604029	1789604047	e9acb34a8ba3fbe56b3e9d46bec0ec31e6059a9d8005283a3f839fdf14f0aff9	1	18	18	18	explicit	parallel	{'ok': 1}
1789604078	1789604113	9bb2e4714bb47b7d8bb24747653c15d0690c6790d03a212caf0f7e626a968c34	1	35	35	35	explicit	parallel	{'skip': 1}
1789604231	1789604232	735519254f70616fe9e0a22dd6f590661a0a4920e29a04f72b23f2a3e8a5a94a	1	1	1	1	explicit	parallel	{'red': 1}
1789604295	1789604300	de5fe806c1e74d2e48e7d67892a531e496d63e80444937a79876e3b99646e504	1	5	5	5	explicit	parallel	{'ok': 1}
1789604305	1789604309	1e4a2235c79eb86b2b91b9cc35b5c6280c14f6f6a5cdfe77bf87506097bd85f8	1	4	4	4	explicit	parallel	{'ok': 1}
1789604331	1789604342	44b451a948169472601c0efed22263e40c80497ddda8627ee8fe0b6a37c01978	1	11	11	11	explicit	parallel	{'ok': 1}
1789604364	1789604369	5f588b53e27b735575267a8ae6d62919908181a779d974a591df6a196858a55d	1	5	5	5	explicit	parallel	{'ok': 1}
1789604511	1789604514	fcd243748fe90e7dd0566d81ab1652046fac523ae2ff8d5baaf3eb2a049fefdc	1	3	3	3	explicit	parallel	{'ok': 1}
1789604529	1789604532	fdbfd84d2371be885ab17b0d35932c379c64f7cec24b6506a3cc39bf425a5d65	1	3	3	3	explicit	parallel	{'ok': 1}
1789604549	1789604550	2e679c992f720a80144a9bb453a2bacfea495a77e034d183272cac6589a2b051	1	1	1	1	explicit	parallel	{'ok': 1}
1789604599	1789604603	260cc370ca2928a4b3ace653ab746f0198a8bd622e08590ca21fc3b4d70d9bef	1	4	4	4	explicit	parallel	{'ok': 1}
1789604654	1789604666	3122145bed15530d5540616c6a1180499049b58d288ed01ecd7a16c24ad442e2	2	13	9	12	explicit	parallel	{'ok': 2}
1789604695	1789604706	0e8064a6ef02a9f009c382afe9c4d15483a0b80040d0e780591dba8fb0302608	2	14	11	11	explicit	parallel	{'ok': 2}
1789604751	1789604754	7cf36e36a2d17c9253533e49f3ddc3555d820abe5d3239e8e74e5570efea92b9	1	3	3	3	explicit	parallel	{'ok': 1}
1789604956	1789604965	1030a2de19482b0d2b38a3058318516a8c8549d404d3f6088b98757a38579d02	1	9	9	9	explicit	parallel	{'ok': 1}
1789605165	1789605177	2f70c6f3235df4264bea4dd1df127fc1b411c6ffbd70bd4ac6a10ef3830dde7a	3	16	10	12	explicit	parallel	{'ok': 3}
1789605380	1789605381	5b0e3a5767b48f23309ea7918fa2ba3c2a0d6794cee333e382453dbd9e7e0408	1	1	1	1	explicit	parallel	{'ok': 1}
1789605391	1789605404	d09943bf3124d56bbf36e1724c1bdeae2f520d9abd924d8f7977a99651524876	1	13	13	13	explicit	parallel	{'ok': 1}
1789605396	1789605397	5ab06cee3b21febc709268cfa8bc6a0929b89b594676c4c7a344dbc4eb5d6fff	1	1	1	1	explicit	parallel	{'ok': 1}
1789605420	1789605422	23f2c97a22ff5e93edecc487b8bb5fb43ea6e0959b505450c894ca0ec3b0f88b	2	2	1	2	explicit	parallel	{'ok': 2}
1789605460	1789605461	968c84e43bdb7a77c71a05efef4150ba155f3b12286d72ac91859532c11f2c0b	1	1	1	1	explicit	parallel	{'ok': 1}
1789605580	1789605581	9c69ff205bb1842e277dc215e57b33aca876135dca48a7c0537d829fc62e9292	1	1	1	1	explicit	parallel	{'ok': 1}
1789605649	1789605653	efbba72a9260ad73b17ca08ccc6564517ca53441a4a046c49e2f5ea1a4b78863	1	4	4	4	explicit	parallel	{'ok': 1}
1789605751	1789605752	1cc1ae89e4a8e6d737ce41635ec332bc024558575b3ffaeb02b58f888851217c	1	1	1	1	explicit	parallel	{'ok': 1}
1789606161	1789606172	89ed808ba5851f9b3f87dd8ec8f8b19c2053bc4f973e89527604cde8ff0f5ec0	1	11	11	11	explicit	parallel	{'ok': 1}
1789606219	1789606219	09f9c1eb7d6b3bf09327a1724a57765ab064cc63013b6739f1bd91524a371244	1	0	0	0	explicit	parallel	{'ok': 1}
1789606420	1789606421	835869f0a022c24ee726d23c1cf84e5a1b9124d4d90733178906eebd72bc62d6	1	1	1	1	explicit	parallel	{'ok': 1}
1789606755	1789606766	ece95eacc0bed5fc4d25e598f550c24794b49c2f7f1e0d8482e489e379f46c4d	1	11	11	11	explicit	parallel	{'ok': 1}
1789606869	1789606876	e780498493bc6db0090002e9d71986f718eca6ce511b5b03fa5a8ea87edf0e4a	1	7	7	7	explicit	parallel	{'skip': 1}
1789613256	1789613532	c429d85fe1546aeadc3f7a9c2c2f4e602f3d642aa68a25416c5d11790e723fa1	72	546	147	276	diff	parallel	{'ok': 69, 'skip': 2, 'red': 1}
1789614183	1789614200	d46d4a03443aa0f12d3642ee46f34e2e119bd7490b90a1de5da651ae16b7876c	2	20	17	17	explicit	parallel	{'ok': 2}
1789614386	1789614403	3708d1afe0080d7a42c9a7fc14ae953b2e1add67263a18156298834300295832	2	21	17	17	explicit	parallel	{'ok': 2}
1789614768	1789614768	8892447b921fbfc4c78b2f30c0327b16581c97843ccae27b9612e1ef998cce37	1	0	0	0	explicit	parallel	{'ok': 1}
1789615033	1789615033	b09e23e3cd90e2f1d37c9185c199dc82a2f18fdc5f550a36b39e15344c308fa4	1	0	0	0	explicit	parallel	{'ok': 1}
1789615716	1789615733	457f6dc92a25cc1109ab3082f5f6e611ac61adcaa1e77b972e971783e5ce41ad	1	17	17	17	explicit	parallel	{'ok': 1}
1789615755	1789615769	1566cf13038be566fb2fb79f0764c8f3881df528d66800b25ce86c5244b18a28	1	14	14	14	explicit	parallel	{'red': 1}
1789615784	1789615801	2ec9e774a4fd49bea7aa03b2de841d41f5d2a293de0f1f2c4dfe3a0120c48582	2	27	17	17	explicit	parallel	{'ok': 2}
1789615953	1789615956	e56a30499e7dc57b8c98d3138680cc9e45787ce4bd2b7a2cec61ea26040fd24e	1	3	3	3	explicit	parallel	{'red': 1}
1789616135	1789616155	1789616124-427933	1	20	20	20	explicit	parallel	{'red': 1}
1789616526	1789616544	c74bf707142caa014edd8ae37fc13512ff8a9946ae240a7d7161b8fdbb996b1a	2	32	18	18	explicit	parallel	{'ok': 2}
1789616565	1789616584	3bcc7cafe159a388170349d883a281d89c77e5de351090923393e0e8f55092d9	1	19	19	19	explicit	parallel	{'ok': 1}
1789616606	1789616645	8e6fb2c633e991820141b0f5ffcff15812c2c460e26f5c7545fc2a65fbb3bbda	3	61	38	39	explicit	parallel	{'ok': 3}
1789616685	1789616723	93336ff505c609dd2e68d5e1eefb21eddc8c02aded556985dfe1e2de08fa17cc	8	72	17	38	explicit	parallel	{'ok': 6, 'red': 2}
1789616695	1789616756	aa1d3597aa54d83fca26b1affbdb0df664f51f38a9c29c54e00597e420e50918	1	61	61	61	explicit	parallel	{'ok': 1}
1789616832	1789616850	f5326be23346af431741f64b5475bdf4561ce79a210c86ce9959112b211dbbbc	1	18	18	18	explicit	parallel	{'red': 1}
1789616874	1789616903	1377dc25df4bda9be2dff50d244b9ad6be8bd2870af85d7855aa12288e9ef2f5	7	56	17	29	explicit	parallel	{'ok': 7}
1789616877	1789616881	f44170323ccf615fcd707b341272196b7425f76a04a0ba2d7056e278767224b1	1	4	4	4	explicit	parallel	{'red': 1}
1789616912	1789616973	fed8d732c4f868cee379005c0bd2f0031dc6b5729326d67804340637ec210ace	1	61	61	61	explicit	parallel	{'ok': 1}
1789617101	1789617606	8f724a28ed65be223bca6ea155fd1f68b628c4e0924ceb891db87642d65d5167	15	505	124	505	explicit	serial	{'red': 15}
1789617151	1789617192	8a977af9b6ea23807607ae0b574adf460c36951c8146fe8cfcc582c46977b7e9	3	60	26	41	explicit	parallel	{'ok': 3}
1789617651	1789617677	cc116e1aa260ada89add0e3b11cdaf5b2b4aeea28e77f1fba49acd92f4c984ee	2	26	16	26	explicit	serial	{'ok': 2}
1789617692	1789617718	8278b6e5a98cd4be4fcd9368e4fcca542d1feb64c3c56a17449ded9fbf3c7b63	2	26	17	26	explicit	serial	{'red': 2}
1789617742	1789617772	587740c4ed2a42eee0a92e850a00376e64b77c9effcaece2668feb2e116a3efc	1	30	30	30	explicit	serial	{'ok': 1}
1789617776	1789617780	b08b3154fda733a64b49bc4336ad958a1ea47cb2664c1449647eb03e29dd4ba6	1	4	4	4	explicit	parallel	{'red': 1}
1789617788	1789617819	0be023765c4a3c4e032d1e8a9a39976e5073ad3e728bd82d751f986e2868a2e7	1	31	31	31	explicit	serial	{'red': 1}
1789617835	1789617863	0068aab6196fc7fb131ef2538eaf282048dd001f830701c477e37be26c955321	2	28	27	28	explicit	serial	{'red': 2}
1789617879	1789617907	e7c4f61329e49a3ec2d6558f4e3c023c14e1c3cdf3c0a8ea731b7a1638829d6f	2	28	28	28	explicit	serial	{'red': 2}
1789617934	1789617953	d059925efd41137172a1bac615cb2325c1cfe6a26e6f5d6aa769bd3354c437f7	2	19	18	19	explicit	serial	{'ok': 2}
1789617969	1789617997	af34e7f03fe2bb651e28a44eb2588a91119d499372ed9a651d73d87454ccd571	2	28	27	28	explicit	serial	{'ok': 1, 'red': 1}
1789618451	1789618511	8427d6bed5779324d2dbce6d2f85ad02f3bb4963ab0478a4f6724174d997eeac	4	60	31	60	explicit	serial	{'red': 1, 'ok': 3}
1789618484	1789618486	22ccd923de85fa035312ec01d0fdc678342147a1725324c5b5a8763d67d5f136	1	2	2	2	explicit	parallel	{'ok': 1}
1789618563	1789620772	a058cfb3e64dbceb80c1a9175f7c7a3dc492592c18b196c4ec81437d92143d37	331	4391	174	2209	explicit	parallel	{'ok': 314, 'skip': 16, 'skip-req': 1}
1789619164	1789619212	0ce922605c925f25af98081aa5ba82ee0e430e8508a03b1bbf7352de3ba2e1da	2	66	48	48	explicit	parallel	{'ok': 2}
1789619740	1789619803	c6e254851024023feaddf5fc57c4f6e0cac3dc5187ec5e459bdd26c7f5846544	5	106	22	63	explicit	parallel	{'skip': 5}
1789619773	1789619781	5ab63acefe2dc6cafdcd35e888ad7ab6cd4570d73826f88a6aa9f3a0ea024d3e	1	8	8	8	explicit	serial	{'ok': 1}
1789619905	1789619911	7eaac62db8b4d9fe2e70ba9c7f27b36eff55b0dc7d64ffaa0d29a1f7b95893e9	1	6	6	6	explicit	parallel	{'ok': 1}
1789619958	1789619964	4580a9799692ff4fc6cc39f06068b4e53b03e2901efcf8a10b0ff3a10335bb21	1	6	6	6	explicit	parallel	{'ok': 1}
1789620285	1789620292	8541a67414df9fb77d6b1cda997765465c2c22ccaf083ec1bfe571fc3e5d32f1	1	7	7	7	explicit	parallel	{'ok': 1}
1789620807	1789620847	f230a556cca37cbdcc3867c0be32da68a8fc98e76bf51db38d6dc847ee02a904	8	67	26	40	explicit	parallel	{'ok': 8}
1789620935	1789621120	eb657fc824ab6286fcb9effa539a2d0198bb3c1299bb0b20a2d43ca9407a4843	3	184	124	185	explicit	serial	{'ok': 3}
1789620957	1789620958	f06ac413a5ee586ef30ec40e8de2ceab46c0654a282144f47b6e5710e1600909	1	1	1	1	explicit	parallel	{'ok': 1}
1789621164	1789621264	e37cf8e99f719279a67c508dc9bdadd0783ff4c693b70804f709c276604643e0	3	192	100	100	explicit	parallel	{'red': 1, 'ok': 2}
1789621324	1789621695	7ccfd09c18c2d32edb6e1b7bfb27e3e557d1659911abec33179492923d90b39e	12	730	168	371	explicit	parallel	{'ok': 12}
1789621781	1789621798	e2917f6d8340690d77bfee57f76959bfc80576c38ee2daf007e2c9efadae831d	2	29	17	17	explicit	parallel	{'red': 2}
1789621999	1789622000	d29bb3f87c70b286178fc27fc6910e7623ca94c4ae05f96c29d613433b168e41	2	2	1	1	explicit	parallel	{'ok': 2}
1789622169	1789622235	c4bb562e9193cd001e9e0775caf448db84d9c10e52902966e6ef36144bb6345f	2	88	65	66	explicit	parallel	{'ok': 2}
1789622279	1789622301	62144b8062a7bf137dbf3d23afc3b0c2f583338635e33326fd9b47c2f5692f37	2	22	13	22	explicit	serial	{'ok': 2}
1789622624	1789622637	93b30a67cfa0ca841c3eb572e105beb23f49bacb0727e3cf3051c2bd6b249e7c	2	22	13	13	explicit	parallel	{'ok': 2}
1789622658	1789622728	a181238f00eb2ea05c095f41bba6466fd0787175d7877b3c56bb1ce5a230d0fe	8	134	53	70	explicit	parallel	{'ok': 8}
1789623039	1789623100	5294e35a46ba9a39b2cada45f3fcb0433dda14ec5c1554e1b0a65f48a4450135	1	61	61	61	explicit	parallel	{'ok': 1}
1789623312	1789623368	fb00a025068a0773ddb2dc83c1a09059a5ef02e552ef7a955ec5e76230191719	4	66	56	56	explicit	parallel	{'ok': 4}
1789623642	1789623687	8a7f8c58a551f713a0de385ba6c21d397aeb04e21f201f09e924693ac6076b1d	6	88	31	45	explicit	parallel	{'ok': 6}
1789623709	1789623730	8cd27cc32b0fef70959a126d839001ec6ab398abf6109c8f7a04b2525daf7dfa	6	34	21	21	explicit	parallel	{'ok': 6}
1789623755	1789623833	06fc6c3c45ed2f259a19687234ad8459ccca63b2740b44db763f6a7ae90d434c	3	94	77	78	explicit	parallel	{'ok': 3}
1789623872	1789623887	7f53825bf9aefa49d47f9a9babbd6810e26e6fe3fd6167112803aa042c1f73e4	1	15	15	15	explicit	parallel	{'ok': 1}
1789623993	1789624023	81a34958ebc5c38cf0aa04c97df31a4a78478b2f63656f15bddda89b21d417ae	4	33	30	30	explicit	parallel	{'ok': 4}
1789624006	1789624018	3cb42e08a9e6759551efcb9ae7780363ff9442fe7ba366cf4ab609f8e82b4ba2	1	12	12	12	explicit	parallel	{'ok': 1}
1789624046	1789624255	9b74f69be45d92f34329c3a479ac46c74a44fd56a751a65b9db64148442b576c	5	395	140	209	explicit	parallel	{'ok': 5}
1789624427	1789624810	d0f88cde2d56042fbe7e5a4e3c676489e2edb4c1a5cb1d8345e186c309373981	16	756	156	383	explicit	parallel	{'ok': 16}
1789624811	1789624832	b2214475bfbdf1c64395ee91252c42d4672d6a0a65110b2afbf30ff1372c8092	1	21	21	21	explicit	serial	{'ok': 1}
1789624852	1789624875	491caddd1430d90d7bddcbd28973eea890ddc5720e645ce4d89829b1058a1cca	1	23	23	23	explicit	serial	{'ok': 1}
1789624895	1789624915	854a6d4d8a89cbaf74662d313e5f170a1b07355dce093c01c405db4cafe8d416	1	20	20	20	explicit	serial	{'ok': 1}
1789624955	1789624958	95b643d172fcf8f3b5baf4164d0716b483dfae285e06220e5a51e8ee3069379b	1	3	3	3	explicit	serial	{'ok': 1}
1789625156	1789625201	5bc3d37c6a4d94eab83f26fffed141219de36de1ce2579d9a2ea95c6ad6451c6	3	75	30	45	explicit	parallel	{'ok': 2, 'red': 1}
1789625270	1789625314	ab3e63fce57de6a1e2e23eea81a64e765c81b134d8a7875c75ed7a860127eaae	3	65	23	44	explicit	parallel	{'ok': 3}
1789625558	1789625588	28dc09454adc9a0287f1d0bf808a6caa724467a681aaa222826b12bb58696bbe	1	30	30	30	explicit	parallel	{'ok': 1}
1789625759	1789625815	2d1254eb71f454b4607300b02c9e70858550e34e162eb1d1ede79b529e76fc4b	3	94	38	56	explicit	parallel	{'ok': 3}
1789655120	1789655147	d32aa26cc9d9e8c20d262c8463bc2a21ab2302f72d35a2f8fd6efd15d45d5377	1	27	27	27	explicit	parallel	{'ok': 1}
1789655595	1789655699	1c5baf0c986b765e099f7c1dba7cf1e6bc5b410abd50b7605762eed60101b7b0	2	118	104	104	explicit	parallel	{'ok': 2}
1789656732	1789656796	091a507960929a72de96aa42f4b8fed6e4c116bf0131f93efef5d582709d5347	1	64	64	64	explicit	parallel	{'ok': 1}
1789656966	1789657025	2d9e5cf348eba38c0b873f196a3e79d8d06d22c672dd87111407faf9d078a312	1	59	59	59	explicit	parallel	{'ok': 1}
1789657147	1789657149	a81ee3872a2f30b2b424da85ddd26911640c13ebc8249e555a357a46cc8a9ada	1	2	2	2	explicit	parallel	{'ok': 1}
1789657370	1789657389	a14ea21e9f91fc233b23a687a0f9f3326f73f68a0fb07be2b77bb934fb9f0677	1	19	19	19	explicit	parallel	{'ok': 1}
1789657516	1789657520	b5a4b0500928f60e34ef7993df887f55cfc9b3feafe64f9070926234a23bbe50	2	5	4	4	explicit	parallel	{'ok': 2}
1789657578	1789657601	92396a2361d84a130003ad4d1b3198c99ce3f27f1941eded6cfade9a4fc780c6	1	23	23	23	explicit	parallel	{'ok': 1}
1789657679	1789657695	bdd6a4edcb0e49e2430a690659def88afc44e13b41e697812c0e9877ff304b60	6	26	14	16	explicit	parallel	{'ok': 6}
1789657748	1789657749	4c81dd818288a87156d59d9af37c4437208c449a33819e9f9d6e55a8247bfa5e	1	1	1	1	explicit	parallel	{'ok': 1}
1789657939	1789657961	2353f9bacf3114e3b2ae83f967e691c70d647c6580a9a8adeacfa0802da726eb	7	31	14	22	explicit	parallel	{'ok': 7}
1789658728	1789658744	6151a5754dbae0b0e8f4845af4fb7c97dfd83c4cc3e3b8eece529bb032a4c7ae	1	16	16	16	explicit	parallel	{'ok': 1}
1789658900	1789658919	34544ca1e38f0cb4c83b8267cb36c3923f7afac58cf820cb2263c82ceabd9a4c	1	19	19	19	explicit	parallel	{'ok': 1}
1789659028	1789659064	dda05d52012a9333e92e440b393c47146c53b83da4f10c287b780286b2316575	1	36	36	36	explicit	parallel	{'red': 1}
1789659231	1789659232	3db33aec27092e9f110d8e00c130676791b297928e7e61c2c48570778430acb2	1	1	1	1	explicit	parallel	{'ok': 1}
1789659570	1789659601	3660bc6cd8fd7bf6817a6b55d661c37c2bd71402d0e7fb3fda57776371f95ec0	2	43	31	31	explicit	parallel	{'ok': 2}
1789659729	1789659763	1ab31b2445639441052a082247e4157f42cb634e3575ec933a94a51f9c8b7b78	2	47	34	34	explicit	parallel	{'ok': 2}
1789659952	1789659964	856f5c0371b89b41072724146d30ea88481829f81d45c33b3c0fe703cdd38746	1	12	12	12	explicit	parallel	{'ok': 1}
1789660449	1789660476	e043646e96038d941043f456f3cc0c06c7dea10f12429ae259d3afb3ad6624d3	1	27	27	27	explicit	parallel	{'red': 1}
1789660543	1789660558	a07044f3c8340ef6b91b82bae490d66c94969f7dc25c24d8ebb91b3c0183e8e8	1	15	15	15	explicit	parallel	{'ok': 1}
1789660543	1789660594	ea5195c7a90e0928c78f53b9a403bf23959f073b69d2c03a40baa1a078b55673	1	51	51	51	explicit	serial	{'red': 1}
1789660707	1789660746	34aa681fb48d345a522bf95a0b75e5cb6228a9f47e356136e4942bd35739e880	3	67	28	39	explicit	parallel	{'ok': 3}
1789660763	1789660798	797f4ef1639acd79252a1783b3703db07c9344648f5fda25f9f04dbe6c3cd7d3	5	61	26	35	explicit	parallel	{'ok': 5}
1789660786	1789660825	d599755179b0c7397b53a669c418da9a5e23fb931e31f2ec02dd6869863bdd41	8	74	20	39	explicit	parallel	{'ok': 8}
1789660822	1789660919	b396d7a483c4294b7d35aa6f2d641c739c9a1cbea19f2276ff476f8c85cef682	3	118	97	97	explicit	parallel	{'ok': 3}
1789660997	1789661018	0067eb4be66bfe1a6bc442ff70193e4d312a019c272fa44fb7e1596861ae70d4	2	37	20	21	explicit	parallel	{'ok': 2}
1789661123	1789661124	5f9fb76caa4c6701b7c6b1c6998b65daa89d4a310fa6a767cfe1d57da685dbd1	1	1	1	1	explicit	parallel	{'ok': 1}
1789661875	1789661906	218e04af8af71cfe5a40fafd1fffe003460070a2e6acc377a3e4f9f82c68ae48	1	31	31	31	explicit	parallel	{'ok': 1}
1789662099	1789662164	27613114dea6ddced7be6a579abc2a038e174dfbfa01cb7cb28818164f9fc40e	1	65	65	65	explicit	parallel	{'ok': 1}
1789662165	1789662195	88387b2257067881af93b9203a96d0e432effd0bf1d0b343381e3600b688ac4d	1	30	30	30	explicit	parallel	{'ok': 1}
1789662756	1789662776	6bd4f113fc37434a3876a05536fc5240077beb78164cccda11c28e0745e3df1e	1	20	20	20	explicit	parallel	{'ok': 1}
1789662902	1789662903	70811768a15ac3410e2d3d977d28dc5215ffe80316373bf099068b54802a623c	1	1	1	1	explicit	parallel	{'ok': 1}
1789662963	1789663338	057e3fde073f009e7326a67f77648950e1835a4c2e82555faf8c60b1a250b350	16	741	148	375	explicit	parallel	{'ok': 16}
1789663384	1789663385	a80cfc1ba97d5f4240882f8e62f1e54aed0130cff2ed1aab4081ef3ce781c7dc	1	1	1	1	explicit	parallel	{'ok': 1}
1789663507	1789663526	45269e06000ce2d83a4f1529807a1e14f14180165ee9ddc7d340498c146bb128	1	19	19	19	explicit	parallel	{'ok': 1}
1789664063	1789664079	900991da305d22c8cf703973d9601d655ee85a5214c30be1a708e10b665bdfa2	1	16	16	16	explicit	parallel	{'ok': 1}
1789664102	1789664140	f1baee4d9d5e448bef0445ee8b632cd8a8747ea7db3d7a22f41bf8b7ea0f34ff	1	38	38	38	explicit	parallel	{'ok': 1}
1789664162	1789664187	d03a81a08939a8c00664abeda9d3f6177303d270c0b4c65fd855030eff66b3bd	2	50	25	25	explicit	parallel	{'ok': 2}
1789664548	1789664549	dc38570781b4498f73b295386f668420a861f2e3d81c5e675020f3a28a8374b7	1	1	1	1	explicit	parallel	{'ok': 1}
1789664581	1789664585	d072dc16425f547ff4c240f055d08602f13c9a669529b4e18f85969377b1a291	1	4	4	4	explicit	parallel	{'ok': 1}
1789664997	1789665001	d1a487da69dccadabe105a600c37e6ad58e777a08227dba86129846c0bd9a9bf	1	4	4	4	explicit	parallel	{'ok': 1}
1789664998	1789665048	6a038475ed1c711c2331203cd1ecc28d1ee32f0061041bf444a706869d2e869f	6	91	41	50	explicit	parallel	{'ok': 6}
1789665050	1789665055	561a045bc6aa1bd410391d6ab3d5ef900a8412204004080ffc5a36bc89b27dad	1	5	5	5	explicit	parallel	{'ok': 1}
1789665507	1789665578	bce4f13caff66d5e0b0cdbb2e808773bce872e179d2a2a4e4d4052a0349f9b55	2	119	71	71	explicit	parallel	{'ok': 2}
1789665647	1789665648	3db7cc1597cd55f75a8b862a4ca1cabcc39ab8a4efe471a516080555c325e727	1	1	1	1	explicit	parallel	{'ok': 1}
1789665673	1789665685	bdb197b7e1066d3a5350f2bf310b07ccd21c5a8860931b1df49c40312e0eb11e	3	13	11	12	explicit	parallel	{'ok': 3}
1789666200	1789666236	cf8913bb6939c2e1d0865ca0570f1f4dd43745faef5d269fd92147d5974a99a1	3	58	22	36	explicit	parallel	{'ok': 3}
1789666218	1789666244	c000d97b10fa57d87ff43d7d5117b5edced8a6ac3cb1dede14b24051dc4e86a0	1	26	26	26	explicit	parallel	{'ok': 1}
1789666267	1789666312	cb3e05157c7dcb9f8204ad07e4bd40941a424a41643ada336fd0a75b22b8fd68	3	68	45	45	explicit	parallel	{'ok': 3}
1789666297	1789666350	3fec1758db125f18b8ecb360649e36fee69b703dfb1b27cc0c683bb8342912b5	3	84	32	53	explicit	parallel	{'ok': 3}
1789666451	1789666554	13834bbf3b7d48bacf325ad99bb6658aa0dc00fae4dd34c9b8193afb00c895d0	7	162	55	103	explicit	parallel	{'ok': 7}
1789667272	1789667284	e58ee363fde025d58fd430a12124bf2f2325f2a1e8d5f0bdc41a31195511dd17	2	14	12	12	explicit	parallel	{'ok': 2}
1789667661	1789667666	771ddaa76f7b889ba4fdbe860da49210d92a7ea3f28d42d3d1678ba425d78dc9	1	5	5	5	explicit	parallel	{'red': 1}
1789667723	1789667728	0f2b720892b741fc7af0ba3c570f9dc2064b696dfeda95435c4d296c28fc25cf	2	6	5	5	explicit	parallel	{'ok': 2}
1789667770	1789667775	d64c94af536e4a9a023a255f6776e2aca4e0c0100e1b251dea75a0d13aebdf7a	2	6	5	5	explicit	parallel	{'ok': 2}
1789668102	1789668213	77c60c448ca1b955d01f1bac283a6453e29d3af5d6c5678493f8cca1a8812f24	8	174	52	111	explicit	parallel	{'ok': 8}
1789668117	1789668150	5c5aa0ba3c721e3fa653a196739e0f37a756ae1fbb46c34b95d0e0208c9f87ee	1	33	33	33	explicit	parallel	{'ok': 1}
1789669578	1789669593	ceb71c0fc7a4e9678a2c41d4a6b5f21466b894218d2b75db121b4fdf23cf9ab4	2	22	15	15	explicit	parallel	{'ok': 2}
1789669778	1789669905	16a37111496969c8dba6d56b51de18593d6a853d2dcac0a907cdd1c72fe60b8f	9	209	56	127	explicit	parallel	{'ok': 9}
1789670752	1789670772	5541a21a277810abaf3433956aaa588d0606f7e5239b4ec9572e1907754790ee	1	20	20	20	explicit	parallel	{'ok': 1}
1789670780	1789670794	930cd5af354840276c32880dc73632e8de038442e626c7205145551023a427c8	2	23	14	14	explicit	parallel	{'ok': 2}
1789670799	1789670821	80646c0243ae699004e5ea53150dd05cd1f653f24c136827e7e68c78ad7082e4	1	22	22	22	explicit	parallel	{'ok': 1}
1789670995	1789671038	f60905a7973a70441276e7bc514dbde4ca60927eea05205b3d6ad1d0b1043735	5	71	20	43	explicit	parallel	{'ok': 5}
1789671193	1789671213	f5c9052992e3398eff1a2bdcd2717de499198755e439ca9b709538648e2defb6	2	20	14	20	explicit	serial	{'ok': 2}
1789671248	1789671284	ebe4a26fc25eacd5ec035760c0ae8154cf2dce09adb1786d09814dd0f2f4b921	3	36	16	36	explicit	serial	{'ok': 3}
1789671270	1789671271	ceee6cbdeb0e75a70073a35311d65bc7e79029701a321e8d97bf1ccb1ea9c146	1	1	1	1	explicit	parallel	{'ok': 1}
1789671789	1789671917	87b98abc4c0f73a74db7e50b44b7d806d28eefa20e29304633c262cf78dccf38	12	210	58	128	explicit	parallel	{'ok': 11, 'red': 1}
1789671991	1789672094	ef6b541114c626388a6b769310ba1d5e5c18e410cc8d560638c57095136c14b4	10	159	56	103	explicit	parallel	{'ok': 10}
1789672275	1789672381	23da0980bc28e89da604db62bddd6bf4915e5fc1da7955ef242fdd793c042776	8	173	51	106	explicit	parallel	{'ok': 8}
1789673457	1789673477	f6f76284891a25b350974c139e17ed630e97043da7add1bdfcafeb2cf96645d1	1	20	20	20	explicit	parallel	{'ok': 1}
1789673537	1789673549	3d214c3549445c666abdee067218895fa8211774f4b573f9390e768b7099f8b2	1	12	12	12	explicit	parallel	{'ok': 1}
1789675540	1789675561	5536bbb071adfbc3f2fc2283c00918ba34dd0a1a1e5601b4f22dfcdbd991ab76	1	21	21	21	explicit	parallel	{'ok': 1}
1789676810	1789676811	b405a0dfd3703e468a9cdbfe9259ae4f8ae7a7200c7f56c6c8b21add0230b79a	1	1	1	1	explicit	parallel	{'ok': 1}
1789677722	1789677724	6f2415a8293f97da52c8111978cc1bc090cc15ffeed00cd0d49f504fcc9b8afe	2	4	2	2	explicit	parallel	{'ok': 2}
1789685391	1789685498	bae512cfb6a052f7e1b6a224fcbca060f599cffa66599182eefa68821cd53bd7	10	166	52	107	explicit	parallel	{'ok': 10}
1789688432	1789688451	5eb63b8eaec00678a3a408c4414a88ab030c120508b5f897239bbc9b19dca6e3	1	19	19	19	explicit	parallel	{'ok': 1}
1789688767	1789688786	8b26d2cec507482af01b3b6eb0cd00c5e69208ab724b203b1e29fc8603e08bfc	2	27	19	19	explicit	parallel	{'ok': 1, 'red': 1}
1789689003	1789689022	f10b701a0966528ea509f811d29f5b48a1ddb86a6913ef64aac8dd46caa60a54	2	27	19	19	explicit	parallel	{'ok': 1, 'red': 1}
1789689087	1789689105	1e25fefcebf905ea9743926cc938199bc6523f7a98bf75644b92974007351d22	1	18	18	18	explicit	parallel	{'ok': 1}
1789695394	1789695413	e13c274db901ef583f2f8e02d1c9c0d6de2f9f340ed0e639d5776df36e86e4b2	2	27	19	19	explicit	parallel	{'ok': 1, 'red': 1}
1789695480	1789695499	656f482d9639e932ae3dce7d009bc56ca965777449eb9ffd2f906b6893c224d0	1	19	19	19	explicit	parallel	{'ok': 1}
1789710143	1789710144	9ef5294907cb77a88793918b606a641233bcc663c85d87be39d2ee581f7bd706	1	1	1	1	explicit	parallel	{'ok': 1}
1789710167	1789710168	eab90406891f1ca7fa656414c9f9c4072292667e6a41c4929cabc40da932c06c	1	1	1	1	explicit	parallel	{'ok': 1}
1789710213	1789710230	9bd65557119568fec9f30181958ccc6705029075c088e9616cc878c419751219	2	32	16	17	explicit	parallel	{'ok': 2}
1789710530	1789710536	43da3f13c81b313ca4425d78ba30b684c2d0a8296c3e4fc7c4a8de4193420b19	1	6	6	6	explicit	parallel	{'ok': 1}
1789710905	1789710905	5863f77bd469328717a9cb2894b403dd98cb4bfe1a96db6d1cb319b49d49028d	1	0	0	0	explicit	parallel	{'red': 1}
1789711180	1789711192	0ad8a6e0bea94466b9992b7e36e278c6586536940aff9f63f3bd5dead6653b01	1	12	12	12	explicit	parallel	{'ok': 1}
1789711214	1789711251	6df37db02f0d6e6c4bae94a5bb16b5490b429354f6adea13e3ca32738359e315	1	37	37	37	explicit	parallel	{'ok': 1}
1789711579	1789711592	0c608cce14a893270c910fe9007268d9822d5bb5e0115b6ed991cb63a746c305	2	17	13	13	explicit	parallel	{'ok': 2}
1789711894	1789711941	0d163b75e8fbebb7827280983e51401c6dc90f43f9a5f5f2608525bca83bee99	1	47	47	47	explicit	parallel	{'ok': 1}
1789712121	1789712122	8fa84ae26cbdb7da292e97bea7594280f91c1fa5f8c03a9606f641368b31df1a	1	1	1	1	explicit	parallel	{'ok': 1}
1789712144	1789712148	5794810dbc20a1ce988214b812bdeb17f6e281f36d4105c4ccfcca66fbb4486c	3	5	3	4	explicit	parallel	{'ok': 3}
1789712679	1789712680	15914a97f7c65f7765411d9b12b15e59ac3f8ed7aabd8bb46f9c8b9cbd6a4e6f	1	1	1	1	explicit	parallel	{'ok': 1}
1789712702	1789712704	e206fbeefeac0370e67ae783ebc502296866128443c99b46741c3d3f1825dcfe	3	4	2	2	explicit	parallel	{'ok': 3}
1789712787	1789712788	0721460b3b49311018e6c6ba06e3069fdfd16593ce53723045e9affe9d49253e	1	1	1	1	explicit	parallel	{'ok': 1}
1789712963	1789712986	1299c2d67940828c137af0248d02621567342ed09d484c6762018a3b394db3be	1	23	23	23	explicit	parallel	{'ok': 1}
1789713010	1789713125	60ffbd7f3aeb9ed2913a3caed0c4d09ab34817e272797a166d49408d38a3ad63	1	115	115	115	explicit	parallel	{'ok': 1}
1789713029	1789713030	bd3db32d474414bcba950483562a0ece96bad73e67e1553f9f1dfaa7f7dfbeb9	1	1	1	1	explicit	parallel	{'ok': 1}
1789713356	1789713357	0f1d646d9ad636cf5f094349a7d09fb0cc4f2e851d6e3e3e844de612fbb20ade	1	1	1	1	explicit	parallel	{'ok': 1}
1789713503	1789713504	236fa9c22001b45753e9487b451479eb57214e70508cf9b55aa9ed8fe0832884	1	1	1	1	explicit	parallel	{'ok': 1}
1789713632	1789713639	f410e2e159f76592604d8cb0987a482cd958d100e76767425527737052ff1a6b	1	7	7	7	explicit	parallel	{'ok': 1}
1789713661	1789713676	e5503253ab6126048486d8e5ee81be5dc3c85e9e02ac822a94844204cef0442e	1	15	15	15	explicit	parallel	{'ok': 1}
1789713868	1789713870	5d9d6d618389ba15cd19056ed35b6795235d4f1cb271ba711d9181a0da04a84c	1	2	2	2	explicit	parallel	{'ok': 1}
1789714085	1789714086	d295f774de273c209764d7ca34b4c7942f674d858654753dfb30e78644bdf2ca	1	1	1	1	explicit	parallel	{'skip': 1}
1789714282	1789714282	c905e99ea1aa3c288c597a35033bf54df2d159f2ceb484a5c48950eeb9395655	1	0	0	0	explicit	parallel	{'skip': 1}
1789714354	1789714361	64fce4b9e867d767968afd6725544d11b14ab34236f097fa68bba994867941c5	1	7	7	7	explicit	parallel	{'ok': 1}
1789714801	1789714808	46995c2afac05d664ab45764a3be70292383a08cb94252329208d5ebc5491376	1	7	7	7	explicit	parallel	{'ok': 1}
1789714889	1789714902	163cc3fca96d6918bb8807093bbcb6228fda0566f5b4f4099d6906658c18a092	2	23	13	13	explicit	parallel	{'ok': 2}
1789715059	1789715059	1789715048-1713040	1	0	0	0	explicit	parallel	{'red': 1}
1789715067	1789715067	1789715056-1717172	1	0	0	0	explicit	parallel	{'red': 1}
1789715106	1789715107	1789715096-1727444	1	1	1	1	diff	parallel	{'ok': 1}
1789715703	1789715707	58d03fcf7957eafe6884abbe957f62d783f3159354a1ebb38fe5a673cfda77e1	1	4	4	4	explicit	parallel	{'ok': 1}
1789716194	1789716207	256c28e5bd6f34ecae8016b2dd4277e25eaa0e6239bb67f10df5705141ea7963	1	13	13	13	explicit	parallel	{'ok': 1}
1789716360	1789716363	163770fb4376fd47824699083fea6581eae9805e2c2ddfb1d1d42751292abb23	1	3	3	3	explicit	parallel	{'ok': 1}
1789716385	1789716481	b3fec71f51ba3fbac9d12baae7274107929d6e85ae8dca89aca06d395ca0ffc4	3	146	96	96	explicit	parallel	{'ok': 3}
1789716388	1789716417	2452d360287afb9f12fb733b8e1f292ab3a5ebd9579d7a269f97c2f6a24d1e58	1	29	29	29	explicit	parallel	{'ok': 1}
1789717496	1789717511	822675d556e6182b13632395bf2c19cc7a94e46d73fa5f8306d2255959b02ebc	1	15	15	15	explicit	parallel	{'ok': 1}
1789717534	1789717538	4bb734bfd26bbbfbc5893e83f52b172fc9f00e6244e2f2307e03742cf9a0d5a5	1	4	4	4	explicit	parallel	{'ok': 1}
1789717593	1789717603	43b6cb751f0dc2b37d85473b7ddb52581b0186e4dd85a9f59ef1226d409a50d3	1	10	10	10	explicit	parallel	{'ok': 1}
1789717628	1789717642	697139034daafa4e545424491e3ccdb9021ba128115cc685dbbb4cef0aa406a2	2	25	14	14	explicit	parallel	{'ok': 2}
1789717728	1789717754	8b76f2c6033a8f213fd3a3e8d2714cdb8d1ff7634f34453121c1cba0c82afc0c	1	26	26	26	explicit	parallel	{'ok': 1}
1789717832	1789717834	07eb22687b1c7934db49de89015752073d293c12b758c3e1e899ac81fe857fa9	1	2	2	2	explicit	parallel	{'ok': 1}
1789718160	1789718178	006128657a2fa6588ec7caedce2937cef9fa7de2d3a3e4a0b6f0158732cfd34a	1	18	18	18	explicit	parallel	{'ok': 1}
1789718419	1789718420	fb6b61414904d39cf95da5b2f2d94e4b1635e553a8c29491b6da54573a5bc02b	1	1	1	1	explicit	parallel	{'ok': 1}
1789718778	1789718792	82551bcf9f348b4ca356e541939fc29eb3f6aae8167cb3c447d833aa1c9b3944	1	14	14	14	explicit	parallel	{'ok': 1}
1789718789	1789718789	c4207b744a19f8639065168c6ab42ec3643f55019d697a2a7598e8dd4f98c666	1	0	0	0	explicit	parallel	{'ok': 1}
1789718816	1789718818	a9f804705f771c46f37e662820848b179750ab85d19b47a0d4811b2da83c6f53	2	2	2	2	explicit	parallel	{'skip-req': 1, 'ok': 1}
1789719529	1789719531	9acb6b4da1566434d3a78b0d7ff99e1f0da7fe347da153773fd1b3738c3abc89	1	2	2	2	explicit	parallel	{'ok': 1}
1789719573	1789719573	8137a0577adddcc08f063a14f17d5f8161f7325c027ae8e73a4fcfe81fef6931	1	0	0	0	explicit	parallel	{'ok': 1}
1789719620	1789719623	d773cf0a985124cc0dc80ae4bb1ce907f862e19dd652b1f63fcd2a5a4f877231	3	4	2	3	explicit	parallel	{'ok': 3}
1789719950	1789719963	60ebfe8e0811980385b3d1ef2bfe34448b10bf810ba9580911444972755fdbc4	1	13	13	13	explicit	parallel	{'ok': 1}
1789720218	1789720230	d050c6a52f8003de7650d3897884a2022d38e1fd5d90101e7c745b1e883e17d4	1	12	12	12	explicit	parallel	{'ok': 1}
1789720792	1789720806	f38fcee76bc8de205c6687321fc9f9d0073ff244992d0de8325c886eadc37723	2	21	14	14	explicit	parallel	{'ok': 2}
1789721476	1789721477	70bdbe824fc7319db6eb878faf146fe65e567328d9909d1a76dc784a86f2d407	1	1	1	1	explicit	parallel	{'ok': 1}
1789721638	1789721647	efa2cae5681dfeaab5f5502ed4d75b442e299939d5e7468b635e730368b4ef67	2	10	9	9	explicit	parallel	{'red': 1, 'ok': 1}
1789721771	1789721781	94fbef2e2b26257c68da6db015d1a33604e754738544095f83c041cbb7a41c5b	1	10	10	10	explicit	parallel	{'ok': 1}
1789721867	1789721874	a36191b826b2c7090520e29d8c25c16b1e7c4953498f592168f57d8656b4e676	1	7	7	7	explicit	parallel	{'ok': 1}
1789722254	1789722283	50d9a72166d300e058627ac081cb1da0ac43580dedbc8f436b5efd60b0fd7cb9	1	29	29	29	explicit	parallel	{'ok': 1}
1789722702	1789722726	e60ce11cdb880636bb911b3cbb6e20504744066196e24b73d972f5169a6c0d3a	1	24	24	24	explicit	parallel	{'ok': 1}
1789722927	1789722955	629c2f74baea13aca61b5292788a0496801b2eb79a1a8e8fd06fb622dfa6ee86	2	53	28	28	explicit	parallel	{'ok': 2}
1789722976	1789723002	be8d872bdf366dd6ff6b31bf3bb2281ff7409381444595c5375c3bc4707a86c9	1	26	26	26	explicit	parallel	{'ok': 1}
1789742174	1789742176	c6c06d8650f1c069b30b44b8b285ec702ecc63feeda3f986ab14a23d7649f8c6	1	2	2	2	explicit	parallel	{'ok': 1}
1789742599	1789742621	c9d30eb2b2189759cbc9eae70fa7ad802452be756bafc0d0ef4a4c1f65255f94	1	22	22	22	explicit	parallel	{'ok': 1}
1789742835	1789742857	b232aa45a0b180ef440015f6b2877a0c8706c93e1e20c45e24df29a3fbf6e1a1	1	22	22	22	explicit	parallel	{'ok': 1}
1789744970	1789744971	2183a49d2f539b0d48f17ac1ee59c95ef1ede1b70a485f839d3f05a9085e7655	1	1	1	1	explicit	parallel	{'ok': 1}
1789745383	1789745420	a73a810a053b5f959434d632b7311cbe0d0f85b967b231d0ac29f89fe69e651f	1	37	37	37	explicit	parallel	{'ok': 1}
1789745722	1789745750	50a4794b9d4c921d5a0875de386b6541358c4f84551da06654a9c6609af7408d	1	28	28	28	explicit	parallel	{'ok': 1}
1789745889	1789745895	fbf9fe8be140e86e6a8e8a84166f8a2856ebf8a41e3562aaaee671875c5aa1dd	1	6	6	6	explicit	parallel	{'ok': 1}
1789747432	1789747471	dd65251e978bd7e53ec1362a0e341def63e22344f301bea168483f5335593f36	3	56	39	39	explicit	parallel	{'ok': 3}
1789747445	1789747475	00b41e58d350d2b54380bbb4a99a74b5dd2529d3effbcc604b028e70bac4b83a	1	30	30	30	explicit	parallel	{'ok': 1}
1789747494	1789747503	345c1634a845716ce552819cdaa35a0ef506e05eae1f3a06bcfc1e102a01cdec	1	9	9	9	explicit	parallel	{'ok': 1}
1789747523	1789747562	390b627faaf1eb6c992d343e551fa01e68d37208682c4cbc4f005c1bbcde2eab	1	39	39	39	explicit	parallel	{'ok': 1}
1789747778	1789747779	f9016acd8831a50424ea56962adb5a58da648c37ff00056ba15e66506dc9c449	1	1	1	1	explicit	parallel	{'ok': 1}
1789747871	1789747883	f745acc8ab9509029f0ecdf2490a6f911abd6d400c17cd93751cfb6816e0ccf1	1	12	12	12	explicit	parallel	{'ok': 1}
1789747943	1789747957	91bda765ce9c0aec45416e70194f43adbe5d48a34aab92b445c152cc484115e1	2	27	14	14	explicit	parallel	{'ok': 2}
1789748526	1789748548	f95c02460b6b2f2207a157989e6fb254d3fc5de6e500f4a0498e465f02342a24	1	22	22	22	explicit	parallel	{'ok': 1}
1789748570	1789748584	3c0ad4397a5491e004f706121f8f676c8af1754d1bd7391757ea4b7f56c8fe15	1	14	14	14	explicit	parallel	{'ok': 1}
1789749948	1789749967	da57ff9cfc77987a0698a951cde4d570a8921c7b81697230f87b73b9a9825874	2	32	19	19	explicit	parallel	{'red': 1, 'ok': 1}
1789750446	1789750464	1171a0597557181727c97ceb58debaf1ab6ad491eb3dce45d12cd4e471093d93	1	18	18	18	explicit	parallel	{'red': 1}
1789750876	1789750895	8fd9671ce05b3a0826976e5abafe7410c69e4452607996b174c7990f4e11d58f	1	19	19	19	explicit	parallel	{'red': 1}
1789751435	1789751453	2b24797e3fe0c9f82b8e27ff80dbeb8c1d5a9da00a559152e66c0e471308c75e	1	18	18	18	explicit	serial	{'red': 1}
1789751552	1789751571	22c2c80e8a367be8f9e3a0dd4a9d2b2d26b4ef324a5080864941829042fcff01	2	32	19	19	explicit	parallel	{'ok': 2}
1789751649	1789751669	c287d7c4d18cdabbda453f113399611c39065d2a2940ab125c2d2ed3363a0aba	1	20	20	20	explicit	parallel	{'ok': 1}
1789756965	1789756983	201859c8b22a57c8397c68267ed7e41d0108c8e96ef7265a4462c96575520c4f	1	18	18	18	explicit	parallel	{'red': 1}
1789757025	1789757097	9919056de477b43c0a1b58df00dfa55e09678c239eea8623792b00d44810bdbd	4	142	46	72	explicit	parallel	{'ok': 4}
1789757268	1789757281	57726f3a387a993c2421337e32788b7443b3fc3c618824428fdda5ea46229393	2	14	12	13	explicit	parallel	{'ok': 2}
1789757415	1789757446	42986091ef8bdec5cda8338370621059107cbbc478a5d59475a5838d1f47e584	1	31	31	31	explicit	parallel	{'ok': 1}
1789758148	1789758150	3d7282769f17aeabc4ca502388717edd7b35e6862cc29c4208342410d1446a46	1	2	2	2	explicit	parallel	{'ok': 1}
1789758392	1789758394	8c01bd64deeff18a82af73e8bc25417c83195ac4a95ea0de13f2d7c9b0ec48fd	1	2	2	2	explicit	parallel	{'ok': 1}
1789758462	1789758554	d9871c0ff99faf58943e420dac24d010f6fa6f4ed860a6a45d7f3ede7f0aa76b	1	92	92	92	explicit	parallel	{'ok': 1}
1789758750	1789758844	665e5f0cf6714d8773dd7fb0fe8ff960257733b6e8ff092356f9db07d894112e	3	133	94	94	explicit	parallel	{'ok': 3}
1789758817	1789758818	c7c420cd81c282a2bf8857ff9d49d1e32e290165adcefe88698e2519fd774600	1	1	1	1	explicit	parallel	{'ok': 1}
1789761503	1789761505	386a699c2513819f7a472075ad5ca6a9a2754599376b542330d7fe21200efeb4	1	2	2	2	explicit	parallel	{'ok': 1}
1789761528	1789761607	64dc860de940d8ee2f357810cd27673e81cac80798420084b0c2b2bfebd27590	2	143	78	79	explicit	parallel	{'ok': 2}
1789763346	1789763347	75d4305db9e299e8eb06ea73458598b3ef722a2731d2aff1fde86ee3dd20630d	1	1	1	1	explicit	parallel	{'ok': 1}
1789763690	1789763702	8bafc768864407a04bca48826760ea0c5bfdc42023296e3b61cbc67674cd8386	1	12	12	12	explicit	parallel	{'ok': 1}
1789764209	1789764230	181635c1664fb03077aa0d0d5e03f73b4f09461e9a95661f439051e94a2bc022	1	21	21	21	explicit	parallel	{'ok': 1}
1789764356	1789764378	e7ecc7ee7b1f15fa2cc19dd39029f47b81370d1db708a704dfbf67beb61b5bf9	1	22	22	22	explicit	parallel	{'ok': 1}
1789765213	1789765214	0e189846f374a174fe0308724ea0c25b0eb9b1e553bcaf169893ea02cac14203	1	1	1	1	explicit	parallel	{'ok': 1}
1789765262	1789765265	9b09b8587f7a3da827e96682a21e80fdd71610a1c4cc6de4fe03118f3be612c3	4	5	2	3	explicit	parallel	{'ok': 4}
1789765530	1789765531	93b97dba29303148d9edbafbe03158f1670dd96b6a778058221e943e7c455c89	1	1	1	1	explicit	parallel	{'ok': 1}
1789766554	1789766567	fc9be744ebf2e6b394d5117bd0b9d64dac9c179b7f59967d36e8b971308c4492	2	23	13	13	explicit	parallel	{'ok': 2}
1789766749	1789766763	b74a5a0f91cacdce260d38bd2e112fbe3299f3603f6a17c5595e4b99751f712c	2	24	14	14	explicit	parallel	{'ok': 2}
1789767388	1789767403	f574081d0f70bdfbe6e37cedfa86d2a52d637e4d01a4b29648fd42bd5383257a	1	15	15	15	explicit	parallel	{'ok': 1}
1789767460	1789767505	9bd0d6c8d6274a058225ec9636baba8cf41f1468f1597ffd65071a3430f02143	1	45	45	45	explicit	parallel	{'ok': 1}
1789767570	1789767583	09da6a3abde94173557214eb3813f19390d507f785f2eeef6b8f0d43fd8501e6	1	13	13	13	explicit	parallel	{'ok': 1}
1789767614	1789767633	3fdddf8e77f5507a741364553d1bbe9b1c50a8fe3a9274a2c5c0d9ec62fd26ee	3	32	19	19	explicit	parallel	{'ok': 3}
1789767658	1789767694	01b3df39da5dc61a9c20a55d1003ece8f4908b49090b4fc2ef4b03931e317351	3	58	22	36	explicit	parallel	{'ok': 3}
1789767722	1789767766	372a8a9f1bf1666bc613b624876f9a8ea8a5d01b5e64894cbebae8cfa450b1ec	1	44	44	44	explicit	parallel	{'red': 1}
1789767768	1789767781	938f6b5fd840567c2c6e03062da73b1df61d18337d55c147c6ff844868d745cb	2	14	13	13	explicit	parallel	{'ok': 2}
1789767989	1789768002	9ac02d9c32a13af30b531fc5e750da21e96131512d693b9e3f5d2c6fffbf97ca	1	13	13	13	explicit	parallel	{'ok': 1}
1789767991	1789768005	3a6cbb5ecd80f121e542a8f65fd15ce55addc272244ee7b4636ddc8a8bcba5c1	2	16	14	14	explicit	parallel	{'ok': 2}
1789768022	1789768036	d4dcfb6c15b586be5f5c34b4cb0ca306a7852e930db885ccb960d0af4b5bc93b	1	14	14	14	explicit	parallel	{'ok': 1}
1789768071	1789768099	157bec94592e2643f723113739c8e44eced88a5b53f36af3cb5c854e993c15dd	1	28	28	28	explicit	parallel	{'ok': 1}
1789768121	1789768186	f2c77acc84e3bd3f678a838e94892788c6d9ffa5a6772a5fb8f2eb8c65d57042	1	65	65	65	explicit	parallel	{'ok': 1}
1789768183	1789768231	0ef6cc1f4f2cbfa4c49aaed1f3e966146344836063813e180f117babf7257a69	1	48	48	48	explicit	parallel	{'ok': 1}
1789768207	1789768217	6869605b997b98be0227e80473591c90bd8e049720597a62688312dda462f40b	1	10	10	10	explicit	parallel	{'ok': 1}
1789768274	1789768279	35b7839abdf3072f432176a6f10c904578778785ed2733357fe8f3767ff230e2	1	5	5	5	explicit	parallel	{'ok': 1}
1789768420	1789768426	bbce7426e4a1cc3e99c8ca378d39d2578a0c7dd8c51ba1264884ddcbf4f88acd	1	6	6	6	explicit	parallel	{'ok': 1}
1789768557	1789768570	ce6adce4a8f9026b7975f678adb94c9d0787252c3b90478cb2eed8b45fe17256	1	13	13	13	explicit	parallel	{'ok': 1}
1789768923	1789768925	75cc6cee95c0bb2cff8104e0e2d444d6bf6aa2ce518ad9914e6c3ef1583acb7b	1	2	2	2	explicit	parallel	{'ok': 1}
1789769005	1789769054	dd93cc177fd95ee5c3dd91d2ea8a2821d56901dc0efdd89a6abcaf1c5ef98620	1	49	49	49	explicit	parallel	{'ok': 1}
1789770066	1789770112	3f0cc9e4943eb334036b363665675da8c255a28421a616d39c879b80df1b15f7	1	46	46	46	explicit	parallel	{'ok': 1}
1789770183	1789770185	4681183baf8abe3077783293cde10a5f7cc66949dceb621f1ddafc8e4786d05d	1	2	2	2	explicit	parallel	{'ok': 1}
1789770699	1789770763	8954aaf858863d4e45bdd12a242da6e4dfee527b49239007defcfc300569fb53	2	74	63	64	explicit	parallel	{'ok': 2}
1789770876	1789770876	4f2078d9f4bca00c4ac8dc24350e5f3d798d676b95a1bc7fe7d55aca71684f04	1	0	0	0	explicit	parallel	{'skip': 1}
1789770943	1789770954	da2ad9456704669567f09582c796ee978164ec75a566984e94ef2f72555245ed	1	11	11	11	explicit	parallel	{'ok': 1}
1789771033	1789771099	0aef0ca993729946c61752c4b3d4bc6d6484bffcd5e64f7edb6845cf70991eb8	2	69	66	66	explicit	parallel	{'ok': 2}
1789771297	1789771298	1789771287-3341712	1	1	1	1	diff	parallel	{'ok': 1}
1789771346	1789771364	fed42213a47b74de2378897ccca471e092cd5de5f53c14855aed3b4f4f8b7834	2	30	18	18	explicit	parallel	{'ok': 2}
1789771440	1789771458	68d70faa9fc976bdd6a4cad8773b7340a660c67206ca32370edd73194f2233a9	2	29	17	18	explicit	parallel	{'ok': 2}
1789771893	1789771893	6b48c8e087c8ea5a8f589e6f80a6231e49657b65d8a55422c38ee9743e593e03	1	0	0	0	explicit	parallel	{'ok': 1}
1789772182	1789772182	10a52274ef6c40229cab5eee62ad9138d98921062f66b3001c7c716e528f8658	1	0	0	0	explicit	parallel	{'ok': 1}
1789772670	1789772671	e5057ca3fabfd7e8511029659140c3fba1bdc464cd959979309623a95f7bb738	1	1	1	1	explicit	parallel	{'skip': 1}
1789772976	1789772976	df6f2655c9f6fec0824279bb7c91bc059a999992cd507b8565703cd35a36f94a	1	0	0	0	explicit	parallel	{'skip': 1}
1789773013	1789773025	1faa2be297e7f502238d6b472ab8f93f1a9c62e9b1f8db790df2d68717344550	1	12	12	12	explicit	parallel	{'ok': 1}
1789773208	1789773210	29cf6f6d62d2d1ca8d0498ba3eb7f5ac1a504c3b5eb67971a31f4971cb7f736a	2	3	2	2	explicit	parallel	{'skip': 2}
1789773244	1789773245	4be4d07b849e0129af95f490c643464a1758ff58026b220779dd30b7cd34f769	1	1	1	1	explicit	parallel	{'skip': 1}
1789773423	1789773424	a6930d106abf40e7d5e7b230c8e15d4288ab7eca63aa49a9c958f6810a23a61b	1	1	1	1	explicit	parallel	{'skip': 1}
1789773432	1789773433	67c497820b07eb9c50eec500d020b10641f8983244b089fac35d047919ff7f29	1	1	1	1	explicit	parallel	{'skip': 1}
1789773613	1789773614	d31de47545d8cc1fa4399accfa628a885c955b0b4bf8f384930a1e555f02c425	1	1	1	1	explicit	parallel	{'skip': 1}
1789773688	1789773689	7ebb734826236b0069c1c7a3843ae729a711cdb922acef787471d6828a38eb2a	1	1	1	1	explicit	parallel	{'skip': 1}
1789773821	1789773822	0a8e45ab80fb13b0fedb09da1b4c5c197b24b719bf8d788021331ce2e007332c	1	1	1	1	explicit	parallel	{'skip': 1}
1789774025	1789774026	2f670ad4a27efd5d0205072ebc6dd6c11714a7bc4c0607447d2a0fb218e64a8b	1	1	1	1	explicit	parallel	{'skip': 1}
1789774102	1789774103	792e20800702a27b00bb0c29b7a667f496b0b199fc3a76daebf64d6a8f4f9435	1	1	1	1	explicit	parallel	{'skip': 1}
1789774386	1789774386	5b0b07b689ed20ea3bff38769373d27e416caac1610824e858171911656eb5d2	1	0	0	0	explicit	parallel	{'skip': 1}
1789774645	1789774646	1d92022a3ee10c57990772967af156532e11333400be1d670a48d7352d2449ac	1	1	1	1	explicit	parallel	{'skip': 1}
1789774923	1789774924	afd20faf1b04f51fa6e6ce7f2b0477674f8af154ca5c149536f4adc66e1dd608	1	1	1	1	explicit	parallel	{'skip': 1}
1789774977	1789774979	717e1a9796b6e2f615d6853653890c3c473ca59fe6d265fe9b28ef9076fc4a31	5	4	1	2	explicit	parallel	{'skip': 1, 'ok': 4}
1789774980	1789774981	c8a559628b67a567119fc60492b9376262ce407ae04111bfd65e445277862a08	1	1	1	1	explicit	parallel	{'skip': 1}
1789774998	1789774999	135bde24b7df150d0ac298b84b3b92d66ac10fa645f24991a13fb7b4d75d02e2	1	1	1	1	explicit	parallel	{'skip': 1}
1789775133	1789775133	ba1774efb548df6650bd7d80723e8c7f7bb09520a156394a87c61992f21af2e9	1	0	0	0	explicit	parallel	{'ok': 1}
1789775341	1789775344	ee590e39c951350762c246e8a6fd2fcc6040bd620dfad297617369c3a05cc8e2	2	3	3	3	explicit	parallel	{'ok': 2}
1789775410	1789775414	b495745d8c2d4f236f30202e27df4538212bb0a6fe2f41bfbd6b055d7e45f4cd	5	7	2	4	explicit	parallel	{'skip': 1, 'ok': 4}
1789775484	1789775485	a3b31c9d665637cc0f491e08184118c4d4bfe09b03d08051253208eb47728b56	1	1	1	1	explicit	parallel	{'skip': 1}
1789775557	1789775557	9ca0a74ea405a57f1eefaf4007f3ea1a4ada180e3edc021a12905975e1a5f456	1	0	0	0	explicit	parallel	{'ok': 1}
1789775578	1789775582	b2bc9ecec94f8468d37d142a6b57af3b30683f7d5f5d983f11261d12abb309c5	1	4	4	4	explicit	parallel	{'ok': 1}
1789775788	1789775789	4f78affb54fcbdafdc6616066efe7b33a241d4017664b7a5108ec354d5c107ee	1	1	1	1	explicit	parallel	{'ok': 1}
1789775864	1789775866	ae59a58ebbaea7fdb0326c6dd76d5c44c0f976ca6e7dbd89ef92016b752e7e12	1	2	2	2	explicit	parallel	{'ok': 1}
1789776006	1789776008	a82e91220cb6cc133c2717ee2289bf51d9e518f8930448c67ebecd53a84d3d7a	1	2	2	2	explicit	parallel	{'ok': 1}
1789776009	1789776030	826307754e9bc1a9d5e689e425cbb6ba56c2c4a80c6bfffaa9c4d30e1f5dee35	1	21	21	21	explicit	parallel	{'ok': 1}
1789776225	1789776243	ba4123f0f2ea51c42b617cef6fe7a5e051b86a181dc27c5e6b699ef43c4eebf4	1	18	18	18	explicit	parallel	{'ok': 1}
1789776570	1789776632	1d253590aede3592aff1f40cce5d222e3e9ccab93dff3100be9ca206780787c4	1	62	62	62	explicit	parallel	{'red': 1}
1789776612	1789776612	aa5fbe12b52e4e4803f4f3a4965a1f31ff5f15d4363cca05fbb99c36479f48dd	1	0	0	0	explicit	parallel	{'ok': 1}
1789776767	1789776768	73e37346389aeb554dcdffb2f568bfd324dca29c754ab2a5a042e21e18005a08	1	1	1	1	explicit	parallel	{'skip': 1}
1789776921	1789776922	dcf5cc94667e26a48bf2079bcf49f0c5f4a7cfc4f80400956c0e45057561b410	1	1	1	1	explicit	parallel	{'ok': 1}
1789777014	1789777048	90cf8bc3052248e9f54b7ecc895129d5dfc036cdba7f528f4718618421ef895d	1	34	34	34	explicit	parallel	{'red': 1}
1789777079	1789777079	f06162d86544dbb1c461ae09174fef30e52eaad3c5ad0a19ad91088959b8074d	1	0	0	0	explicit	parallel	{'ok': 1}
1789777137	1789777138	1b76d417b955c7392e6b61afc3f14edbcedd1ebe904ebc05928d2a0e2cfcb899	1	1	1	1	explicit	parallel	{'skip': 1}
1789777241	1789777307	9eda7dc253c28338c2f4de66cbd9299eaaeb4e88537e6ec3994f7f77c6616262	2	102	66	66	explicit	parallel	{'ok': 2}
1789777331	1789777411	b021b65d3990bc6da39561ae6665748239c2d772c6aa0a52dba4e74ad5d8e38d	2	107	80	80	explicit	parallel	{'ok': 2}
1789777464	1789777601	3d5b704986baacb546ae4a069f2738a5bc2bf791a9560122decad6f13ebbb150	4	201	75	137	explicit	parallel	{'ok': 4}
1789777585	1789777586	abf5ebb49f7b5fa264dc2901ba26ec267df65e44045d034d8df852ad4fd31a12	1	1	1	1	explicit	parallel	{'ok': 1}
1789777801	1789777835	0af5a6609c4fac358bd02900f5f1f42fc4fc32c943554334b7664d07f97a74d9	1	34	34	34	explicit	parallel	{'ok': 1}
1789778913	1789778914	64d77bf1ed2d731d32a29359333743aabc0e0b660733715a83cc031dfae509df	1	1	1	1	explicit	parallel	{'ok': 1}
1789779168	1789779170	e53f7535b18d262f63dcbe955f69ca75298a05e9f59768e8a3d608dfb837f948	1	2	2	2	explicit	parallel	{'ok': 1}
1789779170	1789779185	6bf4f967829bb4057f7620d3956151dfd5d201bf5d4f76869c5de5bd4e1e2a29	1	15	15	15	explicit	parallel	{'ok': 1}
1789779512	1789779513	98ce9a8d036bdeee7cbe4af6ea2ed21181d86c4abbbd0997666fddb3ca8efb27	1	1	1	1	explicit	parallel	{'ok': 1}
1789779579	1789779593	2cb2969648239d96b50a47fa2a05461cce2e17b48319364f0ef4d5b025046e81	1	14	14	14	explicit	parallel	{'ok': 1}
1789779785	1789779786	22eb42ef327d64af0816572e07ab8c8ce0e9facb2a37dc3a853e9bd93f9393f6	1	1	1	1	explicit	parallel	{'ok': 1}
1789780132	1789780144	a3d0cff3641ed924eaf59563d837cda11f3896ebcb7dd7de539f2a5923ae397c	1	12	12	12	explicit	parallel	{'ok': 1}
1789780272	1789780274	3874e06656c0e7a89ff07e03961946e699a6cffd20634cddd9813c23cbe50589	4	3	1	2	explicit	parallel	{'skip': 1, 'ok': 3}
1789780285	1789780298	e1414605bf8c7485c07dea99f1ce0e30596ccbb9fc2921a079abbe7e99703c8c	1	13	13	13	explicit	parallel	{'ok': 1}
1789780484	1789780490	be7a58be427edc0410dc7485c9aa9f307013ecc4960c95cbfd93b72ba8ec3ee7	4	9	4	6	explicit	parallel	{'skip': 1, 'ok': 3}
1789780913	1789780942	6b41f706c1e53f928ba262ec464d8d691e383230f8d412489313f9b44079f370	1	29	29	29	explicit	parallel	{'ok': 1}
1789781105	1789781135	56d7283abf4486d9d22999b8ea8a00f11bc454d40677d8b73daee995ac5064a1	1	30	30	30	explicit	parallel	{'ok': 1}
1789781277	1789781322	64ec046b2efbd7692fd6b8b2d218287cf812c3c34068394aad74c28f00f04107	1	45	45	45	explicit	parallel	{'ok': 1}
1789781554	1789781557	21d6551dd1523bf68bd6f70f4ac018678d866272111965463d1b1a358709e027	2	4	3	3	explicit	parallel	{'red': 1, 'ok': 1}
1789781574	1789781620	3a4b0e28d018645c7f00095a8ce9561df8926f1a169846d9d423a8e559171147	1	46	46	46	explicit	parallel	{'ok': 1}
1789781625	1789781628	2aac5229019136ebfe3a0b27a0a69d7c8611a675d5e953f82e3e0620bedfcaeb	2	4	3	3	explicit	parallel	{'ok': 2}
1789781653	1789781711	4da1ea0ad63396b01bf1a9b0ca25067c14450a5987456e2c3986ee6d9fb9eca4	1	58	58	58	explicit	parallel	{'ok': 1}
1789781768	1789781771	b8ae2d97ecc3e1206c2cd5c44b014e8ef82c6a2ff7226a043f46a341a3e08298	1	3	3	3	explicit	parallel	{'ok': 1}
1789781784	1789781844	e593127a4e33151b8a3858121939997845b5d763e54acb58f7cd384edc5c357e	1	60	60	60	explicit	parallel	{'ok': 1}
1789781790	1789781814	d00b81e0e5d2cec45b321096ec70abc44fd8badbd2303267651a757fceaa54a4	1	24	24	24	explicit	parallel	{'ok': 1}
1789782022	1789782025	3078d6638cbd38027838d9d1cb4728e0546c4ebbfa41ee05fefa2b2c56be3115	1	3	3	3	explicit	parallel	{'ok': 1}
1789782148	1789782205	cc1afaeffd5d36df2df1b7cc9dea34f5e89686bbaa151745e864c240616f6956	1	57	57	57	explicit	parallel	{'ok': 1}
1789782276	1789782278	60848bbb7a31a4f9445c67e2ad96ee01c92bc024b2c97e3bf124d92dad427b81	1	2	2	2	explicit	parallel	{'ok': 1}
1789782819	1789782843	420308f2d11fd6b19f4595d9f3f315715e41e28600beddc01d8b8a5d3ed80290	1	24	24	24	explicit	parallel	{'ok': 1}
1789782998	1789783032	d85d537ecd54dd7f2da298bd9f825134f9d31d51bcab11ae6b0a61b951eaf940	1	34	34	34	explicit	parallel	{'red': 1}
1789783028	1789783056	50498493fbc356aa2a46b801de817034543c7b5677c708f1f878fcf0edd9caec	1	28	28	28	explicit	parallel	{'ok': 1}
1789783075	1789783110	ddbf288ffab5a74d55cd02687ee4aea4308b3f222ee1fdba7e9c72d0873120d1	1	35	35	35	explicit	parallel	{'ok': 1}
1789783134	1789783240	07a82c1ddade0e3b20cf52a025b0d676b8b361d14b6ba41d1e05df0305c7fe4e	3	170	79	106	explicit	parallel	{'ok': 3}
1789783149	1789783150	440d3ab3fb42471570dc26d33a2ad21063b54d3c3d89373a705de15752155fb2	1	1	1	1	explicit	parallel	{'skip': 1}
1789783348	1789783442	ba7eff06f133ae4d21ddca1a4e9413001ac7920b8e01cc0e7c80047fd0517aa7	1	94	94	94	explicit	parallel	{'ok': 1}
1789783399	1789783400	058df320be0e6caad73752b702577b29191029ca83ddb4cc573bd689c5c6d18b	1	1	1	1	explicit	parallel	{'skip': 1}
1789783747	1789783780	d23420f7bfbf9239a41b70e66013f65acd6dadb6f39b651a2fed4b22a3ab1170	1	33	33	33	explicit	parallel	{'ok': 1}
1789783993	1789783993	5c73037b695ea4f7c73629909a045e6fd865f970a0c86074480ec7cb9fd1b5ff	1	0	0	0	explicit	parallel	{'skip': 1}
1789784015	1789784076	fc4a197e2ae3b79eebd838d20511edbdc45dae271d4581c9a3d696d9f58ab57a	5	106	43	61	explicit	parallel	{'ok': 5}
1789784106	1789784127	8912d0674dac47aedf5d65895e1d17f1dd8a5bc6991eeb8294307a458ec9f6f0	1	21	21	21	explicit	parallel	{'ok': 1}
1789784217	1789784231	6a8406b618043a959b2be74777fe93ec19679af7d8a47d8048208476f934cda3	1	14	14	14	explicit	parallel	{'ok': 1}
1789784265	1789784265	c3ff9359a3dcc43287cb9a91bd5168354f08df64feb45f5209c168d825e2581a	1	0	0	0	explicit	parallel	{'skip': 1}
1789784368	1789784388	6bb71438bbdaa0c5ed1f79d748389695271dc0d3ad8df3a387eb772a59bcdc6c	2	32	20	20	explicit	parallel	{'ok': 2}
1789784432	1789784433	48f15f518479e046aacece559cc531d6714b2f5896a4b623cd16725e3db8fb22	1	1	1	1	explicit	parallel	{'ok': 1}
1789784441	1789784456	1271fc2798e4eebead80885b876f7bd4ad2eac1c11d2a4488e2662ff7e1ebdb7	1	15	15	15	explicit	parallel	{'ok': 1}
1789784461	1789784478	5ace435c32182210044ce82f255830c2dc1bb55796599deda91c13a67f25f72a	3	31	17	17	explicit	parallel	{'red': 1, 'ok': 2}
1789784764	1789784778	18fe8a8b4aa829fd3c6257f14349a23ce4c91cf3605ebf0605354d8d707df9db	2	15	14	14	explicit	parallel	{'red': 1, 'ok': 1}
1789784871	1789784885	8869002694a83d2bb23c3180a713df2df04e863aef2e109fdd127d025e9f9773	2	14	14	14	explicit	parallel	{'ok': 2}
1789784910	1789784953	6f94b3efba0cca459141a5614690f2e6fb36bfd9e3b08ebd774cee9f5b10a3b1	4	67	33	43	explicit	parallel	{'ok': 4}
1789785103	1789785104	9d3b5fe6fe4bbfe642dd725ce379de279fc30239ad4eeb09353e1704a5ad955e	1	1	1	1	explicit	parallel	{'skip': 1}
1789785138	1789785152	3fd0a2c0f2b3c6a7700a4017df6fa05dedc3bc9f98f7b9bff160d16da268d310	2	15	14	14	explicit	parallel	{'ok': 2}
1789785235	1789785236	8d9ae4d8b797d6308ef9d5e081c4620570ce89b57d159bd699c0d381f9165230	1	1	1	1	explicit	parallel	{'skip': 1}
1789785310	1789785311	b2f0c0ae79b66c153ef920b87282d95ef141f4a66c3f6ca52366e084e8b4940c	1	1	1	1	explicit	parallel	{'skip': 1}
1789785530	1789785531	22e16d915c3e0a1016e9eb65b052f5cbadea7ea07ead59b98883983af2f116af	1	1	1	1	explicit	parallel	{'skip': 1}
1789785609	1789785613	c07b0dd1fc09e3d3b588c182227dc1e882b87d4d1a9ab0a9d6464719f666b5ea	1	4	4	4	explicit	parallel	{'ok': 1}
1789785798	1789785813	79ea6a5e95d471bed0d2d24732934f3d3d31954ac343136e19cb63ac80b4a1e9	2	16	15	15	explicit	parallel	{'ok': 2}
1789785847	1789785890	41926dbb6c006e8077791bc0900860e9bbf34fb4f0fcf103049942079951e69d	1	43	43	43	explicit	parallel	{'ok': 1}
1789785847	1789785903	00299d5a98d199af27f7d95dd257d296966751fc1ecf089a84f0cbd7a2125e21	4	84	31	56	explicit	parallel	{'ok': 3, 'red': 1}
1789785873	1789785876	50a00b51f24ef208be92ab31d79f4848bcc6db673170bf5ccf519c81a64a72e1	1	3	3	3	explicit	parallel	{'ok': 1}
1789785905	1789785925	0e23fc1a0b9407312ac2f1eeb3bcf9dc9e0f5c5eb5b33b497a621212543e4e9f	1	20	20	20	explicit	parallel	{'ok': 1}
1789785913	1789786018	d1589eac44a31b2a7c90b8007fa387f7ab594bde1e0d3d0e076496b46f352a0a	3	170	79	105	explicit	parallel	{'ok': 3}
1789786053	1789786068	794cfdf0f29e0b55efb35e0a7b663e116f0e7a50bd149ce0868d4e1111f6c572	3	25	14	15	explicit	parallel	{'ok': 2, 'red': 1}
1789786194	1789786253	3205759008948346854f7597163df5de9ca446d74995a7131b3db13ac0fa8690	6	101	40	59	explicit	parallel	{'ok': 5, 'red': 1}
1789786206	1789786241	69b9103fdf6b0ee81c7b638dda44df13fdfaf7f103774f8d7ed133668aa1fdba	1	35	35	35	explicit	parallel	{'ok': 1}
1789786313	1789786349	032fe5141d35c9b10cf67d4508b041b7b06b14d20342e41f0465fb9a3b3ce203	1	36	36	36	explicit	parallel	{'ok': 1}
1789786872	1789786886	3da08eb344a6fe8002c26d880d6a0a5dff51b76bc6c6ac0f680cd51fe784b077	2	15	14	14	explicit	parallel	{'ok': 2}
1789787004	1789787020	d543feee49198367643ed56de61db5b7e2ca3864fcc7519fa32a96a39b7ca6d5	2	17	16	16	explicit	parallel	{'ok': 2}
1789787106	1789787116	e7f73c441ae14331c28eb6484bc603d71c2a7576c6a16b08f8c734517f0c8adf	1	10	10	10	explicit	parallel	{'red': 1}
1789787236	1789787292	08aaa3d1303f667500ac828b72119fb799777127f72005b4edca3d8fb5053201	6	95	41	56	explicit	parallel	{'ok': 6}
1789787485	1789787486	6f21942af42de7b18f670ebb89696a9ceb8b083dbbb29b015237df973f29f5d3	1	1	1	1	explicit	parallel	{'ok': 1}
1789787694	1789787732	bedcb63ea6461e6e85c09bdd497b95000e360607503e7892c01dbb6b2fd2dec9	1	38	38	38	explicit	parallel	{'ok': 1}
1789787950	1789787989	90248ecfd6621be68bc78db961b15dfcd5f2b3b12b15bb0ce1ce597f6ee8e6ed	1	39	39	39	explicit	parallel	{'ok': 1}
1789788073	1789788107	38786b8b17a2c71ca88fcabdfa976e4eb74721e560ff487a3acdf5c47d609af8	1	34	34	34	explicit	parallel	{'ok': 1}
1789788604	1789788661	4deb41afcf26ed137b99d3d736b645595b62eab261ad527248fa6b349b419f54	1	57	57	57	explicit	parallel	{'ok': 1}
1789788846	1789788906	2dfd92517b4d0733a23ac4239ab30ea01c622fa13e9cd5145dc8869b9c3e4b32	1	60	60	60	explicit	parallel	{'ok': 1}
1789788902	1789788912	a4b844df2bc46bb59bba9835e537b39ae2c2d53f0ae4b4fb7aa0d1662ca4a679	1	10	10	10	explicit	parallel	{'ok': 1}
1789788968	1789788982	286ba12acbd0e31fbcc1362543f4146d0f6a8ecd58997aa5534a291b6c5ec489	2	15	14	14	explicit	parallel	{'ok': 2}
1789789011	1789789020	a5309a6b6c5df56e75d8ad4f6df3d9ec0bc195ceedecb66fceeb858a2b716bb6	2	10	9	9	explicit	parallel	{'ok': 2}
1789789163	1789789164	d09dccf1caebc1c61388d545b6c60d1e6e9de2ac58359fcd7e49d27674c1afe7	1	1	1	1	explicit	parallel	{'ok': 1}
1789789276	1789789288	51b73931a342fa04eb0ea06daf334ffd360b8ad711f4012190883a443b4f2d9e	1	12	12	12	explicit	parallel	{'ok': 1}
1789789311	1789789335	cb9c70ab28e3146b84a4d5bc712ffdcf0306a240a2ab6fa07973a48681b42623	1	24	24	24	explicit	parallel	{'ok': 1}
1789789475	1789789487	1dbc00d0252526dff5e07d9bfb406ae1cd2417749bced6b85bdcbef855d0de75	1	12	12	12	explicit	parallel	{'ok': 1}
1789789874	1789789915	a7e401821eb226d5353927c678b3d119976be1e1c61dd6685c14aa85138d4390	1	41	41	41	explicit	parallel	{'ok': 1}
1789789932	1789789991	32c0ce4d2e19acbe46ecb83b50d92b0f03580011611c6d6991d0289ad87b01b1	2	100	59	59	explicit	parallel	{'ok': 2}
1789790114	1789790174	0ae85ee3325d2c72a99a8b9de4ddd652c6a5f9754ce106798cf7a567b0fe937d	2	100	60	60	explicit	parallel	{'ok': 2}
1789790425	1789790467	4cf5fe78be2213a7e92ae240bbf199eb31dbf8324e64723f529c5bb3c424dfb6	1	42	42	42	explicit	parallel	{'ok': 1}
1789790568	1789790578	b11c7a4b0c54d5bedb9eec35e7ff1171798bf703bd7bb10d59d159824d199a7d	1	10	10	10	explicit	parallel	{'ok': 1}
1789790679	1789790680	c572cf419063115e283589758c860c4986db6a3c8ba7be6d74634bd2c8e00f7c	1	1	1	1	explicit	parallel	{'ok': 1}
1789790768	1789790786	fa4af23b4b035b0a751ebf08027729040aa34aee9d5552258613da6de6849e91	1	18	18	18	explicit	parallel	{'ok': 1}
1789790852	1789790862	8316aef26fb23b1fc546debec6dce4c470fe4f55db038b31f0912bde90c32aeb	1	10	10	10	explicit	parallel	{'ok': 1}
1789790900	1789790902	aa3bb933d49905f5436f5b3e5c558d912f72d95986d29015781d1befa22e4bbe	1	2	2	2	explicit	parallel	{'ok': 1}
1789790997	1789790998	c0da0b2e0ece5e0e9337716576b0f63f60d1a990258da696102ea8defbc52037	1	1	1	1	explicit	parallel	{'ok': 1}
1789791075	1789791162	7b6c3c3ee65c7ac99df77a603f8f5759929586e462abb7a1d813beca9a8248b5	1	87	87	87	explicit	parallel	{'ok': 1}
1789791224	1789791225	a38aa931615327a989a93b882688a35ae60b29716821dbd16bd4c99048c843b8	1	1	1	1	explicit	parallel	{'ok': 1}
1789791262	1789791271	b746ca403386ecfa9e2dcddb12028f3743915dc1fc07b72ea0221254470682ba	1	9	9	9	explicit	parallel	{'ok': 1}
1789791298	1789791316	3b4ba39823f4ef906ebfd2e2af67e1df6cfc0a5b9530d1a78da3ba9d7ae63b1a	1	18	18	18	explicit	parallel	{'ok': 1}
1789791391	1789791392	f24668c4021f1faf5be849794192cda6667862ae1381f3aa1fdc9f5f85a4593d	1	1	1	1	explicit	parallel	{'ok': 1}
1789791442	1789791453	9107c43ade370111b3c2c5fdb5863c34a231becea6609b72b60381d89e796d32	1	11	11	11	explicit	parallel	{'ok': 1}
1789791570	1789791626	86d4da11892f11d956e94f66ac840e80ded4e954bb0679e39e043854b8e019f1	1	56	56	56	explicit	parallel	{'ok': 1}
1789791797	1789791807	b40bccdc8b40419b8e186026da14555e27cbb00aa580be071db489162bac6222	1	10	10	10	explicit	parallel	{'ok': 1}
1789792149	1789792149	4e25374c6fc34143f7cc745ee60ccacb99c4d242a090df70289539ee4c273d18	1	0	0	0	explicit	parallel	{'ok': 1}
1789792159	1789792205	2efb8345c1a2905acaf5754bcf837d7ad0aace0ca658e34f1a9fd9815131f0aa	1	46	46	46	explicit	parallel	{'ok': 1}
1789792226	1789792227	64106365bf70dbe6625f90bff43eaceca7b158d36c182ddd215668853c3fd441	1	1	1	1	explicit	parallel	{'skip': 1}
1789792383	1789792383	0f8970dd8f0815c1ff00ee7c97caebcbe4ec9b92a2e4bd6cb941d4938632ce72	1	0	0	0	explicit	parallel	{'ok': 1}
1789792547	1789792596	f4e8143fecc44ce61d32a198e0d82e3b2aa69153d2df030705c6196937fc2087	1	49	49	49	explicit	parallel	{'red': 1}
1789792649	1789792676	d17c7d9eb8aabe4bcb3b67c5693149965777857dea8a16727b447268212a030a	1	27	27	27	explicit	parallel	{'ok': 1}
1789792668	1789792714	d7d10cbbb4238528e417b53e4ff49132cc10741fefccd2ae2fa7be5e5001a09f	1	46	46	46	explicit	parallel	{'ok': 1}
1789792719	1789792720	939320727fc37b5a6236b39d3aeb768c38cac3e06a0178f2a6516c3430a2659e	1	1	1	1	explicit	parallel	{'red': 1}
1789792793	1789792794	e2a877367e5ff2f9e4ce492c133636d872633ab474edaee4cbc4508bbee11afa	1	1	1	1	explicit	parallel	{'skip': 1}
1789792894	1789792924	c4e89bf98e596a80f1eb5112f9b618113d7e4cde420420a61650c080d2b87efb	2	31	30	30	explicit	parallel	{'ok': 2}
1789792946	1789792948	2d5b07daff849046a8ef3013c4f93047fb9f5fd5bd751dfa1b0614629e3a9b9c	1	2	2	2	explicit	parallel	{'ok': 1}
1789793171	1789793195	0b9face7988f0bf1612e3d30c7db304ea8764426c12d1290f697833521a0d932	1	24	24	24	explicit	parallel	{'red': 1}
1789793280	1789793311	3f453fd37eb7a32a7f8da626040c84d11707046c8e664235cd271bb9e0fa139e	2	32	31	31	explicit	parallel	{'ok': 2}
1789793422	1789793446	3d07d8d17139daf308548c157f372bb3d91ad5274729ce30aabfc20840c92896	1	24	24	24	explicit	parallel	{'ok': 1}
1789793630	1789793658	4229a3180aec874d320bf60d61ad98fcda5f8ccad6f0b3ef284da174468273ed	1	28	28	28	explicit	parallel	{'ok': 1}
1789793794	1789793808	5f8ddd0f3a9327a4a8c8fab271cefcac14ac97d092afb03fc5fd98f50d713cec	1	14	14	14	explicit	parallel	{'red': 1}
1789793903	1789793916	0fa6f477f06eebe4048ff1f9a1d3c4b186ec78c09dc9f3a4389b5c382516d89f	1	13	13	13	explicit	parallel	{'ok': 1}
1789794265	1789794266	587baf3f5aae40f9ea8b2dd19945294c82dd495d85debe1b037d3fe5cdfe7fe0	1	1	1	1	diff	parallel	{'ok': 1}
1789794398	1789794455	3dd9c41c10e51eb44a8a3e39c2fc7c7b2f012f5ef4e96d05153864e17a4e5023	15	98	22	57	diff	parallel	{'ok': 13, 'red': 1, 'skip': 1}
1789794401	1789794415	87c56763d0071c087cca800b63e8ef185a380e69debec7574adc2d2de25f21c9	1	14	14	14	explicit	parallel	{'ok': 1}
1789794639	1789794642	3202ceff00e9a5da378f1a5eb22db9c61ca3dc5aea641161dd09a0fa6eb92181	1	3	3	3	explicit	parallel	{'ok': 1}
1789794921	1789794925	1007f32a136d511fb8493cdc01d626f2521ae8c82f2d3589b705044305e8da37	1	4	4	4	explicit	parallel	{'ok': 1}
1789795339	1789795406	34978db2f96dd6f2b69eeea179132e147ac1fe87d713af384b17252b5562421c	15	116	23	67	diff	parallel	{'ok': 13, 'red': 1, 'skip': 1}
1789795382	1789795391	db0700b5d9b898e7cc1099c71da3e82aa1cb7ecac032bf29b9b57a1b2641c444	1	9	9	9	explicit	parallel	{'ok': 1}
1789795416	1789795418	ed54a786ec6070d2a53a7b90dedcf78ddfc08e7a307f4152373bdf9dde1f827c	3	2	1	2	explicit	parallel	{'ok': 3}
1789795509	1789795527	61062283cc4075bdb8e1ae9233630bb94dac8822ef3f160a3af2b9d9235e7603	1	18	18	18	explicit	parallel	{'ok': 1}
1789795558	1789795636	08b38d7868673daca6c554d72e52092147b514177754c9a723dc25947eaa5dad	3	142	78	78	explicit	parallel	{'ok': 3}
1789795612	1789795681	d7d043ee59e19619226ce8ec4dcec5cd4169da03aa87bf3bbd8653f5c612182d	15	120	30	69	diff	parallel	{'ok': 14, 'skip': 1}
1789795746	1789795809	9dde28b4a6c90cbd6d152c3b785f2f3f40c1cad1d8c2e238aa64b53e3ff280f1	15	102	23	63	diff	parallel	{'ok': 14, 'skip': 1}
1789795878	1789795879	1034230d38e066fafd3768d6cae6a1cada407ba705cf1ce15cd5edce8efb6848	1	1	1	1	explicit	parallel	{'red': 1}
1789795950	1789795959	3e6918328409c03d0d947c424b52fffceaf6c78d7275ae4e315a5261291280d8	1	9	9	9	explicit	parallel	{'ok': 1}
1789796036	1789796053	13905278ab4832d7e289d81fefd15b3a8bb16872953071f3ee517c5cd4a0dbd0	1	17	17	17	explicit	parallel	{'ok': 1}
1789796244	1789796247	489585121af6ff7089d678fb4a37bf2672dadabfa5f2febc3a9c8636140b09b8	1	3	3	3	explicit	parallel	{'ok': 1}
1789796358	1789796359	b8fda0033228fc3909821ab6c2edf9b61d2cb40862c8a82036bef07642645693	1	1	1	1	explicit	parallel	{'ok': 1}
1789796363	1789796381	b811685da02af815f832c0c6a72ac75c3740aea0e35db3b6273899dabf26856d	3	21	18	18	explicit	parallel	{'ok': 1, 'red': 2}
1789796434	1789796452	5513e340ddf107482392b79c5a1578961d3c8fa755a8a61423ff918266c25d20	3	20	18	18	explicit	parallel	{'ok': 3}
1789796473	1789796504	006ecb7ef5ac734e28e869ab54793a27eae1bbd4d073a34e6cf6a3b81d8591a2	2	32	31	31	explicit	parallel	{'red': 1, 'ok': 1}
1789796635	1789796637	01831623992005863f1b73151a64317b10099f9bad308e2fd1e9720447b535b7	1	2	2	2	explicit	parallel	{'ok': 1}
1789796675	1789796707	6b5beea9eaa565daf8cf0297eae8b9c00079f4a7c779d026928d9177e81fac95	4	50	30	32	explicit	parallel	{'ok': 4}
1789796816	1789796847	d5d8f7552193cba0ee92d691b052876b5321e125d12211bd1c5029b66e9a281f	3	49	30	31	explicit	parallel	{'ok': 3}
1789796937	1789796939	f5991898415f22111be3c8e00c2a1e1c6abb0cd13281ee6597a6ab0d1461228f	2	3	2	2	explicit	parallel	{'ok': 1, 'red': 1}
1789797092	1789797094	3b795da9058603e77550532d8799dc7041dd493bb5cc16867dbe555e5e7e3a9d	2	3	2	2	explicit	parallel	{'ok': 2}
1789797132	1789797142	aa73ba502a797fa51061ffda2db0913337d77fcd1e57871c5a95b01b79846799	1	10	10	10	explicit	parallel	{'ok': 1}
1789797164	1789797277	995ac1ad5fe2b9018e081d84f1fdb09b709dd280570378be01d556e3f7f6796e	2	114	113	113	explicit	parallel	{'ok': 2}
1789797304	1789797325	73ec4349d7e3a765686dc040df90bf409ad37fcdf8abe354edc508b68e1059ad	4	38	18	21	explicit	parallel	{'ok': 4}
1789797373	1789797375	ca5d71e12c2ed31ff9076e3e94f4b90217a554dcadc912d2ea63898f5afedbb7	1	2	2	2	explicit	parallel	{'ok': 1}
1789797571	1789797696	c0bb3114bc440eadbc5f6c7d40286c073c253308e1a8c6cef7b00c185a0dc222	3	134	122	125	explicit	parallel	{'ok': 2, 'red': 1}
1789797598	1789797641	e1387f8b05f97b62b0f085ebb7a05bbac307faececa1d9d573f8af61aef661eb	1	43	43	43	explicit	parallel	{'ok': 1}
1789797663	1789797675	2912900741f5e3aa448b4dacc203563a3350482c5461b7945d46aeb79ecd22bc	1	12	12	12	explicit	parallel	{'red': 1}
1789797767	1789797884	44ac2ee03514c8df7751be76a3bced787c10a011767b18cc66dcb09a679a2bb6	3	126	114	117	explicit	parallel	{'ok': 3}
1789797943	1789797953	cdac029fd611bc03d2e2a9f97bd5ff098d679d79cbda4258c41941e970cc843b	1	10	10	10	explicit	parallel	{'ok': 1}
1789797976	1789797977	141b13ecf2ac6a0d8d0decf436ff58e83199d93933d09d391a235c772ff2e474	2	2	1	1	explicit	parallel	{'ok': 2}
1789798198	1789798207	173a05ce62369d0a2c2a1fe6a6cb2145eae9d3124f20c9f4571029210112bbed	1	9	9	9	explicit	parallel	{'red': 1}
1789798247	1789798256	8636afd459fd25295a3a11b6e0eb19ee027f56bf95822bf5ec71412177301d16	1	9	9	9	explicit	parallel	{'ok': 1}
1789798256	1789798303	4f47d9acd61aa3d77bfd8553ca730c03767b56f51dba34ca116a0e74b1c906fd	1	47	47	47	explicit	parallel	{'ok': 1}
1789798281	1789798399	d87dd48910171819b3205c39dc60c47a472d311375464da2b7cd070e74336097	2	120	118	118	explicit	parallel	{'ok': 2}
1789798421	1789798431	4e5ef8f6d040877a3372e9046e360de1fcebd7a702afe2bb35d6aa518d0c5ffe	2	19	10	10	explicit	parallel	{'ok': 2}
1789798445	1789798446	44f7013e88f9e89c9430e617e1347062e62c3a20a2da77c2e35c0810955bae54	1	1	1	1	explicit	parallel	{'ok': 1}
1789798483	1789798493	5f0aed6defbb179243cba3c1d2db08b73b4c32a6354e8e7d05230f8a5b1d12a7	1	10	10	10	explicit	parallel	{'ok': 1}
1789798561	1789798678	4f65fa9e7d9f737b35c194641780f630954358ea56466442c22fd72b6cc179b6	3	126	114	117	explicit	parallel	{'ok': 3}
1789799003	1789799015	6e24d7af2298bcbbfbb63aaa88676cf9a47430338e2d4af0496db1feeaa3f450	1	12	12	12	explicit	parallel	{'ok': 1}
1789799037	1789799038	037e2f37e36d2d3edf5e6cd545fed6cf98ce0d80c9f7a3bc91f76d6c294bfe62	1	1	1	1	explicit	parallel	{'ok': 1}
1789799045	1789799055	ae6efcd0ec5c3ccb0aca180c152cfe4d45f4aeb0fac09fe61bef4ddd0c55caef	1	10	10	10	explicit	parallel	{'ok': 1}
1789799245	1789799246	93be596a460c94cad9e4c63f33d67c5f8cd7a8d26bcead22fb44ce0909abccc7	1	1	1	1	explicit	parallel	{'ok': 1}
1789799281	1789799330	96a3baaf536d7e1025cdab6118448707851e096d56c58548f66f59b9e2e79edf	1	49	49	49	explicit	parallel	{'red': 1}
1789799316	1789799403	a2b528d0f736dc80ee2cf3e17f2d23b2e4d526f42620d8bc687fdb061bac08b7	9	157	50	87	explicit	parallel	{'ok': 8, 'red': 1}
1789799363	1789799412	5cfbf7be3779fa14545915e601f86c94571d5a6176bd8eab992658a9e6ac9dfc	1	49	49	49	explicit	parallel	{'ok': 1}
1789799435	1789799435	f4840e29dca3b872973fa9ec49a0fffc7024c0e5cef873446d10e78d4ec2bb15	1	0	0	0	explicit	parallel	{'red': 1}
1789799475	1789799556	613c3decbfbca298357ee8b4e4bd8cf53c7a66ae38466724ab529c6b23acdbfc	9	152	50	81	explicit	parallel	{'ok': 9}
1789799491	1789799493	2c3a317c12e10b0967d4e400e5827a5014fd51e8c0dc5a6a7ca80827c08a4aa8	2	3	2	2	explicit	parallel	{'red': 1, 'skip': 1}
1789799544	1789799545	c1035a5cee86840923a845ae0df48078bd1f6033f435e0757f51d7e042955550	2	1	1	1	explicit	parallel	{'ok': 1, 'skip': 1}
1789799587	1789799588	3e72a62eeb978bd63939df933748cdc929f0bc711b98a61fc6d353a7a52cad13	1	1	1	1	explicit	parallel	{'skip': 1}
1789799694	1789799742	53cf0edb54572919c0a77ec3d2a2ae3cc47a6cf4e32ca6f5eebbef86b388dc34	1	48	48	48	explicit	parallel	{'ok': 1}
1789799876	1789799894	a523f5a57356f5631ab8b6d80a60a81dd1571313311271d9df937f52624531e5	1	18	18	18	explicit	parallel	{'red': 1}
1789799932	1789799950	bf1528f843e320d64aa8eca249355e1b4a71d540e857e23bac3e1396595a357b	1	18	18	18	explicit	parallel	{'ok': 1}
1789800020	1789800031	956e81402f5f03c5d23379f55144b4fa6b41ed2941b93ba54adc52fdb5bad601	1	11	11	11	explicit	parallel	{'ok': 1}
1789800064	1789800154	ce0eee9e0b36facf13c9152f39a55b24ee77b599007956a322b38ed2c78bbee7	9	164	52	90	explicit	parallel	{'ok': 9}
1789800231	1789800232	8fe06c899934c86cd48724d51741752d691f0ca21b4ac5a1ce9c0d27f6ae110e	1	1	1	1	explicit	parallel	{'skip': 1}
1789800564	1789800567	d378d3d60415ff89637be0b0c7d7c17ef6676caa565bebd02d7b7fb0018b8f58	1	3	3	3	explicit	parallel	{'ok': 1}
1789800785	1789800800	f813661fa70ff521bde09e99ec11e206db5f3dab235b52f6ae9961c2885a3bd5	1	15	15	15	explicit	parallel	{'ok': 1}
1789800885	1789800901	c2f08b51d1b8f4a27fa3924bfaa2e9c06d5ab1fa622c01a3b853d196b6cde382	1	16	16	16	explicit	parallel	{'ok': 1}
1789800924	1789800991	96f933ca146ca4da4941af4fa969b64438598d32d2bb4615e9ae946e9f642515	1	67	67	67	explicit	parallel	{'ok': 1}
1789800959	1789800960	174270eee06747089e9bcfa4e8123c0bab88034138edf62a1e9d771e8f7350c8	1	1	1	1	explicit	parallel	{'ok': 1}
1789801079	1789801084	ba51f3d578d7ee5cf97b7744a8c73b4d725a316aa332369f288a15b42fe01602	1	5	5	5	explicit	parallel	{'ok': 1}
1789801286	1789801287	9f116216c40c4d4a84584ec19f5a7d7855ca6693ea840dd3b757dc5a96789d8b	1	1	1	1	explicit	parallel	{'ok': 1}
1789801369	1789801439	369378649814f497cbefdaa9ee1e1e9a26b711e4b60b41f73f1c6fff983f243c	2	100	69	70	explicit	parallel	{'ok': 2}
1789801375	1789801377	146966e0fe44aa49e8c35fd70dade9afe5566b93e680063901c9345ff4957583	2	3	2	2	explicit	parallel	{'red': 2}
1789801418	1789801419	fb623f276546cc2e369e255d1e29d6d4938447e83083c563bb89228c4356c8a0	2	2	1	1	explicit	parallel	{'ok': 2}
1789801442	1789801444	988a3f7341f4a0186bba57ccedd057668b81d9175e1b237cea3a7303ca185ec6	1	2	2	2	explicit	parallel	{'ok': 1}
1789801590	1789801591	8814022e532c3d3bfde75fcb370a4cfdccb70ffc62f6e5f59119b0b6dc0d1e3c	1	1	1	1	explicit	parallel	{'ok': 1}
1789801660	1789801669	880d4257bec54210f20cd7c1fd47a9a91cec2e9ba92785d395cd6589f2139b41	1	9	9	9	explicit	parallel	{'ok': 1}
1789801691	1789801695	2a027ae9dba94b426c3f45de0e1501252e2fafcff231d17acc915bd830a91152	3	6	2	4	explicit	parallel	{'ok': 3}
1789801876	1789801885	576a62a69c7300308988a9321358abb1e861b815c22d81d05ba60233a36b9357	1	9	9	9	explicit	parallel	{'ok': 1}
1789802014	1789802035	4eb295addf04f13b1786872d618dd42ce768f77b5621dbfd485fe9bd856e41d9	3	23	20	21	explicit	parallel	{'ok': 3}
1789802123	1789802124	e6d41f05d807f488aa27bb086f85bd0ae1790a1c7274b1e62d6eaf4b0211e599	1	1	1	1	explicit	parallel	{'skip': 1}
1789802221	1789802242	e97493787bff2d97cd93b9a6200d9f6bb438f3955e0fac27f140f570d901569a	3	23	20	21	explicit	parallel	{'ok': 3}
1789802245	1789802251	ab7e028c2587db37e42ec1afb005dae632b6e5ae98eab34f05afa5e8c128a44d	1	6	6	6	explicit	parallel	{'ok': 1}
1789802251	1789802262	205ac8535e88a235c973f7bc67ce28d1573c23369f68e187913aaa25b784c5aa	1	11	11	11	explicit	parallel	{'red': 1}
1789802380	1789802401	004ce4eb2e410ed1c1306f1db3d21c5c94af77defa81e636ecbd850cee4dd77e	1	21	21	21	explicit	parallel	{'ok': 1}
1789802467	1789802479	876287f15125cfa16189a2809e179f8752462fb37a1928766975b03a5acae874	1	12	12	12	explicit	parallel	{'ok': 1}
1789802482	1789802483	7b661e2b156d24d1820e5f834cdb887398ce7924ddf28956eecd48a465f276bd	1	1	1	1	explicit	parallel	{'skip': 1}
1789802534	1789802545	d87bb5ce1ca2944fbbd9721736ca9a74c5f96411d2b9ccf5f4ee4c4db3e23861	1	11	11	11	explicit	parallel	{'red': 1}
1789802744	1789802754	d31d38f31fae5a5c013beef64927a868a17df926b30d7e6956d6f37e526fa9d2	1	10	10	10	explicit	parallel	{'ok': 1}
1789802781	1789802792	c66af90cf7284d2938e8da3b2f5a8dff93ee92581ec5ee51a53971ce4c51b975	1	11	11	11	explicit	parallel	{'ok': 1}
1789802967	1789802978	b5b1d3cc845a21eee9fbfc02ee7b06042ec22d4d808e2549e85f181ffff10310	1	11	11	11	explicit	parallel	{'ok': 1}
1789802999	1789803009	690e5ecbea1af22e93f4374f66b7d79b7f66f4b61ad2bed54ef0f3f30ab5ce25	1	10	10	10	explicit	parallel	{'ok': 1}
1789803117	1789803127	ac973e823d105f96232e2ab791d5eb3153aec1919924b4a20d0cb23b33e0397a	3	18	9	10	explicit	parallel	{'ok': 3}
1789803182	1789803212	d4ad8e03c0bad0e0eaed3eb847fa3237d0d70613f8db2127e15edc9e609636f7	1	30	30	30	explicit	parallel	{'ok': 1}
1789803633	1789803688	3189b295cfd4b436eb2f41a8609b6d55f88becc7a150a071e9ff033c49f2d97c	2	90	55	55	explicit	parallel	{'red': 2}
1789803687	1789803691	7ac84fb1a7fda3eeb1e091a8006fdc67086b879ea999af14348231eff632e5d6	1	4	4	4	explicit	parallel	{'ok': 1}
1789803743	1789803775	79ece565b67f352c4d6b0ac7e3fdc7f1acfebab38fe282f94628e2f947ad2220	1	32	32	32	explicit	parallel	{'ok': 1}
1789803821	1789803873	804ec5c438141584403ef5556e9dbc4e06f1f4cc3b1293ad795570e5b845b5ca	2	86	52	52	explicit	parallel	{'ok': 2}
1789803851	1789803852	b851aebea676a63e2de4709e1aa44befb3ec86911ee22785323a9fa057e4e174	1	1	1	1	explicit	parallel	{'ok': 1}
1789803889	1789803891	a05eb6a5b2880ef2c0c3cc31406322f0b7ea3c3e9b763fbc38c1ae5f939aa03f	2	3	2	2	explicit	parallel	{'ok': 1, 'red': 1}
1789804061	1789804070	ca1f2438558a440e9a07b09916b265df51481904427569bdac26f1538bcef625	1	9	9	9	explicit	parallel	{'ok': 1}
1789804118	1789804241	a40004148e032d48d518f921098a2f0b6d39b0f83081dcdc1c7bb3c114dc5dbe	3	132	121	123	explicit	parallel	{'ok': 3}
1789804140	1789804145	44823b32179943c42aa8d30a059c234eb091e6f6002cc3e5a5589d79a0205f2e	1	5	5	5	explicit	parallel	{'ok': 1}
1789804224	1789804275	2dd7ca4cc05860bf664b7190d7763ec7bfb0d3298b0570a86c6f05a26b55c727	2	84	51	51	explicit	parallel	{'ok': 2}
1789804298	1789804301	d28ce2cad9d0ec6f169ea90bab3a06deb050c018c5de8f88eb887e6331bdc190	2	4	3	3	explicit	parallel	{'ok': 2}
1789804557	1789804672	818776905dd5eca2304ef657cc0d229c8984f5ffb508aa9a92c4a867f4485efd	3	124	112	115	explicit	parallel	{'ok': 3}
1789804745	1789804746	a9d46d97fde6aea8ed2cdc56dbbaa2de96ce1fbb5f6980fb3753f5519e630f12	1	1	1	1	explicit	parallel	{'ok': 1}
1789804951	1789804952	49cce26b5aefbbb98ff3a08718422853f7b2b2130f67b02b57755138c20c1045	1	1	1	1	explicit	parallel	{'ok': 1}
1789804989	1789804995	b1b444a2f38d69303477bc5801a37a94c1e33ce0cdccc94e2313b81572d2def5	2	10	6	6	explicit	parallel	{'ok': 2}
1789805017	1789805025	97747cda3c2acafdeb6e8973f92adc1e95fce9239457e36f665069575c41535b	1	8	8	8	explicit	parallel	{'ok': 1}
1789805179	1789805181	1f8819439aed17236f496d191a2157184881e481f3c3661361aabcdf7acc14c5	1	2	2	2	explicit	parallel	{'ok': 1}
1789805268	1789805318	00ff9cd5be6d4deaff7f5073c78fd05a727261f931a0515a58275c42df7e156d	1	50	50	50	explicit	parallel	{'ok': 1}
1789805546	1789805594	aec76900756fa2ad6bf11da19697ced089b360fe25e05c2fb101d61f7c411276	1	48	48	48	explicit	parallel	{'ok': 1}
1789806826	1789806835	a7da62fd1819778cc76fc22375e911f244a01a93b975a598b627f8080443e2b3	1	9	9	9	explicit	parallel	{'ok': 1}
1789807030	1789807150	3d8382b858849ace299f648758925cbf9a4e9df9b4e55bc5deff7beb9219bfac	3	129	118	120	explicit	parallel	{'ok': 3}
1789807035	1789807048	d06caba60ee20258598ed130663c9a4da609f7d04247b5bccececbde0749d76a	1	13	13	13	explicit	parallel	{'ok': 1}
1789807300	1789807424	b4e4bf0c7891f9617d2d516a2b488421925cae56a4ac33003e5b0cc6d4167009	4	133	118	124	explicit	parallel	{'ok': 4}
1789807502	1789807515	73f866b74ff7616588a93d7550df09bfff33f75031eef2e902376cb93bafa873	1	13	13	13	explicit	parallel	{'ok': 1}
1789808214	1789808214	61d26260d9230bcb262101e081ff722397605477697f852dd7a9de73b92a26c7	1	0	0	0	explicit	parallel	{'skip': 1}
1789808423	1789808424	9c4c63bfbe52359e5b2e9535013f2b58dfe3bfe9d16b12bc713342708cd671b5	1	1	1	1	explicit	parallel	{'skip': 1}
1789809963	1789810059	f52a374c8dd9f0d19d1b1909e29ab32deaa7838ab8b96a5e4b016fd36130d622	1	96	96	96	explicit	parallel	{'red': 1}
1789810365	1789810376	580b1a92866e8ca08c60f058c6d667ada7a95e527f9e7cb875bc03dbb6af6a2a	1	11	11	11	explicit	parallel	{'ok': 1}
1789810540	1789810589	8fec0d44378394c761effe44253d95f5b84b2c6345613ca76217845d2af8f9a0	1	49	49	49	explicit	parallel	{'ok': 1}
1789810591	1789810688	c740c088862a9f71ba5cd9fbc8b2b61395a52c4142d0fe60ccd7877981e2337c	1	97	97	97	explicit	parallel	{'ok': 1}
1789810710	1789810828	182467f962fc428984261b342dbad0386b0c850c17208aa31ae1308a50e1d404	3	130	118	118	explicit	parallel	{'ok': 3}
1789810872	1789810925	a20e9a2a40fac54b84fd91e12eaf9c0e771610f713bc4a7f4f714c12f2294831	1	53	53	53	explicit	parallel	{'ok': 1}
1789811049	1789811144	13d341cf24eee33958fc6718064799604543aa5ab3cb6a12f0bc65ee680c96ac	1	95	95	95	explicit	parallel	{'ok': 1}
1789811209	1789811218	b79c9370450f9c4eeeb2f37df729b16f440b721facecb0d8777ee838ee92c473	1	9	9	9	explicit	parallel	{'ok': 1}
1789811254	1789811413	4b6e4035fadd02b4101bde7cc3cdcd986e868595273913762448c11ca0cdafb7	5	280	145	159	explicit	parallel	{'ok': 5}
1789811332	1789811390	83f9a7e9ee818ae33e6c564dc53dd95ec6bd211c91c438d14cec5e7943e6bf24	1	58	58	58	explicit	parallel	{'ok': 1}
1789811378	1789811379	2c607f48dc073d3866381ee337746d3eaaae03167e046bf90b03757cad50cc6e	1	1	1	1	explicit	parallel	{'skip': 1}
1789812931	1789812977	0bb8f5bff22285b1094d57ba1519699bf98f99b9a563c4c899145bd7d42afe1b	1	46	46	46	explicit	parallel	{'red': 1}
1789813017	1789813063	0d09715dd762aa385dec2288aebec12623012d5039d0e39b3b99ff1f7a976040	1	46	46	46	explicit	parallel	{'ok': 1}
1789813085	1789813098	3d13298a4f39318f1602566775f4baf1b93cb5faad637c9c93875cfe8371c7c5	1	13	13	13	explicit	parallel	{'ok': 1}
1789813322	1789813368	463573a0f516fca74185905dc08873dac5d8f93a8b99347d15b4a6cf61984a33	2	59	46	46	explicit	parallel	{'ok': 2}
1789813998	1789814098	3ebf09aed579cc8660c6420d92c6edd2b85c282a304beb0d77d068e3babd3fca	1	100	100	100	explicit	parallel	{'ok': 1}
1789814046	1789814082	a31f3393cc3cb4329d768719b982ad6e2d29ca46b4e87ab1274a57211ec73782	1	36	36	36	explicit	parallel	{'ok': 1}
1789814086	1789814087	6d180745a71cc5e1917b808871104b74757f70dddb751800af6d48c82a47ae3f	2	1	1	1	explicit	parallel	{'red': 1, 'ok': 1}
1789814106	1789814166	aefeed41571934bae343d235fdac34e12cf748fe45e222fd72611b1f9e4d0f24	3	112	52	60	explicit	parallel	{'ok': 3}
1789814133	1789814134	daf59839df26a0930e4dff8847526e60dc82184ddd76858bc805ef3da27c519c	2	1	1	1	explicit	parallel	{'ok': 2}
1789814160	1789814179	3fb0128f41a73613becc65f404a5660c2381627b162a395fe51f3009fd36b975	1	19	19	19	explicit	parallel	{'ok': 1}
1789814407	1789814445	587d6e9d478586727529a2ee4f7760adfeefa56d474bad40ec5da452a67c5bdb	1	38	38	38	explicit	parallel	{'ok': 1}
1789814524	1789814525	bf358d85570f2fec95c64a7128eca2bd25be4160ab4a19f3bdd0ea157a94cecb	1	1	1	1	explicit	parallel	{'ok': 1}
1789815415	1789815604	e72589e93143cffd3c8d250f248b33866c5c7fcc5f042b45e462491526ce57f7	5	324	149	189	explicit	parallel	{'ok': 5}
1789815499	1789815523	c2dff9eddf41a52b1fc48c946a686c4b56b60595171ae927d51246c9d2a727f9	1	24	24	24	explicit	parallel	{'ok': 1}
1789815640	1789815666	10c3791d5d4d81096e1681a5c9827491e1f4af923b699aa62d686289a11720e5	1	26	26	26	explicit	parallel	{'ok': 1}
1789816673	1789816674	07aa7dc851721264ce8f1e656a6a7b41ff85aede45d94a1aec518907d99d3ddf	1	1	1	1	explicit	serial	{'skip': 1}
1789816898	1789816899	ad2087705fb9c03a5eb9d0d4992bf7229f7b52908eb0a66441ba5881e8463282	1	1	1	1	explicit	parallel	{'skip': 1}
1789818594	1789818603	693b6ae690c4d6866f5bd2f02a81ce504c7aeeca53120158ea75567853ba414e	1	9	9	9	explicit	parallel	{'ok': 1}
1789818777	1789818787	0e7b28b5b6508c12e039ad3d520f33c470e3382a8af96235f1438727e8791b50	1	10	10	10	explicit	parallel	{'ok': 1}
1789818974	1789819030	9119adc64e946650be9cf97cbec910e78cfb18747d264614ebead0377a38ff3d	2	76	55	56	explicit	parallel	{'ok': 2}
1789819243	1789819264	f853347a1ca1d4e82e68a068a8c92cfa78a9bff2ea300ed7d28bbaf3b533dd02	1	21	21	21	explicit	parallel	{'ok': 1}
1789819399	1789819399	5336327f4d7fe819a3dde9b2d12d036ec4fcb1b3e0cea885fa3cd09d2edb4d1c	1	0	0	0	explicit	parallel	{'ok': 1}
1789819420	1789819428	669bd4f772c0aff8dff1c7ff505164fa4441352305576ee4a4b1524a77c17078	2	9	8	8	explicit	parallel	{'ok': 2}
1789819454	1789819466	64f75fdd4e9e6ae4e2be1990bc19fe9ced21158a2d19efc5ea006a336dc1402b	1	12	12	12	explicit	parallel	{'red': 1}
1789819516	1789819529	61582a6a70fb1b8d3d2e7d48aed12e95dac45b79bf3d69389008e0d6ace58864	1	13	13	13	explicit	parallel	{'ok': 1}
1789819550	1789819573	0297c0228edfc81dfe9fa19b5da3626b8221cc70fa6c56861228fac62f9d4faf	2	23	23	23	explicit	parallel	{'ok': 2}
1789819555	1789819556	44f07940cb64d99e139d97dfdd59f96b786053ec2be1c9444f7f7b9099c42738	1	1	1	1	explicit	parallel	{'ok': 1}
1789819710	1789819722	8a19da1b3ffd1207f96071a5f39201f78b749f821a72654b3f405dbe01af40e5	1	12	12	12	explicit	parallel	{'ok': 1}
1789821995	1789821996	a9d207a8557165e733737dd3a72c55b852f36435c40529835f015d5e0cc6bd57	1	1	1	1	explicit	parallel	{'ok': 1}
1789822018	1789822087	bbde931638a5e6e924a4c903f60cd8a7a543ada94bf792bf98416e37de0c723b	2	71	69	69	explicit	parallel	{'ok': 2}
1789822107	1789822108	0a05ebab6a607684891dbc7c912df98f9daa26338213bafede7a73bb43b60a74	1	1	1	1	explicit	parallel	{'ok': 1}
1789822297	1789822298	46f62e18ebef26bf1e5d26eb086b9ba4bc414c29670cb829eacdbdd8efdc796a	1	1	1	1	explicit	parallel	{'ok': 1}
1789826360	1789826373	9f9d25b550d4542575f415e4eccee16bcdc5b12d3060596b5574874e6c7df9cd	1	13	13	13	explicit	parallel	{'ok': 1}
1789826394	1789826395	d0dde9d74f4345ca03a2f6294fcd7a9d4a02963bda30ac969ca47c21e281d4ac	1	1	1	1	explicit	parallel	{'ok': 1}
1789826600	1789826615	7ad0a9c5e48cf3b3d09f67d94491e02a728a635c553de877df14c364f9b2c687	1	15	15	15	explicit	parallel	{'ok': 1}
1789828039	1789828064	93441e249b3aa5e4dc5b2120f7ebd86ec73b5dd209d77bcab9175183577f6df1	1	25	25	25	explicit	parallel	{'ok': 1}
1789828318	1789828341	0c8f0ff941b8c5a77c27334fc9402af55baa614651fbc69b406efb4989e2c5e5	1	23	23	23	explicit	parallel	{'ok': 1}
1789833312	1789833318	436dc27e730bd9b69af191ca375358f7f276ff72261bfdda05785301c7eca7aa	2	6	6	6	explicit	parallel	{'ok': 2}
1789833545	1789833550	b928341a1de58428a6f8a90a021fae4f8040f89ed80bda5c6cd54b0a152d906f	1	5	5	5	explicit	parallel	{'ok': 1}
1789833558	1789833565	e7869e1e2c6c62660ac898bd01131a057f27e0d962d68df53a68e7c24987ce6f	2	9	7	7	explicit	parallel	{'ok': 2}
1789834074	1789834079	d9a4f729842818dae91f45652d7d688b727341fb98f2d04e38e86125929f817a	1	5	5	5	explicit	parallel	{'ok': 1}
1789834196	1789834202	dcb7cb1145642affadcbc0a860d7b98557d30d4c800aafe8b0aa25719ea4b1e0	1	6	6	6	explicit	parallel	{'ok': 1}
1789834261	1789834267	8591bea113d251c45fa8da239dfdb90cb0753532534c8aea685116ae79b9f035	2	8	6	6	explicit	parallel	{'ok': 1, 'red': 1}
1789834478	1789834479	4267c9f189cb64a383f8015f964582d6a84877961d8c8314d2db1fa9d3509491	1	1	1	1	explicit	parallel	{'ok': 1}
1789834500	1789834509	b41c2507f38f0e41971d333985ce633b612183a25fc7c944126834e8c9c9114d	1	9	9	9	explicit	parallel	{'ok': 1}
1789834518	1789834573	70a14e2136a4589eb3e4f553da8e840d97a42b3beb7e51d8c47e48cb77ae8399	2	56	55	55	explicit	parallel	{'ok': 2}
1789834717	1789834723	86da2590c0d7216d176db219ec757eb8d5980a2aa9ff58af2e0f54b693f3cfba	1	6	6	6	explicit	parallel	{'red': 1}
1789834771	1789834772	e01ad430c687a4cf7eb5563577ed9331b76b391c2f2d70a25579fc9a96f1e822	1	1	1	1	explicit	parallel	{'ok': 1}
1789834794	1789834807	8722a7a1fa5b23f318ff8f6db9f447f4ad4b2379c4a17e22d1e2835bb9703755	2	19	12	13	explicit	parallel	{'ok': 1, 'red': 1}
1789834844	1789834898	71e53d507934168d9178c5d29ed06e6ee6a7a1de8865f37addaec6a7e0dd254f	1	54	54	54	explicit	parallel	{'ok': 1}
1789835098	1789835105	94b3b32b251a9aa07792a0e9aa08f2432ee1fa156287ae4822160414e81cfe9c	1	7	7	7	explicit	parallel	{'ok': 1}
1789835273	1789835285	1f3af2330ac0c5b0c4171f8d17f46377f3c4276876c4bd957888d5d7249daa4d	1	12	12	12	explicit	parallel	{'red': 1}
1789835326	1789835339	1f3cbf5e483b8b98324b505b2dce087c3cef992dc1f3202a337fc77aabfc6793	1	13	13	13	explicit	parallel	{'ok': 1}
1789835363	1789835370	a534bbbf467872f964617844d74ecf73ee20756392db663ca2d46d25179ecaa2	1	7	7	7	explicit	parallel	{'ok': 1}
1789835536	1789835549	38a67533eb50f0993ba6eaee3495894bb479009738976dee3a7e222ad83793b7	2	20	13	13	explicit	parallel	{'ok': 2}
1789835554	1789835555	e56c69f526ce4a09fba51c3fbee42a6faaa68f58c33c15178e789a27e7e92880	1	1	1	1	explicit	parallel	{'ok': 1}
1789835608	1789835609	945af78cb009ece70ed5986f8fddc0e503d11979e1132eeba22f23eb5f50753c	1	1	1	1	explicit	parallel	{'ok': 1}
1789835701	1789835756	2b1d08d8fb9be72f4c1d7e97572b7ffa6e03a796e57fe4ca27ef3f5523702e47	1	55	55	55	explicit	parallel	{'ok': 1}
1789835734	1789835735	499dfd60810f14c362c4519127af155712d1bb616959cd902cc1685fd923b0e9	1	1	1	1	explicit	parallel	{'ok': 1}
1789836467	1789836521	5325fb56a69f86f0f42eb17db5e5c54b5512648f5d71b6e732fc5933b6982e2a	1	54	54	54	explicit	parallel	{'ok': 1}
1789838615	1789838628	e3cffd58836b2317a92c35a8ad9f1c9ae238067b6cf438f5d27c6e97c4577715	2	21	13	13	explicit	parallel	{'ok': 2}
1789838737	1789838752	4c09e5e5c85f5797ac4ba9e425f5191861c639136ce9d06bbe6c2d9cd7975d91	2	25	15	15	explicit	parallel	{'ok': 2}
1789839176	1789839203	fac5e00696c440b4395df00651c92715dd7bb25b1e7a2f19212dc6d2f93fede9	1	27	27	27	explicit	parallel	{'red': 1}
1789839528	1789839562	2836ddad2148b21f1fcdc2f460888a337f6413f5be5ae29d5c2bb0081dd51b0c	1	34	34	34	explicit	parallel	{'red': 1}
1789839813	1789839852	e3f91c9dc859b57ba4e71663265eac2b9d0738dce19a822ae1a1b8ec4be05a70	1	39	39	39	explicit	parallel	{'ok': 1}
1789840051	1789840084	70b4336bf9601deef95808d6f72d8411c9af6386b1ef9af731f10e94e5b12fcc	1	33	33	33	explicit	parallel	{'ok': 1}
1789840222	1789840245	6e98bbf801a0e24f45fb172d5c923bf8f3a837a3822cc2d073c6b145957fbccf	1	23	23	23	explicit	parallel	{'ok': 1}
1789840249	1789840282	fb493735c6223a019d568f72c72c8ca422436114c1736b7151fa67bef8b8a1bc	1	33	33	33	explicit	parallel	{'ok': 1}
1789840514	1789840538	39e2ecf2dfce58c31f75fd4e1d66f93158077c4c926154ddd7a46d89683729b5	1	24	24	24	explicit	parallel	{'ok': 1}
1789841086	1789841087	9c181530cab7814421844e0c6795d404dc30e96c3e953576cfeb9ed45cc4b409	2	2	1	1	explicit	parallel	{'ok': 2}
1789841316	1789841320	99269fc3cd5d4e33ac5855eab3720771ee03a881d2e0ec8095872e7de34e93ac	1	4	4	4	explicit	parallel	{'ok': 1}
1789841379	1789841380	217b45442bd83fc7055c3757127b2b42dbbe086b32e5a7c63028111c7531f70f	1	1	1	1	explicit	parallel	{'ok': 1}
1789841690	1789841721	e594f0e275ea66fb29dbd97dbbd94c5d36a0f277560ad3057006c3e079c66d58	1	31	31	31	explicit	parallel	{'ok': 1}
1789841853	1789841856	4201f40fef88f58a48d8adf72fbd3dcec5143e7aea6ff3930b059a10c307c2ed	1	3	3	3	explicit	parallel	{'ok': 1}
1789842029	1789842080	32ce9f20b64d791489eb5aba3138f1c1c8df0918299b8923f7ae3f56a135bb37	1	51	51	51	explicit	parallel	{'ok': 1}
1789842389	1789842392	46886bca26530ab5930772eb0b8e592a8b74c28625e7d99c3b8f5092d958da8b	2	4	3	3	explicit	parallel	{'ok': 2}
1789842867	1789842868	bafff3d7c01775f50cf960f891600291b10caa064e22728fa8dea916b0c41416	1	1	1	1	explicit	parallel	{'ok': 1}
1789842947	1789842950	0b5200b16827b09aed735f2a28b1406da7edccdfcc63acfaf612c7748cac2a1e	1	3	3	3	explicit	parallel	{'ok': 1}
1789843096	1789843097	7f368be4f9d73e8f929dea618edad132fde89fa46b6af5c8e1b3874a015d9eb5	1	1	1	1	explicit	parallel	{'red': 1}
1789843164	1789843164	489389fd79e9a78bd1370e54a95d713520c728acf9a3df22eeac8d729fb16a0f	1	0	0	0	explicit	parallel	{'ok': 1}
1789843293	1789843294	f041c9513ced5b81265e3279aed68765ea9e8bdf8c516616b316cd83b1a393b9	1	1	1	1	explicit	parallel	{'ok': 1}
1789843781	1789843795	0b28ef12826488802ae49bbb58491f7057bd7db8b4a9d86c7e30f92c3f8dac29	1	14	14	14	explicit	serial	{'red': 1}
1789843822	1789843877	3e25d881937e9404ac2ac8de799c1e15ccd402b922e0031e1410d8b7faa2850a	1	55	55	55	explicit	parallel	{'ok': 1}
1789843895	1789843909	78a4cd1de4d641391d495afc6fbb976169dd6a6dacccf2f7a348d994e9c67034	1	14	14	14	explicit	serial	{'red': 1}
1789843997	1789844015	3ad0f5266d51ff763baa43a5d7817562bf36cfcadfb27738553a9dca4e0dd5d8	1	18	18	18	explicit	serial	{'red': 1}
1789844046	1789844062	8cefdf9b2564464ddfe9f903645aa8c9d3fe06f395a2f142ba3eb737c1c988fa	1	16	16	16	explicit	serial	{'ok': 1}
1789844113	1789844188	83b839d5ff7f85c917a8d14203ce2e76b0e73a580eb8f6246bfa87c2228774fc	2	75	73	75	explicit	serial	{'ok': 2}
1789844258	1789844344	d48166ffb7d2645ce15f7d8cf24c906755977c26a631e585a05f8d224c05d51d	3	86	70	86	explicit	serial	{'ok': 3}
1789844675	1789844689	c92ee0577a7a22ed771be6a6265e98769b16bb108f210999a2b1218c0304b4a2	1	14	14	14	explicit	parallel	{'ok': 1}
1789845039	1789845042	3a2d2f89ab610dad016357ddd6c17b9d51973420892d5509f4fff97635575221	1	3	3	3	explicit	parallel	{'ok': 1}
1789845298	1789845301	4ad101034af850c4579261b41d0fa4de601d5c5a0d63bb82bacc3b127a92bd30	1	3	3	3	explicit	parallel	{'ok': 1}
1789845615	1789845616	adc4a9fc35f4ae369fa8acc8efa116c9741d315d794693ef73f6b79b282f9762	2	1	1	1	explicit	parallel	{'red': 2}
1789846519	1789846537	a5433537503ed47ac0d53fa0a1604b4754c27d3c5e9351470701c935bf6549b6	1	18	18	18	explicit	parallel	{'ok': 1}
1789847347	1789847349	30cd0a10bd920dc72de5ff2dba599d8e8e11409ff1c4e9e459835370aa6664e3	1	2	2	2	explicit	parallel	{'ok': 1}
1789847546	1789847548	1cddf448e76b23d970e40ab1a845187d6389a10bf81b15a1b57661302463db26	1	2	2	2	explicit	parallel	{'ok': 1}
1789847616	1789847633	53101ac5d538b1ad207e4f77154ad0715c6d35444e5bc95a42dbca042cb23de7	1	17	17	17	explicit	parallel	{'ok': 1}
1789847855	1789847858	630421cc5d923efae3cd5479bae06d7340014c49a62bcdabfce2d0aac31b33a5	1	3	3	3	explicit	parallel	{'ok': 1}
1789847938	1789847956	b9d634ea4428f739df6c733d64506ed364b916a838327bcc6a7b55d5671f53fd	1	18	18	18	explicit	parallel	{'ok': 1}
1789848081	1789848084	b62287025000ea2525fcd747696ceb33c6bf0f007cf9ca0db37bb8fc5d1d3e6f	1	3	3	3	explicit	parallel	{'ok': 1}
1789848330	1789848333	02957854706fba10af414434a66b6100dd43e8fbbb0235532f4e02a14557b8bf	1	3	3	3	explicit	parallel	{'ok': 1}
1789848723	1789848723	ee6f0943d127772fc4ffd8b0868fdfb9153d84f15065fc3c5c93158aeae17116	1	0	0	0	explicit	parallel	{'ok': 1}
1789848749	1789848753	d293580f4308621ba3d5d190da4d352f2571a71393c7a61a9b6f35558d4e7ea5	1	4	4	4	explicit	parallel	{'ok': 1}
1789849029	1789849035	8c34f61c64d798ad607c22c6a798784bb85d60bbcc671502b035cbbcab3a2a56	2	6	5	6	explicit	parallel	{'ok': 2}
1789849086	1789849091	afc7d2dad3e7daae5012837cb12c09d8ba40de92f6c4790fdb0481529c9e3ed9	2	7	5	5	explicit	parallel	{'ok': 2}
1789849120	1789849140	ebe078cc0ad85558789a866292a59f14d885eddece333ccf0b03e10bef86529f	1	20	20	20	explicit	parallel	{'ok': 1}
1789849192	1789849193	ef03d60b5111ff5938f1eca65ab75cef199360039b8307043ab0101f3268023b	1	1	1	1	explicit	parallel	{'ok': 1}
1789849382	1789849383	fd744169dde464fe3c5584a567778f55c4d3fb7b44ff544b3b77ecde6280def8	1	1	1	1	explicit	parallel	{'ok': 1}
1789849385	1789849386	1b5be4a50d6fd8dc2d4cb6c0d7bebc84574ea35aa3c6de4dff3bd30d2339b469	1	1	1	1	explicit	parallel	{'ok': 1}
1789849606	1789849615	bec945a61522bdd55f6b9e87dc27c4ab3c35ca6d0991ad93d867cccd9fd5153d	1	9	9	9	explicit	parallel	{'ok': 1}
1789850097	1789850112	6c075828679aa06a88512a231fb745d2ba692990e35a06880f4018e91c0aec4f	1	15	15	15	explicit	parallel	{'red': 1}
1789850389	1789850392	a4053418c47a1502805a137a125a9a781e723cee85e130188f93681f4fb93afc	2	4	3	3	explicit	parallel	{'red': 2}
1789850562	1789850578	5a32736faa2760f76a94290b033e679b368a88ef12452d78eb1b955bfe2e7593	1	16	16	16	explicit	parallel	{'red': 1}
1789850619	1789850636	f5fd64003da56c244996517547f416c13fba9da9d84989eb449b36ac26e15237	1	17	17	17	explicit	parallel	{'ok': 1}
1789850690	1789850707	29c659c156e53b572b6442134b4b08c7421016da8a82b1bd47ee8387ef779fa3	1	17	17	17	explicit	parallel	{'ok': 1}
1789850749	1789850750	4ad2c55de79c1aca9a24513408fdaaa7504835b7a06ff6b13f2a76aeabcfc5e3	2	2	1	1	explicit	parallel	{'red': 1, 'ok': 1}
1789850859	1789850871	2cd5862ba448d03ac3e68afdf5dfedbf142c319b1c48697e539c6435c8a9a9d3	2	13	12	12	explicit	parallel	{'red': 1, 'ok': 1}
1789851002	1789851013	6f4381b10624546f8c7ff3d05129a92396fbde74f19c367d2e0fb78b7f07a2ac	2	11	11	11	explicit	parallel	{'ok': 2}
1789851007	1789851015	1d3479d2f99fe723c095b15b059547a84d9994175b059b627565146f16d00f1c	2	9	8	8	explicit	parallel	{'ok': 2}
1789851038	1789851040	611a4653e16c6eb4a2508c111ed24650da0b39b59a5c4d360aa55024dbf58cba	1	2	2	2	explicit	parallel	{'ok': 1}
1789851165	1789851175	495402eb5de5e3e1601ffcab1a46f2ce525ceaa50a8d2f86dba5db3399f03929	2	11	10	10	explicit	parallel	{'ok': 2}
1789851260	1789851260	135c216d68a52f879025c37411274b644421de7b0e19a9b1053c2785ba8ba40b	1	0	0	0	explicit	parallel	{'ok': 1}
1789851352	1789851399	ca1f3e460b13925d533a6aae6fd20f2249ac32ce6afc211480842b1802eba793	1	47	47	47	explicit	parallel	{'ok': 1}
1789851470	1789851480	d293a7cdb6950ab709d84bf5e7c1017952a4181cdb904036b0739165369f15b0	3	11	8	10	explicit	parallel	{'ok': 3}
1789851696	1789851729	a0e38e3fd59b91a9cdede77595da5d2220816e32cad5fa68fdd6893baa2e0bd1	1	33	33	33	explicit	parallel	{'ok': 1}
1789852337	1789852337	bd96c34a5facbc92c90f3eea492e901b261e8788ff1b5d481851ecc3ca7d6d3d	1	0	0	0	explicit	parallel	{'ok': 1}
1789852543	1789852551	832963e1409cb0c24b6d09e87e69724c2bd5468fc555b235ceba6aebe79f3521	1	8	8	8	explicit	parallel	{'ok': 1}
1789852694	1789852703	4be40c2fd746443edf69f94e066ebc15232b4b84db4a5315faedcfd0e64ddf89	1	9	9	9	explicit	parallel	{'ok': 1}
1789852802	1789852810	c7d3bbe5ed43e993a54b17398c7f8c7061211b03c2c2a53f438e1ce84d69f3de	2	10	8	8	explicit	parallel	{'ok': 2}
1789852830	1789852840	763eab01eec9cb42402860db1d12220f344980449a81b9343978f22a7866acb0	1	10	10	10	explicit	parallel	{'ok': 1}
1789852979	1789852980	a47c1cd18d7c816ccaa4c8d7d904149bda319b97ab09352609d8e995a0168403	1	1	1	1	explicit	parallel	{'ok': 1}
1789853062	1789853071	323c7fc4360d03a389dfe095ee6e59262b8e6b2c18fb931a8ece4485e64c14a9	2	11	9	9	explicit	parallel	{'ok': 2}
1789853251	1789853262	e499df9735f371349b5c9bc1afa0b91ffd8fb6bba2e2d7ffbf9f7564a573a3c9	1	11	11	11	explicit	parallel	{'ok': 1}
1789853286	1789853287	3969afddcc5ad7cfe05669bb25c06e12627d7d331881eeb1ce211851d0c1e67e	1	1	1	1	explicit	parallel	{'ok': 1}
1789853399	1789853454	630db0b8956acbe539354d8b9ffa0ed28663b5c54ddc070b5c33b7207527158b	1	55	55	55	explicit	parallel	{'ok': 1}
1789853545	1789853555	54d099b9ee0b1566e3bab4ec4190dae1fec65e0a1ab1b48118f9f2103ba2be9f	2	11	10	10	explicit	parallel	{'ok': 2}
1789854127	1789854148	748fe811a473388068ef2c045bcfb7f9daf0934e32868cd3a3d35749c9130d67	1	21	21	21	explicit	parallel	{'ok': 1}
1789854408	1789854416	143cedb69ccc6cf1f9dba92afb77be734f81d66e4c9ff349e95a402f36133d20	1	8	8	8	explicit	parallel	{'ok': 1}
1789854458	1789854459	2cac2c51a0160e2128640f57126bffe9f8968d95278aafa9d6c1d6fa700dc0b2	1	1	1	1	explicit	parallel	{'ok': 1}
1789854483	1789854487	d04498f38dc27194c31b49c5e984fc859220acdd453455ef44afbebbf77a6121	1	4	4	4	explicit	parallel	{'ok': 1}
1789854704	1789854713	aef009218eb51a56c0f919f086c8f74a286c84a196aa43147bfd3773711637fa	1	9	9	9	explicit	parallel	{'ok': 1}
1789855289	1789855317	323fcfc1a6e40b77f7a1006ac6d50f752c22519e4d59d246bd6cdfff8d3e92ce	1	28	28	28	explicit	parallel	{'red': 1}
1789855567	1789855574	1f399553d3a18329279cd8152f567704d887a7987d8f7635b5428139ad5ecd7f	4	9	7	7	explicit	parallel	{'ok': 4}
1789855617	1789855624	2021354206c5b4a7459373c0b6791427cbcbf1205932e69dce30739f6e522f9e	4	11	7	7	explicit	parallel	{'ok': 4}
1789855883	1789855891	4cff4d610a3f67d7327f0990834429eeeb3d7cfb73630ffb535839a69de454e4	3	10	8	8	explicit	parallel	{'ok': 2, 'red': 1}
1789855967	1789855976	1f1e0c0038a9bd8a361cab6c95d25cafbf66a1b7600be66f67541a08ca938a6a	3	11	8	9	explicit	parallel	{'ok': 3}
1789855977	1789855985	096be7d032181172ae97fb840f42d3b05ecfb9276585538378aa3bf968fbf043	2	15	8	8	explicit	parallel	{'ok': 2}
1789855979	1789855984	6c545df74000dc4584dd69301011d0d9113e316823b37ad72fac96911c43e1d1	2	6	5	5	explicit	parallel	{'ok': 1, 'red': 1}
1789856053	1789856082	9be44a3cda229a9949334103eb080a229df51e970e7439072991f436fa11faa2	1	29	29	29	explicit	parallel	{'ok': 1}
1789856069	1789856072	a6076aa9c9242857eb88e9d449eb20e7f4b3523c255801147fe771bd85f2697c	2	4	3	3	explicit	parallel	{'ok': 1, 'red': 1}
1789856147	1789856176	aeaf2d4d789eb30b847287e5599d04e31b71c4c819c8fb037ece569aa5f31776	1	29	29	29	explicit	parallel	{'ok': 1}
1789856195	1789856196	3a38a1fc2eec685dbc7f926d94ddeeb8c3b85d784ab7bdb1e521b7fa0d49ef3d	2	2	1	1	explicit	parallel	{'ok': 2}
1789856337	1789856346	d7feb4e8954f89bc8b4b65e0f88e7dbbc44d30c398c75a1aeb773a1cd34630bf	2	16	9	9	explicit	parallel	{'ok': 1, 'red': 1}
1789856422	1789856431	4d93c4ed4c1387ab533fe97bfdeaf2013c104f0ee28930e000daa94f402c3dd8	2	17	9	9	explicit	parallel	{'ok': 2}
1789856484	1789856485	8569ded183298c5a9f853395c0698ce86df816fcbd0e81bbb98d66103c8a2eab	1	1	1	1	explicit	parallel	{'red': 1}
1789856516	1789856517	b9d077d3bf34e23aab1409774187337d7a0a3a5716ae32eeb48a1279f7b06acf	1	1	1	1	explicit	parallel	{'ok': 1}
1789856544	1789856553	aa749bfe7c29c604f6b7f0eb388dc7bbbf37644589e73186cb5ddbbf6dc68aa1	1	9	9	9	explicit	parallel	{'ok': 1}
1789856590	1789856590	1d32969387471178db7a5defe5489f900779028dcf7a7ba6e8d4f9d02c09b6b1	1	0	0	0	explicit	parallel	{'ok': 1}
1789856778	1789856787	4d54ba5e0cf9dd50f165c3ab8ea7362ad76f12636b2811f01dde65ac259cf454	1	9	9	9	explicit	parallel	{'red': 1}
1789856780	1789856789	f99f081b7dd1b799555e3bc7090e3061863f6fde52e44e0c9bd9574f6d9a45d5	1	9	9	9	explicit	parallel	{'ok': 1}
1789856819	1789856831	2e05209f0bab521354a533a7eae8bf82a01ba37ec187c9b4fa64076b51960ba6	1	12	12	12	explicit	parallel	{'ok': 1}
1789856869	1789856881	4c4a87ff17cbc83a73836f21b931f259d594efe65793a19ee53dd16560096f1d	3	14	12	12	explicit	parallel	{'ok': 3}
1789857007	1789857021	09b7da048972a68bc60fb0d493f21dc315272af98a8b193d4b36f52d3562dd79	2	21	13	14	explicit	parallel	{'ok': 2}
1789857250	1789857297	b207836295802981c5a660c645afdb1f3a4d953f804c84f861309c6d102e3a8b	1	47	47	47	explicit	parallel	{'ok': 1}
1789857405	1789857413	9422593fd21b06f91849f138c8401b3511e4683f0740611733d18e55d27ce03a	1	8	8	8	explicit	parallel	{'ok': 1}
1789857437	1789857441	54edfe38e6fe53e21125c2a71aae7e96bfd2cb133581d1c59d6860ea442a7608	1	4	4	4	explicit	parallel	{'ok': 1}
1789857463	1789857513	8341d04a228caecb21a8c21c8875e5e765c7e652e03562ed5982d3aa489d1945	1	50	50	50	explicit	parallel	{'ok': 1}
1789857466	1789857473	3d6dd11cc3e29a51e4dd227eaca4fee5c2408ab32daba8d4169a9cb061be2e3d	2	7	7	7	explicit	parallel	{'ok': 2}
1789857956	1789857967	a518d81f070179532f6fc03df7569451a0db6783c8650c7775889de741702669	2	15	10	11	explicit	parallel	{'ok': 1, 'red': 1}
1789858045	1789858054	1cc39663dcc26f727821de61fb27cff498058b5fac8dbc30d5a42690d3f94f41	2	13	8	9	explicit	parallel	{'ok': 2}
1789858232	1789858288	43e7593dac4cfba22d07f4f9290942020dc94376a69829dbb097d24c2f0b604d	1	56	56	56	explicit	parallel	{'ok': 1}
1789858428	1789858442	a8dc69d9ce85635023979acd8bc65d3a441bb556611424129eec54be5d21b114	3	16	14	14	explicit	parallel	{'ok': 3}
1789858465	1789858479	a26fde9ed51818cf0fea3ef274c7330a903a6c8f60dafc3d8a8f9deb8bfccca0	2	23	14	14	explicit	parallel	{'ok': 2}
1789858678	1789858788	5c960bac977c2ede1fc926e4c4889d61fc9e6adc583dd8fe747dc98b8efb5304	2	111	110	110	explicit	parallel	{'red': 1, 'ok': 1}
1789858919	1789858979	88ae9a44511ddf83335cbb1c9043f450ac3e10b9e66184a1de8d5acbc7ae5214	3	119	59	60	explicit	parallel	{'ok': 2, 'red': 1}
1789858922	1789858933	a19c0ac652597bd2932d2a1bcac63dbff2c92422a6db18ca95e7f340553c5f52	1	11	11	11	explicit	parallel	{'red': 1}
1789858938	1789858967	cd007cef46f943cb2e37b78cbc3f5be29b74a16a3e2ba5e7db1c0c3400b7b70d	5	44	16	29	explicit	parallel	{'ok': 5}
1789859083	1789859093	8e53022dc493d635c7730ae3dd256c5749f1c659e0cbdad8017fb285315bbc4c	1	10	10	10	explicit	parallel	{'ok': 1}
1789859192	1789859207	20db2e5ca4db111f5ca8f74325566039601c74ff12a064895fcf18c38b62f9e6	1	15	15	15	explicit	parallel	{'ok': 1}
1789859470	1789859485	4ecdfe4ecee06aa54b1cc12a98fd55f700861eab3d6751b83c823653aecd222b	2	20	15	15	explicit	parallel	{'ok': 2}
1789859972	1789860001	4ab302e1bf66be79a0ea9e4d241c2a97c66399ba2703e2dcdeaacd86f875879f	1	29	29	29	explicit	parallel	{'ok': 1}
1789860027	1789860032	2ba41c5fc9ddb339d24ea69dc27ded30e54039954744a6c1ff7180e61207d271	1	5	5	5	explicit	parallel	{'ok': 1}
1789860072	1789860106	1ede8e4e65abc1f090edfaa7e1801e84198e717ef278d0b1258578e008f3614b	1	34	34	34	explicit	parallel	{'red': 1}
1789860180	1789860216	70a54dbe49e477acbe0266bd8e404fb9fea63e8dd76205e0e440bffbbb4f5ff7	1	36	36	36	explicit	parallel	{'red': 1}
1789860185	1789860214	08140c7d1859dd88a1bf8fd52647234a98a6200c478e569a6c58918e2f5bcb0b	1	29	29	29	explicit	parallel	{'red': 1}
1789860268	1789860304	66037b4694cca85852cff8935209d0e3e8f1b6ca14ce8150edb5e1c7c6b9cf90	1	36	36	36	explicit	parallel	{'ok': 1}
1789860290	1789860320	9567093ea3918637e8fc6ffcaa8f577b111ac1f316346019b39f9abb087dd223	1	30	30	30	explicit	parallel	{'ok': 1}
1789860330	1789860331	8a80f09d451ff2910d9ca5e9cd590cab7f0755cc3c035cdc095a6c63139694a4	1	1	1	1	explicit	parallel	{'red': 1}
1789860339	1789860355	5ddcc19bb74334c258d58d0f06d8b01701221879d4d7d50753c863acddb3eeea	2	22	16	16	explicit	parallel	{'ok': 2}
1789860394	1789860394	98864ae881af30b541a83719acb0915f47c921f3fdf6bae3837c27ceb55a67ec	1	0	0	0	explicit	parallel	{'red': 1}
1789860628	1789860628	ff2d74ea65c08948c9ed957ec14198e3d3f0a72376e7e1750aae789d4a71d33f	1	0	0	0	explicit	parallel	{'ok': 1}
1789860732	1789860912	5d72787ce137e4d922e5591f813f4f6dfae30a91505f9d764f71dcd8a1ba4ef6	7	291	115	180	explicit	parallel	{'ok': 7}
1789860793	1789860835	f8ab6c635e84b46c875cec249057cbfca589126ec0d98a814d69d182e0aaf0a5	1	42	42	42	explicit	parallel	{'red': 1}
1789860888	1789860919	4f3ab10660c9640f4205e05c769b18df1bb1eeb299af0959567acdc557013603	1	31	31	31	explicit	parallel	{'ok': 1}
1789861149	1789861205	10f19408a88c4913ba0c132e882d9e56274775f1eadc5ab222859c4d132daa9d	1	56	56	56	explicit	parallel	{'ok': 1}
1789861170	1789861171	7ec6dc055647e195b7bcc29d9f45b1dfb02d3d0e4c523d0a6c9b72d13ad2f274	1	1	1	1	explicit	parallel	{'ok': 1}
1789861245	1789861275	279ba4863e7de9c1cd67fa5a11f029f8f88faf93c1dcb90f076df6426b62b492	1	30	30	30	explicit	parallel	{'ok': 1}
1789861491	1789861493	2f159a5bec15c2d6324c83acb3ecb528a136bae78bdee5e0043165f6162485e8	1	2	2	2	explicit	parallel	{'ok': 1}
1789861549	1789861569	f287bc90f4128fa8fbb15f0a1c80ff074e6d3ef12bbfe30ffe116776a3f530a0	2	37	20	20	explicit	parallel	{'ok': 2}
1789861632	1789861813	430b43e691d9df9982b9131070191a1df6700c7fd11fc262815eb8853ff17afc	7	287	115	181	explicit	parallel	{'ok': 7}
1789861867	1789861885	1eddb82343b4400edf2cba61dd91479fabaee2bcb42b53e34ccd661e91dc7294	1	18	18	18	explicit	parallel	{'ok': 1}
1789862035	1789862072	6cef80808d856870b7b96697a6494b6e0386bee6a5fbfa50d60d70b7b09b5fe5	1	37	37	37	explicit	parallel	{'ok': 1}
1789862257	1789862297	67561a710d2adfdf8f35606eefee86d5bd7f8fbec643b5db37deefdf39ac32a2	1	40	40	40	explicit	parallel	{'ok': 1}
1789862284	1789862285	ab110eabfd9db76749c1485acb765d30548b3613f1aad90bab9a50547276b0c5	2	2	1	1	explicit	parallel	{'ok': 2}
1789862434	1789862435	01848e55dfafd014643ba70dd47aa4ca10b900577f9b37d5ec0ae24d575fed9e	2	1	1	1	explicit	parallel	{'ok': 2}
1789862508	1789862511	2095fd087c7a66e0cbb084b8deb8c089677d79cafd0a6e86f439cce6bc4ebbe8	2	4	2	3	explicit	parallel	{'ok': 1, 'red': 1}
1789862550	1789862554	403efc8da2a5d904625db5901f28d42ae4e0e2de10af1cd1b8abc7fcc8d92023	1	4	4	4	explicit	parallel	{'ok': 1}
1789862589	1789862592	72cd06a0944354241401b7b899f661689f7a12616ae36de85cd4edd72c3f296e	2	4	2	3	explicit	parallel	{'ok': 2}
1789862756	1789862757	a4b5560da57ff540eefab24e521fded928566e24060452b2dd1fcf1505ba214f	1	1	1	1	explicit	parallel	{'ok': 1}
1789862817	1789862817	d2235db392d94cc832f363d51c3d488787972f3af611a05bd6a3914f5706fe27	1	0	0	0	explicit	parallel	{'ok': 1}
1789862977	1789862978	28ca8e42b798992e309bf764b2f41e18d020396adaad7cf183eeda88a5606256	1	1	1	1	explicit	parallel	{'red': 1}
1789863006	1789863007	b963b6d0245de62ab6b824076f806b665a4249e3c1ef149fe40419c2baeb43ef	1	1	1	1	explicit	parallel	{'red': 1}
1789863083	1789863084	63fccdb6a64a36010c93e221d54c5923e9c9cafe9a7a660f03da7efdd80baa7a	1	1	1	1	explicit	parallel	{'ok': 1}
1789863343	1789863345	b073026c7198def6590e7251122b5f1dfaf842707df9a8d57740afd9fc72885b	1	2	2	2	explicit	parallel	{'ok': 1}
1789863367	1789863368	6ac513e3a871e6a134ab338a8a70e0052f31a51b6bf89f1e3579cb0689ff2834	1	1	1	1	explicit	parallel	{'ok': 1}
1789863441	1789863441	1303e009e4e12c31a7ae794d5fd7a7cca4afe1ddc67eec8ad39d9fc521aa5313	1	0	0	0	explicit	parallel	{'red': 1}
1789863477	1789863478	e59267beee4d8375a8a737ad1a0438d16c068a0318e4a6cfa11d20bfbaec3239	1	1	1	1	explicit	parallel	{'ok': 1}
1789863503	1789863505	ef8aecd48058a73a97f0793f9d61f5fc4ecd5b599766e89295e03696c4c79377	2	4	2	2	explicit	parallel	{'ok': 2}
1789863790	1789863792	a498bb8c56b1c5ffbbdb9e16865f067ab8aead5c45d2cc74f5a359163271171a	1	2	2	2	explicit	parallel	{'red': 1}
1789863834	1789863840	52b4814aa2b3e7a3d9c03adbf03e6eb72db75a874f867a44f5efa7f3635b1830	2	8	6	6	explicit	parallel	{'red': 2}
1789863938	1789863945	05bfc39df5954e63c778b983b84966a69360d49e1d528e4093df13777806cf0b	1	7	7	7	explicit	parallel	{'ok': 1}
1789864019	1789864020	9c6e4ce9d7f639da4b04aa1b0840a768c5d4d09d35ec6129cdb878303b60b6ca	1	1	1	1	explicit	parallel	{'ok': 1}
1789864061	1789864068	c6f73ac6a5497c40dc1c64d83afa1dfc089c55f6ecb0dd5b2d675c6c1e895f33	2	13	7	7	explicit	parallel	{'ok': 2}
1789864269	1789864277	85e3fb431cc0b5e55f1de63b912cf8e32ece52d61a0d777cfdb996f76249c318	1	8	8	8	explicit	parallel	{'ok': 1}
1789864305	1789864306	f2d9e4d2c1082cff4ffe7665fb3e94ccdc3bf726227bcb0427fbdb2e68e1d7f5	1	1	1	1	explicit	parallel	{'ok': 1}
1789864323	1789864323	71a27877df61c29e682ce40b16186bc1c3911b75a0ba9271de0ca1b26d501f97	1	0	0	0	explicit	parallel	{'red': 1}
1789864358	1789864365	bfe9125892bc49d73aef23e9a08731e75b5f0548b53e25abdefc3fb8861ee971	2	14	7	7	explicit	parallel	{'ok': 2}
1789864526	1789864528	7dc209d60a2d5469f31ec1f3afd1b9cb0f1baa591fd849f6e8803b47acaad8dd	1	2	2	2	explicit	parallel	{'ok': 1}
1789864527	1789864527	f14ae0c8f1d78ea05c53664d509bb653adbeccd54fa45f05ecec860e8ab19610	1	0	0	0	explicit	parallel	{'ok': 1}
1789864551	1789864552	25efba7a1775131358ac699f34f1f8a9953eacc82a4cc23baca7fffd005ecc16	1	1	1	1	explicit	parallel	{'ok': 1}
1789864898	1789865074	c17f6fd168f08ba6e00f36a086b5bdb68018ff875bbb6411db970ccc7853a479	3	237	121	176	explicit	parallel	{'ok': 3}
1789864942	1789864954	369db9141cc609f6b2fe5d3e6056e9046f0708953a154501ab44366825ab05cf	1	12	12	12	explicit	parallel	{'red': 1}
1789865040	1789865052	c20b975e9608c6c45375274aedcd6b58961449f54285db590eb86c5bc758b2e6	2	13	12	12	explicit	parallel	{'red': 1, 'ok': 1}
1789865109	1789865151	bf448db818912a5a4c8330b7272e2ea8c989d8d336c44e7b01e2d1aea12d6feb	2	69	36	42	explicit	parallel	{'ok': 2}
1789865166	1789865207	9b956abb1fa76f5cb9a0cd77ed8e82a5802441ae668ab9954c9d8f166decf5c9	4	68	28	41	explicit	parallel	{'skip': 1, 'ok': 3}
1789865212	1789865230	206cdd4ff205bdcf385e792004fdf2211a342723de8c3d12a6876326a3780687	2	22	18	18	explicit	parallel	{'ok': 2}
1789865275	1789865618	dba7fc714403f216d67c9fa134fbe8941a2ef60942b114df40efd103e68f8137	14	666	147	343	explicit	parallel	{'ok': 14}
1789865436	1789865437	b0a5026b9b3e4549a63e64f16842bbc650cffb6a25545b1ed42c1855c1cd07ed	1	1	1	1	explicit	parallel	{'ok': 1}
1789865615	1789865616	ab05a74997f49392329c469e696feadf6fc0e0a3119bbb008a1463f72550c477	1	1	1	1	explicit	parallel	{'red': 1}
1789865646	1789865692	de9e0247bce46801e4520aac081ebdec8a5362773b5bba673d362723655700e9	1	46	46	46	explicit	parallel	{'ok': 1}
1789865720	1789865721	c95c021b7f76f1a1940076700d8eb9015b3fcdf6e04709e3d32268961e8ffc9f	1	1	1	1	explicit	parallel	{'ok': 1}
1789865745	1789865745	1410158e9770c84dab84922f0e0386639fccc9ce1f69bb89d55be1c797e452f8	1	0	0	0	explicit	parallel	{'ok': 1}
1789865862	1789865863	b2f99915a6581d3596fb4b1c11c6fa89c81c6f8226c8093b864cacb512bddccd	2	1	1	1	explicit	parallel	{'ok': 2}
1789865931	1789865977	12bf80a3a65c538d9e5e0e4b48a8cae3ce9e37792527913283528043b8eef9be	1	46	46	46	explicit	parallel	{'ok': 1}
1789866180	1789866182	ac27a5c9cd7803b27dc96e493b8f1d8d71b722269f5830995d05516b02d8317c	2	3	2	2	explicit	parallel	{'ok': 2}
1789866739	1789866795	18edb23df83ab1066bbdfbd793f7a5baf9d03d79b3348e1ae1d1bd14a1a1ce41	1	56	56	56	explicit	parallel	{'ok': 1}
1789867009	1789867022	dd9471b87985cd56b92517d8139734280b12f32ca01b8e52f6874a239a323170	4	18	11	13	explicit	parallel	{'red': 2, 'ok': 2}
1789867129	1789867149	22282b2fa6fd999cfc7bb14b0f8aca02394a975e20d65b355a37713118d72b25	4	33	11	20	explicit	parallel	{'red': 1, 'ok': 3}
1789867480	1789867500	17d2aae4ecae81dff7a771a30d3eef7c87d00168ccdd9309b0aff79201f4720b	4	32	11	20	explicit	parallel	{'ok': 4}
1789867564	1789867591	7ea1aacc043c1c0cc5c2d99c4e299061223855e0d0dc984b060aecc7e3c4a38d	2	47	24	27	explicit	parallel	{'ok': 2}
1789867603	1789867616	055599f9e1a28792d438b0708c0903768fa662d3b333c246bd439068d330bbf7	3	15	12	13	explicit	parallel	{'ok': 3}
1789867989	1789868002	228532c3e65e9b3a1f95ea583d3b3a3a4f31c03dd7fb8293517a00b43fdbbbea	2	14	12	13	explicit	parallel	{'ok': 2}
1789868148	1789868149	cf7fc87375507d118840e1bc77f2ce6e60333b80a1051b38c149918b116d5083	1	1	1	1	explicit	parallel	{'ok': 1}
1789868447	1789868462	c9118a464ed19920b991259c8b253bca9d6b09c37fe54e8050765fa464d6d319	5	18	13	15	explicit	parallel	{'ok': 5}
1789868688	1789868843	623007cc59f2f0c4f4c15d6c3e962273b5d4ca713a043f2e91b93a535686d106	9	290	66	155	explicit	parallel	{'ok': 9}
1789868829	1789868831	1954db8c9d311b8a53b22a16fd8c794e826cf5c2b2a87fc06e5301f2c0b682b8	1	2	2	2	explicit	parallel	{'ok': 1}
1789869006	1789869144	f73c224850cf2184810cd19ff4b3c61d8da5e0039df61ec142407e3263be0b56	9	259	66	138	explicit	parallel	{'ok': 9}
1789869234	1789869237	c506bf57b3583f1f2796c9a2270317ddf554b572e37f6e20f91802ffdc11f14b	1	3	3	3	explicit	parallel	{'ok': 1}
1789869676	1789869699	d3f26bb84cb8ea6198b90ad783bcb6987ed9424df6f2c7218210baee050055ae	1	23	23	23	explicit	parallel	{'ok': 1}
1789869812	1789869813	94a6f418b65fc503543906abd7a53d2c05ea527797eb301d51ceceb1b081c8f7	1	1	1	1	explicit	parallel	{'ok': 1}
1789869858	1789869873	3330ca125da5b10357207ecadab56bc0eee09712986ba262a3994c206a538f40	2	15	15	15	explicit	parallel	{'ok': 2}
1789870027	1789870028	2c300d993aa522a74d0682c4080013f7eed5318626fa093084c73a19b8e939df	1	1	1	1	explicit	parallel	{'ok': 1}
1789870239	1789870262	07d3dfc6d98303db8dcfa612cec79f04023cd8428160f9858722f64c98202df9	1	23	23	23	explicit	parallel	{'ok': 1}
1789870516	1789870517	4bd4b220c68eb16a6face997194e5aa1e24e1535da1dada4fd545a163f380153	1	1	1	1	explicit	parallel	{'ok': 1}
1789870787	1789870795	0f6e11383eb366944cfa1753a3bf0da4aa768f15e29c024a95f1e8234d130571	1	8	8	8	explicit	parallel	{'ok': 1}
1789870788	1789870789	afdb7b40b1f9e2c017dbc63da8f31165063a77a659e4cc1eb7e450d54bb8b4d7	1	1	1	1	explicit	parallel	{'ok': 1}
1789870795	1789870927	727888e0d94152738185095f5bcfcf28b83c13faf7190ba9c5bdb0c0fe22333d	1	132	132	132	explicit	parallel	{'red': 1}
1789870819	1789870869	ab3797cefc4afee7d48ba947da99ef4cd189920dad798e1771f6065017621666	2	59	50	50	explicit	parallel	{'red': 1, 'ok': 1}
1789870987	1789871040	211e2ceb8efc617a5f9bb521ff32594ea722c10f0e0d5efc3b4fb6f59a44fc6c	3	70	52	53	explicit	parallel	{'ok': 3}
1789871294	1789871302	5abb6e346e124202bea54995e6d944b19eec7f1963b8d7aa66b23bfd29b224a9	1	8	8	8	explicit	parallel	{'ok': 1}
1789871549	1789871562	af94e9d4e036c738b329b44f92a42317e84d342786cef4647dc8f91b224f4a3c	1	13	13	13	explicit	parallel	{'ok': 1}
1789871586	1789871772	c06473819024253f161016e2a64eeedc2633adbbd9f9b807a782535cfdecbc70	3	259	134	186	explicit	parallel	{'ok': 3}
1789871799	1789871826	7a9e2522d424c14db156746dd32f2951ca63f8433d472588dffa2d5453bdbcc9	1	27	27	27	explicit	parallel	{'ok': 1}
1789872072	1789872099	701b44acc9b9210dae45481194fe1baf62264b8655915f64ffa545d03fb922b5	1	27	27	27	explicit	parallel	{'ok': 1}
1789872178	1789872191	a0fe00e6bc33c6ac44fe165274f12d11e98ab31f7ab300565ba2ce4ff4e12f02	1	13	13	13	explicit	parallel	{'ok': 1}
1789872273	1789872298	3f995f97a9eb31c4c819426e7e59bf4dbd00db13504b55af16ff9c35bbbe6691	1	25	25	25	explicit	parallel	{'ok': 1}
1789872545	1789872546	460cf889b125cc04c66260b506411204c90d8ce4547840b6043e3081d7869154	1	1	1	1	explicit	parallel	{'ok': 1}
1789872547	1789872565	351c9e138fa578d5d3b8644ecd0a816a0ae3747ffda5809df0df2281aa053fc1	1	18	18	18	explicit	parallel	{'ok': 1}
1789872677	1789872701	2d41ec7639e3f3a4c6dcc5b72581dce061c9fa2d501ef2e9ca97bbd9fb5610ec	1	24	24	24	explicit	parallel	{'ok': 1}
1789872783	1789872796	19347eab325033e202ad8f27ad06405f745976f0b5dcd9f71417797d77b16b8c	1	13	13	13	explicit	parallel	{'ok': 1}
1789872801	1789872813	15edf55bc82f6630af5cc3afabb7ea1452aa1eacc13da1249ae4579e2ea2e3e3	3	15	12	12	explicit	parallel	{'ok': 3}
1789872874	1789872887	fb119d367bb30d028b8a384d14f3875d219878060ed92404401895cacb9d5286	4	15	12	13	explicit	parallel	{'ok': 4}
1789873081	1789873109	39f443e85ddddf9f6730898c820a09446f94709247f9c77b1ad690329c2d8ec4	1	28	28	28	explicit	parallel	{'ok': 1}
1789873148	1789873176	24a84affe2f8095bf08cd4448cfc375a742da83a3d434641b564e6ac15e0383a	1	28	28	28	explicit	parallel	{'ok': 1}
1789873204	1789873204	d3a5bfccffc2649d515de1b23a087253fc466f21b1d4c3e55c3084984645e9b9	1	0	0	0	explicit	parallel	{'ok': 1}
1789873274	1789873301	3f94a9f74302b42de076e83d2e4d4b4f4d0cdcbe58891fc9df77c4c124c61c7c	1	27	27	27	explicit	parallel	{'ok': 1}
1789873399	1789873426	af4b3ba0e1b6a0e515059bf96e3bcbc3bb38a8cbbde6da9126ab47424955d91c	1	27	27	27	explicit	parallel	{'ok': 1}
1789873657	1789873684	ac5da9db96bb23b4f0ce65cc37fa91f10fa6baff7e25029b0d73ab4d85f94645	1	27	27	27	explicit	parallel	{'ok': 1}
1789874192	1789874193	224388009a9669d6d1dbf8c53f69c8cb936d5445cd5de3009cc482159be047da	1	1	1	1	explicit	parallel	{'ok': 1}
1789874415	1789874432	116bb0887f632a57917c968d6717aa4ef7d3b9e20fb5c7b0879b72aea7c0d83b	1	17	17	17	explicit	parallel	{'ok': 1}
1789874445	1789874446	6dea387db98b2060b3b38fbad1314c8c4eaa2e34b18e191b36103f96c2c88d25	1	1	1	1	explicit	parallel	{'ok': 1}
1789874938	1789874990	6ba63b79aa584b538094e5a6fa8c911e17b2236d6feb9dd928d65ebea048df8b	1	52	52	52	explicit	parallel	{'ok': 1}
1789874985	1789875005	983ca8c19a9fb0529682c9b92935da9bc75d6609ba5c2f0087028d121f4f5777	1	20	20	20	explicit	parallel	{'ok': 1}
1789875294	1789875429	93f2b57871627e516b7bfdc97c8827a503a30c5590c7587c5cbb0b511c8f422d	9	266	68	135	explicit	parallel	{'ok': 9}
1789875824	1789875904	241597c08358db8d5d64ed304bed4f59ece6419d95647befd2476621275b0022	1	80	80	80	explicit	parallel	{'ok': 1}
1789875979	1789875989	a45703e434630b9652b3d39d1e0e4b7d15db2a3e0132793dd1f32ef995132be2	2	10	9	10	explicit	parallel	{'ok': 2}
1789876015	1789876021	510c1fe28b43d8082f484f50a8f8013149f0257b6130b0f3e440cc00f6b688b7	1	6	6	6	explicit	parallel	{'ok': 1}
1789876018	1789876158	8928e563af80f4e1c830b7aaddd8397a5184976f40fedf7007c3e2074a3a6083	10	278	68	140	explicit	parallel	{'ok': 9, 'red': 1}
1789876085	1789876087	0afe981a5a64250819c7368e4971220fab30019f015803128ba7a9782aef37ac	2	3	2	2	explicit	parallel	{'ok': 2}
1789876246	1789876391	f921c891f298576ac9b71d69d4c0ac57011c1f75bf8cbfc2081e920e3fef7cef	10	285	69	145	explicit	parallel	{'ok': 10}
1789876449	1789876462	242bc1232110be8e8b1c5e5ae5b53b0bab2247b789da56d9ffa8a1d7ad7637e4	2	14	13	13	explicit	parallel	{'ok': 2}
1789876763	1789876778	660c6201a0e0ff2b396cbc50b215ccbb2e7bffdd14a7f8c18d1bcec54fc2bce7	1	15	15	15	explicit	parallel	{'red': 1}
1789876868	1789876884	1004fc74a398d9caf480cf3972b83bf09e22375bf9d272e01284fee29e3fd35b	1	16	16	16	explicit	parallel	{'ok': 1}
1789876882	1789876907	28e9f469c2700bb529079a8b0826565563d0e8dfacfd91b973c26ceed8094404	2	25	25	25	explicit	parallel	{'ok': 2}
1789876988	1789877063	a5213bbf1a5e406b9153c893d3cc191a0c31f639a97fcef03075af6a0d742c7f	2	78	75	75	explicit	parallel	{'red': 2}
1789877014	1789877024	13379c125241f57e39ce6163e1f9c281f58f2d92b8f63890beada047e8137ace	2	10	9	10	explicit	parallel	{'ok': 1, 'red': 1}
1789877015	1789877030	a66d91c6b2083cabcb44889d9b16ae5c8bdaf576353159b4126976a8840e35ad	1	15	15	15	explicit	parallel	{'ok': 1}
1789877055	1789877197	76d21abb3ddb682d0e62d4649fc3bb0f93effdf5cb0e5168d518c98eb96ce1b8	8	281	69	142	explicit	parallel	{'ok': 8}
1789877104	1789877114	5940c8598761b9e6d00ba8477cb70f01d85a34203cee61390e9977d1ff961b14	2	11	10	10	explicit	parallel	{'ok': 2}
1789877110	1789877191	8a8b98f5652831216443b7f3c9d6160d0bdaf4d4c756aa78ada44201605da946	3	84	80	81	explicit	parallel	{'red': 1, 'ok': 2}
1789877155	1789877174	01dac6acd9462780f01196f258445229a32bf30a85448b00f3203ddd57a94ae3	1	19	19	19	explicit	parallel	{'ok': 1}
1789877219	1789877221	f3fdbb8368b30050c89aed7284426cc6139e53eb866aa49dad308f6cfd8027eb	1	2	2	2	explicit	parallel	{'ok': 1}
1789877248	1789877325	946a4ce21e2a4e895f248065db363a5f1376be1ac8df7d894500e021415f33d7	3	81	77	77	explicit	parallel	{'ok': 3}
1789877313	1789877340	9e1d7c37a00309250cd41ef555607b2450cd7f09a5084e4d8474dc7bb15c6d6b	2	28	27	27	explicit	parallel	{'ok': 2}
1789877520	1789877528	61ccc9edd5b1eb3a3c27adee2edbf3a31d35b90bf28aa5860f34ea9b8424c87a	1	8	8	8	explicit	parallel	{'red': 1}
1789877564	1789877572	74fa0bc467871cab45b2d3f733f2d9a76664725c8d23132a782af01780a63102	1	8	8	8	explicit	parallel	{'ok': 1}
1789877593	1789877668	b338f12fc53004adeb140233dafd9bb4f847bab3fcdb22c27ed1ff7a84bf395a	3	79	74	75	explicit	parallel	{'ok': 3}
1789877754	1789877893	f460065db8dc701baf03a52b012c7c826fd66b4ee9ef8c35b02921758fa7e02b	10	274	65	139	explicit	parallel	{'ok': 10}
1789877907	1789877908	4d5d1e180347e10712fd55d7fcca454f5c564a28ee7e7dda6c6411c093e91aad	1	1	1	1	explicit	parallel	{'skip': 1}
1789878183	1789878192	59b7b33f92af881b39022611ae8ccd191bfe8f74b640db822638dd1b1f92b517	2	10	9	9	explicit	parallel	{'ok': 2}
1789878272	1789878273	fb0af70058eebe71b69fbcc408ad7ce553f3a2393ba956f42be02af9307d4e68	1	1	1	1	explicit	parallel	{'skip': 1}
1789878455	1789878488	7a722b03bf2d4c8d6fdd49c084bb7b1baf84582ec13d19c637178a001b973c7a	1	33	33	33	explicit	parallel	{'ok': 1}
1789878714	1789878748	55ecdf781cd11ad645b933257bc574f17d038b348800e74fecf65394de4dbd87	1	34	34	34	explicit	parallel	{'ok': 1}
1789878860	1789878894	9344fb5dca7467ca4a7a7eaa5a8ba8c587149f605466a358516997a90e4f0ca3	1	34	34	34	explicit	parallel	{'ok': 1}
1789888222	1789888272	2ffce16ac7759648e7f115e6fe8d812eb5ec0805e4d3c7d4da3ce4a669547b87	1	50	50	50	explicit	parallel	{'red': 1}
1789888350	1789888400	a0491fc8bc330ea4a5474e721393cd26bd93d7c3bd804bacff7df61b1ad1d1f7	1	50	50	50	explicit	parallel	{'ok': 1}
1789889303	1789889355	b4cb5a8e9cbb5844bc33ca4130d2a4c6b9b9f4d811fc21797ac40ddd93abf4aa	1	52	52	52	explicit	parallel	{'red': 1}
1789890183	1789890183	5bb64ca28c8a22fe2e2edcff49776094cb5f3875df89d096203c59b74be99d79	1	0	0	0	explicit	parallel	{'ok': 1}
1789890265	1789890316	64844a18889914a78f6fb37faff824c739ecfaedc5604ca93b9bc33911692caf	1	51	51	51	explicit	parallel	{'ok': 1}
1789890461	1789890462	d0801e90f93334e8568d4f181a89f0f0c02d2228810d6b9fa3f2b125ed650fe6	1	1	1	1	explicit	parallel	{'ok': 1}
1789890519	1789890520	f0e3662ee248a368a224ce3556e08a754b30c45be08d040bb0a18b67f8f4456f	1	1	1	1	explicit	parallel	{'ok': 1}
1789890598	1789890599	9934865eefff0152bfb29689cbbdb31ca7d0da85de61e52afcf782a01624685a	1	1	1	1	explicit	parallel	{'ok': 1}
1789890728	1789890782	ef01629075146bb40a276142c5df3bf1ac597cb4ed9040957fa83d4d33e30ae3	1	54	54	54	explicit	parallel	{'ok': 1}
1789891383	1789891403	faf4c08755d00fe6ce2173f239da0e3ff6d818ae484f064a2d8b2ee4be0d793e	4	33	19	20	explicit	parallel	{'red': 1, 'ok': 3}
1789891805	1789892012	79693e2afc2762328c466c55c3cf279a0e660217cca82c44f69ab20e1ba84b76	4	274	107	207	explicit	parallel	{'ok': 4}
1789892342	1789892363	b79f7cb2c4fffa23a26d75f1451c438679300e6dbc8cf4bee63bc8e7d9994fea	1	21	21	21	explicit	parallel	{'ok': 1}
1789892419	1789892450	9a34b3dde39fe524399d0ba39875f48ff97ed44fdddcc8b39545c3e3994b98cf	3	49	19	31	explicit	parallel	{'ok': 2, 'red': 1}
1789892469	1789892568	a9f86f4b8e548d737e2b3bf0ce1e17fe8ca0fa778db3de4b3a92017d5d0309fe	7	177	75	99	explicit	parallel	{'ok': 6, 'red': 1}
1789892571	1789892576	86d2bc4f48c0be3833ad0e58b4ff69c971c55956260c704ae265b3293cdc704e	1	5	5	5	explicit	parallel	{'red': 1}
1789892682	1789892968	d35342a623f6d3ba762717ab5e16c6bbfc6121999cde7184ff19cd6e195372e9	7	513	116	286	explicit	parallel	{'ok': 7}
1789892901	1789892956	34d348097e58d337eeda07ae9d62d0ecef2c8d2f3518b434cc24ac00bd38854c	3	64	54	55	explicit	parallel	{'ok': 3}
1789892989	1789893130	58fdae32a8dfeb816f8a1975733ba7405d4c63b1cc45162f5e2892b422f065ec	1	141	141	141	explicit	parallel	{'ok': 1}
1789893153	1789893220	b69c96a5563f3ede98ce666dd98be3d090bf3997c1667196b0ca094239862442	7	125	26	67	explicit	parallel	{'ok': 7}
1789893243	1789893264	ca038a789aa324de11b2c7b0d5ef2ed6fbddd25f95f4b54454e7e6169ad216b2	4	38	17	21	explicit	parallel	{'ok': 4}
1789893291	1789893358	99ff1c1738be657d0e6b1d58d819424b11325c90c41a3229c072c7dc52df4fc7	5	133	45	67	explicit	parallel	{'ok': 4, 'red': 1}
1789893311	1789893318	d3201ae8ed25c5991af980b73e7a04af63af103112c50882fd0146c062a2d758	1	7	7	7	explicit	parallel	{'red': 1}
1789893406	1789893503	9ed779395429581033fadd09286badd432b0ba7075c70933d67ae2b32525da8c	4	136	49	97	explicit	parallel	{'ok': 4}
1789893455	1789893466	f994573117e6ddfe2038eddd6a4e784bd408862100fa1d52b2bed2c2d9085206	1	11	11	11	explicit	parallel	{'ok': 1}
1789893634	1789893663	2b115b7fe2dcc346dfc6786082f83677680cc74bf255eb0173e857f734547530	1	29	29	29	explicit	parallel	{'red': 1}
1789893666	1789893691	3685344c14842c96cd9931613e88a49d1e4544314d8bc7b5fafde42ecc273a3b	4	41	20	25	explicit	parallel	{'ok': 4}
1789893758	1789893814	9cb863368d1d0a8ae3f2ef76de0e996c93fe11cdc37d1411f9fa2c79b79b90b6	4	82	56	56	explicit	parallel	{'ok': 4}
1789893942	1789893951	3eef02432ddb3f47ec4f17baa8ccfdd5bd8f0995fb924265e3b4e6a410d442fc	3	13	9	9	explicit	parallel	{'ok': 3}
1789894114	1789894130	d5931f130aba61767b29a187a3217159f8189aabb8c72483c6e5a4d1f15dda07	4	19	14	16	explicit	parallel	{'ok': 4}
1789894146	1789894233	d33b196e03590d1933b4957f38b3e09df7f819725b5acfcb01fd140a638460ad	1	87	87	87	explicit	parallel	{'ok': 1}
1789894299	1789894851	0c846c8e2f25ba7c9da894a0643f27b63e540c977a9dd788c9305e9f7681ae97	27	1021	148	552	explicit	parallel	{'ok': 26, 'red': 1}
1789894408	1789894492	360047e244da132a0c02ff617865ae44eb6711f188cb4b256660c61e97d68e2b	1	84	84	84	explicit	parallel	{'ok': 1}
1789894476	1789894484	beb255d4b4dff12e367bd4e04eab67ad11cfa57371b90ad64637d78a68ed9d74	1	8	8	8	explicit	parallel	{'ok': 1}
1789894667	1789895214	7e30f0ebbee1e98b6b4bd747851c169ea89dd650592e836b315158cfcebcc675	95	1081	156	547	explicit	parallel	{'ok': 92, 'skip': 2, 'red': 1}
1789894694	1789894694	b60ca034fe0a213c3602a5b7096a31cd68c502243985b4e6ed24adc208d5e183	1	0	0	0	explicit	parallel	{'ok': 1}
1789894945	1789894960	c77575cb952ba610686cb1472407245b3aa61321d996bda1e2ee882523b03780	2	22	15	15	explicit	parallel	{'ok': 2}
1789895223	1789895245	cc5b8a3afe37aa3f12b0f9cdce22c4f8761a37c76df0959718236caa9a7a0799	3	26	22	22	explicit	parallel	{'ok': 3}
1789895274	1789895342	8981c18c4f1348d98c1d87db7e8f12ae2657f1e624a607f6a0a2c672051efe5e	8	122	21	68	explicit	parallel	{'ok': 8}
1789895298	1789895302	757684f17a7016dbeefc36a517073e6b3a18ee5147886a68ddb729c888b9aa42	3	5	3	4	explicit	parallel	{'ok': 3}
1789895370	1789895631	6ccdbdf1f143aaf8fc701af1930561aedd4a9c5ab96cd2768326cbc8a19ed57e	10	512	134	261	explicit	parallel	{'ok': 9, 'red': 1}
1789895537	1789895605	ce66e7fb4c7b6b3acafa503c27b74da9783de9682db32bf9c698c5665d9ec52b	1	68	68	68	explicit	parallel	{'ok': 1}
1789895654	1789895712	b14bcfe634b5a5f3c392ddddfc7034efd731ca78230532c7d14cd7c0f4dbb417	1	58	58	58	explicit	parallel	{'red': 1}
1789895689	1789895702	9757e7990c29486605facd72b1fac7273b3cc002c8aa6b66baf363f487eb8c71	2	14	12	13	explicit	parallel	{'ok': 2}
1789895710	1789895785	a66ea2ddbcd8ddb9065d8183f178d96ac6840867814d31dfd16821ca79745998	1	75	75	75	explicit	parallel	{'ok': 1}
1789895738	1789895797	232c5dcc29bd642d5d4b5b80a9675391971545187be7de740e9b491e8518fe3b	1	59	59	59	explicit	parallel	{'ok': 1}
1789895790	1789895791	394fc9957562d8c7bfeb344598aa80a8b11a34fbc825e4f62090b7619b163191	1	1	1	1	explicit	parallel	{'ok': 1}
1789895948	1789895956	bb7ee4802667bdd16c9bb22f9024243a18694e41084ddd1a58b28821560d0cd0	1	8	8	8	explicit	parallel	{'ok': 1}
1789896114	1789896171	e91f3eafb7592d3feb64031273b982a3c6b6dc88befbb396806509374b915e39	1	57	57	57	explicit	parallel	{'ok': 1}
1789896188	1789896193	5d98974142c05e3a1e0ddf9c3dec70a55e57cff9065ebc9abfa2ac8b84338235	3	7	5	5	explicit	parallel	{'ok': 2, 'red': 1}
1789896200	1789896573	16d4a81842528f0cdb03c82cc1330d67905c895aff1e691e16ce499bff3e9602	21	730	134	373	explicit	parallel	{'ok': 21}
1789896270	1789896340	c5efde584980d234a161742c5983b97119ead5f4355c288434090d80ce4b73b5	1	70	70	70	explicit	parallel	{'ok': 1}
1789896337	1789896343	a2c572ee4b65aa7da0274efdca48ba0084f2ba373c13e5da7252d82fa390d269	3	5	4	6	explicit	serial	{'ok': 2, 'red': 1}
1789896464	1789896469	b16152faa7d2cd21485315be4403b179771f47e39b783d12ebe89f35f633dea5	3	7	5	5	explicit	parallel	{'ok': 3}
1789896594	1789897114	1597745a31ca2156e0d3088e86342cb6b80a412d691e9d35d20c44bd5230e7c7	95	1034	161	520	explicit	parallel	{'ok': 93, 'skip': 2}
1789896598	1789896762	bd77eb920141802d6209ffbf406699cc299f22584873d0a58897bc4895b0cae3	8	325	92	164	explicit	parallel	{'ok': 8}
1789896786	1789896805	ce6a6015b6f3a9da87eacfa5616c7993884dc4ebefd37cc76a43a541e350c437	2	20	18	19	explicit	parallel	{'ok': 2}
1789897002	1789897008	6dbabfdcbf396526859a3eff03b79c6dd83738f74bc1da9ea5b133b7ded9aa06	2	7	6	6	explicit	parallel	{'red': 1, 'ok': 1}
1789897104	1789897105	25be759ebff90cbe1dd8bbf1f6d13bfb8ba5114c25f5a23a1968b9196dd10cfc	1	1	1	1	explicit	parallel	{'red': 1}
1789897147	1789897166	77dd8e1514cafeaadc410ce9ea56a38cf94dd36ae45db95dd4c91f5e25981a9a	5	34	19	19	explicit	parallel	{'ok': 5}
1789897196	1789897792	9d07bcb5608cd2501e4cdd10bca87079bb5548f0119aca74de4ed1a1644aabf8	32	1167	133	596	explicit	parallel	{'ok': 31, 'red': 1}
1789897233	1789897234	70cda8a832aea1b93869bda055f12889ce309e0efd7afd919ba2ae9411dfb49c	1	1	1	1	explicit	parallel	{'ok': 1}
1789897605	1789897643	2838e596c08983a8b935510991eb18a1e8c0b70bba576be6279754dcc61466f9	1	38	38	38	explicit	parallel	{'ok': 1}
1789897999	1789898532	f15ca81903a8da71c7c351f52730210803d73cff917fbc23c80a8d913f4e099f	32	1059	159	533	explicit	parallel	{'ok': 32}
1789898297	1789898368	f1cf28caa7592d519dd5cf3b392b1d93d0f7926825132cec40bc7a98d2d844e9	5	120	49	71	explicit	parallel	{'ok': 5}
1789898469	1789898553	ed34d8a976e9a4a93789a1ef6c9a53947949b00cfe499c2ac778dd542b11ee6d	1	84	84	84	explicit	parallel	{'ok': 1}
1789898841	1789898858	0f6c35d4ebe46b9537250f72d1a8c22658889c0348a5952cf42cad336333ae9c	5	28	14	17	explicit	parallel	{'ok': 5}
1789898863	1789898894	a4e8545fe3a7cf9c2a462d3b4b88a56a0c4ba761d32fd179a6bc0d1f8c21ebf8	1	31	31	31	explicit	parallel	{'ok': 1}
1789899205	1789899247	cddebc91c00c67e063c98d76e3b3ecf2f71ecc22beb8f06e73802f41df2879c8	1	42	42	42	explicit	parallel	{'ok': 1}
1789899212	1789899863	895fbe280cf758ba8167df2bff60157986553aaefb2e06243e46c080ff63c4c3	95	1291	216	651	explicit	parallel	{'ok': 93, 'skip': 2}
1789899435	1789899459	3dfdc9d558a71800fe8b4ede13062c751f096041f1c7a7da28649468fbd54671	1	24	24	24	explicit	parallel	{'ok': 1}
1789899715	1789899747	c6074df9281dfbc7995f06117b72ac9f0ece3417c927a455cc010198eb6b79e8	1	32	32	32	explicit	parallel	{'ok': 1}
1789899892	1789899925	c82c218813452d8fd208ec6865488fefa38c14ea0d35cd2549fa730a316f1471	2	49	31	33	explicit	parallel	{'ok': 2}
1789900028	1789900043	a841b7d3a59f7ef04821c1e56d842cb40f78d9458c02ac81632d7e3a1e1d5580	1	15	15	15	explicit	parallel	{'ok': 1}
1789900130	1789900143	14ccefd5551a91c4ab19e767ba21ab3093d26b56036d53d780da6e96f285dfd1	1	13	13	13	explicit	parallel	{'ok': 1}
1789900171	1789901581	7e66b7574a9d3957a4595461187879c686ce2dee4a54ee04fe105da4b269423f	166	2800	188	1410	diff	parallel	{'ok': 163, 'skip': 3}
1789900286	1789900304	07374fb48902d8352dd5f9c0812bcc2b825ca9afdb16582743a0a7015ae8d617	1	18	18	18	explicit	parallel	{'ok': 1}
1789900390	1789900414	8803db02b7afb5cc46dc79a50c104e53835fbd564d86210caedc2460d42fc643	1	24	24	24	explicit	parallel	{'ok': 1}
1789900506	1789900520	05a75a55391ec189af828d62468260c7dbfa6e6f8ed9a419279fdbd640e2a150	1	14	14	14	explicit	parallel	{'ok': 1}
1789900586	1789900666	2a8c33cf1dbe8332a9fc26159a0dcd1b75346fbe4148619e72404a3dae4dc55e	1	80	80	80	explicit	parallel	{'ok': 1}
1789900615	1789900685	1ad39ae1544b71aba20d60c8714e9e6a4af588a4d3f03939de6ba314543b1322	1	70	70	70	explicit	parallel	{'ok': 1}
1789901079	1789901092	4d2a5a96646d7635553b3980cb012b87a1531926415f761b777ad0a21affa45f	4	16	10	13	explicit	parallel	{'ok': 4}
1789901419	1789901483	85a581f2864373003c58ece5d2f87e4aecf4ed95843eb35107017f939a215361	1	64	64	64	explicit	parallel	{'ok': 1}
1789901972	1789901984	c3c45f67075267fc752ba06e67e91ebc0e17e66860ebdff4959b3ee2f6b0544f	2	15	12	12	explicit	parallel	{'ok': 2}
1789901985	1789901993	a2cb8106f0bdacb31647277e6b8b86707cfc97e26a6596fd068330f4f3efb739	3	11	4	8	explicit	parallel	{'ok': 3}
1789902022	1789902524	412612b2892d9eba2945e0c51059af444d422ed6fda2402ed44b5f7afc2cfb05	31	987	143	502	explicit	parallel	{'ok': 31}
1789902240	1789902253	fb0c18ea0892c899d1cfba7697f91e2b0f60dba3664a0d13c070a6bc76f1f69b	2	15	13	13	explicit	parallel	{'red': 1, 'ok': 1}
1789902620	1789902622	ef79e51a1259a3d4b7f8bc71d64469d3045f69eb7f42f48a8905b28505fffa09	1	2	2	2	explicit	parallel	{'red': 1}
1789902631	1789902655	687d227568d2f919469f1e2247f05e151181355a06f0223973dbb89417f93a9f	1	24	24	24	explicit	parallel	{'ok': 1}
1789902678	1789902680	5377788379582c778b4af386fe69ab9e29f5247c0e8086fe452086bfbec1270f	1	2	2	2	explicit	parallel	{'red': 1}
1789902713	1789902739	6214624e599aea992de9a7f2ea24192f4d58b1cdaafa7d90743e3c97411dfe9e	1	26	26	26	explicit	parallel	{'ok': 1}
1789902802	1789902927	887aaa3268a16f6c2768254ce0bf3983115c513358479a82d343722dbeac5344	1	125	125	125	explicit	parallel	{'ok': 1}
1789903087	1789903170	38ccb0c328697686715858b24aed8bee34cc64a975d93b4f4a21b8cdf26a4740	4	89	78	83	explicit	parallel	{'ok': 4}
1789903102	1789903118	b1603af7550e844f40eacae17451240d61d2d7f9f0702e564f7251a3592cb6b0	1	16	16	16	explicit	parallel	{'ok': 1}
1789903142	1789903154	b914dbe9b707ed67816bbef345fd76044acb01fa16d7b6fa9fee1bb11236f718	1	12	12	12	explicit	parallel	{'ok': 1}
1789903327	1789903354	081ab937ed738f5ddeea1d2a99046451e55c322cdcae3afc91b2f7557ab29074	1	27	27	27	explicit	parallel	{'ok': 1}
1789903542	1789903561	741e39c957077b469a790d0c37aa21cec5c8cd942147213a2256b09f099b09ae	3	34	18	19	explicit	parallel	{'ok': 3}
1789903545	1789903547	03278399e5ce13f954eeab2b5f39f467ea2e56672804b5bc50cedb85b8a0a9be	2	2	1	2	explicit	parallel	{'red': 1, 'ok': 1}
1789903646	1789903647	8fb723fa28b41a78bb9779ae3474acf52e57ce3ba9ed1410b43fb0c18d86cd8a	2	2	1	1	explicit	parallel	{'ok': 2}
1789903698	1789903699	40d2f41ebb9b3018b66cf28ad70e63d231853c8f11bda5f4b74b93b6f9534707	1	1	1	1	explicit	parallel	{'ok': 1}
1789903895	1789903896	a84410a57387fd2f1ee8d86c99e9e61d880acd6e3f023e582e2def59e73d0c25	1	1	1	1	explicit	parallel	{'ok': 1}
1789904438	1789904515	061a412fef8f9cf49fd55d60b9a73043e354b1ad985cbd900c774bbaf327df40	1	77	77	77	explicit	parallel	{'ok': 1}
1789904493	1789904573	f64ad0feeb3cbad1a382ad39a6b12c6bebfb3546d5351abeffffe4d7f41bc453	12	151	50	80	explicit	parallel	{'ok': 12}
1789904676	1789904677	85dc742499381f6567001e47e8d2677eb7ad35e453b1eb57ea2c2489db36bcf2	1	1	1	1	explicit	parallel	{'ok': 1}
1789904705	1789904743	12bba296cbf1f30ab349d8a526333b00f9404b5c368a3ff4aee6497fc6b72cc7	1	38	38	38	explicit	parallel	{'ok': 1}
1789905039	1789905120	f422ea08e4be8f806ff23090aaf44c59cccf97f8beacb24336d31ca532127285	12	155	52	81	explicit	parallel	{'ok': 12}
1789905261	1789906225	792d4eeb39299f67b9807441f56cb4e0df2de664b0195b7b94277707cb9ac000	111	1912	149	964	explicit	parallel	{'ok': 109, 'skip': 2}
1789905462	1789905463	f447989f039c7d6cdf14ce519ea60b8d336d1bc68efa4c77b8a00378422468db	1	1	1	1	explicit	parallel	{'ok': 1}
1789905522	1789905546	8a692e38ee757648e7405010bc611d0186b5153bcaa4f5c5c360af126948ae76	3	26	23	24	explicit	parallel	{'ok': 2, 'red': 1}
1789905680	1789905725	81a96942453d7693d80092a91f36123e155c49347b3312acb3df28ca87dd14b8	1	45	45	45	explicit	parallel	{'red': 1}
1789905873	1789905883	60d9b76d03fafbf0e39fd87855698478b9d058b13629d9bc521fb303a0625ea7	2	14	10	10	explicit	parallel	{'ok': 1, 'red': 1}
1789905903	1789905959	c70a969c9c792c4cb12ddabcc8f54af17b4f46c136b78628a498806f37fcba69	1	56	56	56	explicit	parallel	{'red': 1}
1789906090	1789906100	ba8ed4372399429a046e9463622450a4bf80173686cfff70d80bccb4b97dbf83	2	14	10	10	explicit	parallel	{'ok': 2}
1789906236	1789906271	01ba78e947eb4ed062c14d08416392d223b6458986687dad15f1ba49e5ea350a	3	36	34	35	explicit	parallel	{'ok': 3}
1789906736	1789906750	ad7079be716d94ec7322f6995c480c8b3c23a527a376cded6a82536b6f9c37ac	4	23	13	14	explicit	parallel	{'ok': 4}
1789907275	1789907356	8605a469a3e3baacdfe561242b4e5a03726f0d4178823cfaf68335c9b254b2a8	13	156	49	81	explicit	parallel	{'ok': 13}
1789907467	1789907592	b6e64a786ef403cbb953fc75d53370c86bdd1b045911b3492874bad213742ea7	7	189	123	125	explicit	parallel	{'ok': 7}
1789907556	1789907557	d86401d6162beafb70080108c58b3b9674f0c55f70b68051dc93cfaf192ee9d5	1	1	1	1	explicit	parallel	{'red': 1}
1789907598	1789907612	f90184d6931445e883109ba88f27affc37a1a969b14177ae824136cec609a4e9	2	25	14	14	explicit	parallel	{'red': 1, 'ok': 1}
1789907617	1789907644	54bc79c520e354ee3151859fec0b52ecf548f1ac3a9df3a74ae2d4fd45919110	1	27	27	27	explicit	parallel	{'ok': 1}
1789907653	1789907655	99052896cb7234fbf0af6467fe0fe1d5184ee06fdc1dc87768014a6a99337019	1	2	2	2	explicit	parallel	{'ok': 1}
1789907720	1789907766	d7f74053b01d6db242436a2e586d5bb40bbf1afc0cdb7367ab3fb97b7d077418	1	46	46	46	explicit	parallel	{'ok': 1}
1789907730	1789907754	520defeae6be3578054192f6960b6de77fc3424a0ac945fbfd7329c49ad7a49d	2	38	24	24	explicit	parallel	{'red': 1, 'ok': 1}
1789907800	1789908641	c3556860c0b05d45e94128ba3f280e7ce40d31a2b9214359b771d84745752e85	122	1668	154	841	explicit	parallel	{'ok': 118, 'skip': 4}
1789907837	1789907863	6e3ee25ec9ddc3238061a106581b86156f2b2ee4748ef673decfff08fbaa1f14	1	26	26	26	explicit	parallel	{'ok': 1}
1789907948	1789907977	d6d30de5d7d28916af5459081be00165162a70c778f6fc9f0a369a2b3efbbc4c	2	48	29	29	explicit	parallel	{'ok': 2}
1789908676	1789908689	8ca3683edc92b535d0924a687cc21da808bdcab4c1fba16c16a0178103bbe757	1	13	13	13	explicit	parallel	{'ok': 1}
1789908769	1789908771	c7864e015a7503f91bea4bec06ed5c30affef55650c29283625c8a03c6f07b0f	3	3	1	2	explicit	parallel	{'ok': 3}
1789908783	1789908819	0e5811dec585aa58c92c0ee0d9ef5713c8810d9cf082cb58b5493113a7d00c80	3	37	34	36	explicit	parallel	{'ok': 3}
1789908848	1789908866	84eef35350db58a6b327362d9a314fda6a70b9b8221380c21ee0e56629b2f416	1	18	18	18	explicit	parallel	{'ok': 1}
1789908888	1789908889	53b5d5f17aafff34ec747e5b56bbcc185e50430f88bd254b32a80f37c7ffc6e1	1	1	1	1	explicit	parallel	{'ok': 1}
1789908928	1789908981	5029e335dc1630ecda6f599268ba082aaf701f37981249dc450dcc2641075ad5	1	53	53	53	explicit	parallel	{'ok': 1}
1789909098	1789909116	00760399b9df73b4b2ac3a117d52040b4ee4a88e914e3e659e8c8496fa15a045	2	19	18	18	explicit	parallel	{'ok': 2}
1789909210	1789909228	4f4a015bf1dd727318259d7d0a2cdbde29a38cb352007541bb4ad9dee081810b	2	19	18	18	explicit	parallel	{'ok': 2}
1789909310	1789909779	3519bc1bf14e22e9c970530045a6351b86cb1b07d5baf0a3f29a639e78103056	57	931	137	469	explicit	parallel	{'ok': 55, 'skip': 2}
1789909443	1789909455	5ecef69f51820293002e20caf30deeedf74dd558b017242a6aabf3f1f570d417	1	12	12	12	explicit	parallel	{'ok': 1}
1789909909	1789909974	6b8f23f3afea8c66b1eb13a1043cfdbf740ead9d369c9476d6e86df10d157097	1	65	65	65	explicit	parallel	{'ok': 1}
1789909978	1789911000	44ef45a4b45ba2d405f53cce5b8d719f6dbd9687c0aefc343d86f7f85767237a	119	2029	130	1022	explicit	parallel	{'ok': 117, 'skip': 2}
1789909999	1789910028	d65f7d7f23f81c7c63cced7109f575fd97b0f4b1792a25d12e6971de62bda8f3	1	29	29	29	explicit	parallel	{'ok': 1}
1789910052	1789910077	ed3d141631b07e77ae066c1f04140e4bb9d671d5c3f74d441ed0583c5d48c612	1	25	25	25	explicit	parallel	{'ok': 1}
1789910101	1789910102	7a4e407a12937f44165168189d8668dffd0a4a2bea6162d957dc25f1d97a3e41	1	1	1	1	explicit	parallel	{'ok': 1}
1789910345	1789910371	7b490fd53c09a1dcee71410298309c1d502b2afb2c893f5634aef9cf5e9b2567	1	26	26	26	explicit	parallel	{'ok': 1}
1789910540	1789910625	096154aaf47039213f2e74544c06178574f6a920d9d0dbac591526c442c6239e	1	85	85	85	explicit	parallel	{'ok': 1}
1789910845	1789910938	78645dc8261e3ae2e8c8054bb3face1a08ebcd5bf1550fd867cefc7dd24bd2a2	1	93	93	93	explicit	parallel	{'ok': 1}
1789911120	1789911203	cfa8e8be20a5fe49b27593290f57bc83f57d9e89d4a0d6f112fb46ca7bc3ce18	12	158	51	83	explicit	parallel	{'ok': 12}
1789911290	1789911291	e326e5aaae221ac6b1891f40ac16827d877da209a0992ae5d456dbaa5e08120c	1	1	1	1	explicit	parallel	{'ok': 1}
1789911316	1789911388	2e54f2c57565c8753284397d9bf137cf3ac6a6b21c48e8aa4ef0a2a8f6687c91	2	97	72	72	explicit	parallel	{'ok': 2}
1789911338	1789911686	e8b85f5a2c102edbf022a6aa2c6fdb977c900d2370c3e640e5312ca066ffb58f	40	693	85	348	explicit	parallel	{'ok': 38, 'skip': 2}
1789911577	1789911651	bcc3174d45600141c6d83e7b85d6cc936f32fe8971251a54109415c9b29f0c85	2	74	73	74	explicit	parallel	{'ok': 2}
1789911824	1789912683	63a0e0937d3b9fb67553ae0ba2410b8d206d0063bfcc31a2f8429efe890197c4	102	1696	159	859	explicit	parallel	{'ok': 100, 'red': 1, 'skip': 1}
1789911980	1789911999	2527826c3b851cc644fe54fd4838ff988ecff5e08defdde4ab9d09359ad07645	1	19	19	19	explicit	parallel	{'ok': 1}
1789912025	1789912026	0aff290190aaec68e031872b6bc124c848bfa6855d47e24e6ad6e9d199b344a2	2	2	1	1	explicit	parallel	{'ok': 2}
1789912121	1789912141	726c1ced29475dc34414af442d8f72aeb939e76c9bc48d5ae4684e7d3c73b096	1	20	20	20	explicit	parallel	{'ok': 1}
1789912176	1789912177	9965083cca5a1e01b0eeac1ad029daf28392d5b6b404a75417a5d4c06fb2af82	2	2	1	1	explicit	parallel	{'ok': 2}
1789912605	1789912621	261819e9d51d4d8911b036c18ad7daae95982f4e3dccd10f56c80a37c1c42e52	2	17	16	16	explicit	parallel	{'ok': 2}
1789912825	1789913672	7718e52896f2614d499c5614a7eb2b56d2d1f09befd668d51f4ed5e297e419a0	102	1673	151	847	explicit	parallel	{'ok': 101, 'skip': 1}
1789912848	1789912870	abc6d15224a2d1d70c7cc9a1c8891b55a7565c54a000bbd8a5dddfdca11e3480	1	22	22	22	explicit	parallel	{'red': 1}
1789912957	1789912978	5c2b5b6c98fb89abbd050d2668205152f2ea825f043fe97814f38da604091904	1	21	21	21	explicit	parallel	{'ok': 1}
1789913004	1789913127	0082a71d5c0d63b13b9c958ad4224522b6ca41b9531ee04677f70927aec6564a	1	123	123	123	explicit	parallel	{'ok': 1}
1789913248	1789913249	ba5d5ff4c07addcec055753b29a3dacd9cbc5d3e10f56b91dddbb1815c4cbce4	1	1	1	1	explicit	parallel	{'ok': 1}
1789913820	1789913826	942f23b4bdba4eff54f70f8c1de675dd04d7840d0d5110135e27992dcc25585d	3	7	5	6	explicit	parallel	{'ok': 3}
1789913914	1789913944	1fe8407790c10b6606b82091b51d8548ab05891e2a9fde49f7aa2074d83ccdbb	2	58	30	30	explicit	parallel	{'ok': 1, 'red': 1}
1789913977	1789914006	d394b9b5855048ed9cf80dd51a57e79230c54a201f0cd81fd133ba34cccbe80e	2	55	29	29	explicit	parallel	{'ok': 2}
1789913983	1789913987	61e09183935fb9992801e27ad984989e5e66a5126c604d03d6eea41208e7f8bf	3	6	2	4	explicit	parallel	{'ok': 3}
1789914352	1789914456	84e2049dcb0af259e90a50d3422a2d9722a7f3a4cda1595c5f64ada15312c067	28	186	53	104	explicit	parallel	{'ok': 19, 'skip': 8, 'skip-req': 1}
1789914590	1789914591	9df54ab1228939e7a60cf9c4b6897ce11359fd98ecc65ce49707ea07b663fb35	1	1	1	1	explicit	parallel	{'ok': 1}
1789914640	1789914722	d47f2ae36f215868fe8d426cce496b51de72b5b6e89363c0159fed1943b3a4b6	13	157	52	82	explicit	parallel	{'ok': 13}
1789914837	1789914918	92ed5263fb582817954cabdf30c7c5a488041ee0f15f66c5ed915b05759e7058	12	155	50	81	explicit	parallel	{'ok': 12}
1789914928	1789914985	f64277c6884e36b49a7a8058e4068ed8b9e42a9ba771a2813c6a09c0565ef95f	2	75	57	57	explicit	parallel	{'ok': 2}
1789915120	1789916757	c541e3a00a4e6fd988a2b5e29296831b0660b23f4408936569c79ce16be55903	221	3186	175	1637	explicit	parallel	{'ok': 209, 'skip': 11, 'skip-req': 1}
1789916188	1789916213	07f6d303d921129f89848c48983b3c1998624d906244185c97eee7868777c077	1	25	25	25	explicit	parallel	{'ok': 1}
1789916883	1789917026	d7b643ff1bfd96980adf13e0f0196e13d10da56b9d2666deb4b79d53399d1b38	17	258	67	143	explicit	parallel	{'ok': 16, 'red': 1}
1789917158	1789917296	bc273276b362a13e902396e438a471e5fab1e0ab9a071e4a13063959c3a7d707	17	254	69	138	explicit	parallel	{'ok': 17}
1789917529	1789917621	0c2a2e91179f68d2e5493e5fa4fa58c9eae7693e7a309ad0f257a79027825da3	13	174	58	92	explicit	parallel	{'ok': 13}
1789917547	1789917572	629e8e3893005b021c46e667a31fff53be5b88e25e45bf714d802f64cf3cfae1	1	25	25	25	explicit	parallel	{'red': 1}
1789917696	1789917723	33b95f4bbcff755cb2113782f2b953664d83a818f57627d37cc6424067d89f2c	1	27	27	27	explicit	parallel	{'ok': 1}
1789917795	1789918579	c042bbb51983195f0a709681700928252d39c6deab96b581c6ebbcee28a68c5e	97	1564	157	784	explicit	parallel	{'ok': 96, 'skip': 1}
1789918303	1789918327	887d523318948248c67e466a7e6a2877b5a96aa58e898c5aca1b4f04c893a812	1	24	24	24	explicit	parallel	{'ok': 1}
1789918403	1789918404	ae795510e30eed10b9994c05787188e9a420174611d0d00d6775f80486df58ab	1	1	1	1	explicit	parallel	{'ok': 1}
1789918428	1789918429	c125867aec62248d66c9e080995fef812e045eda7bf08098fe96bee748da8927	1	1	1	1	explicit	parallel	{'ok': 1}
1789918452	1789918479	4609b89b495ad586b9ddc2515ddc39f2f224e99fe9c0eb67882196b1d203e432	1	27	27	27	explicit	parallel	{'ok': 1}
1789918695	1789918780	ea526f58ba00d16d381db07f0925c1eb74def05761fc7a0c11b49e3fd22cb033	12	162	53	85	explicit	parallel	{'ok': 12}
1789918715	1789918769	d4f778b358e436d6642204670b0b46e4d5330c99426d3542825c80b5342dbb8e	1	54	54	54	explicit	parallel	{'ok': 1}
1789918891	1789918973	b1bde9fa1d6c6547edadf74f64e3008cdc55375989bbfe2fd5e3cd986a54c71d	12	158	54	82	explicit	parallel	{'ok': 12}
1789919158	1789919771	8f6d1c2e112cc8522a9f3fa619bb77cb56f10ec8804d4290fc76316ab0eca8a6	117	1205	150	613	explicit	parallel	{'ok': 102, 'red': 12, 'skip': 3}
1789919222	1789919233	7bf03afb1337796f0351d023b93fe7f9507678c834e944f79e2bad6200fee1c1	1	11	11	11	explicit	parallel	{'red': 1}
1789919336	1789919338	5f9bfdd3567a7f6905e60f63a55313d44fe5b47e209fe338319c72868f4db25d	1	2	2	2	explicit	parallel	{'red': 1}
1789919385	1789919387	e317d88c9f9bb2ae4d122c5e1cb1e6e8d42f8f8ad0600443c2d1f1b9c0cadded	1	2	2	2	explicit	parallel	{'ok': 1}
1789919710	1789919722	f236669956b698c91ece75edce1c7c2284c8ee9e5c627b87862dfc2a67e5df6f	1	12	12	12	explicit	parallel	{'red': 1}
1789919753	1789919754	3814fcb48c0ad1e246111c53aa94e0664cd8d803759024e334e3d77d1b899e52	1	1	1	1	explicit	parallel	{'ok': 1}
1789919805	1789919830	0257b25d915eab7d7b7e435e9785fc27bc7d8c44421d76df2726e3dfdb6dbcda	2	25	24	25	explicit	parallel	{'ok': 2}
1789919975	1789920645	8d475661b03de7ad7c7b282322bc6cd34b684b446e2a2c889658e21227dd7c00	117	1328	154	670	explicit	parallel	{'ok': 114, 'skip': 3}
1789920072	1789920083	6d611dfcbe62022cc806cd15a934f9384438e192264104933e4f7ee822e49000	1	11	11	11	explicit	parallel	{'red': 1}
1789920274	1789920286	28cb97fb0d934d40af8726e91572494506c77793ce8795584e6745cb64a6269d	1	12	12	12	explicit	parallel	{'ok': 1}
1789920494	1789920507	f3a19d6b145e1eb5af5946eb50db9d7ce2f6c3aae7d5065062130a6c2b7bb10a	1	13	13	13	explicit	parallel	{'ok': 1}
1789920556	1789920558	8464d3d60320790c41d7e563c7d324a7def1f3ac3957f2558bf53aab840ef139	1	2	2	2	explicit	parallel	{'ok': 1}
1789920584	1789920596	99e4c5fed7e97143adeff46111698c6cafe9242677d82b71f5a2b4d7604938f2	2	13	12	12	explicit	parallel	{'ok': 2}
1789920799	1789920802	3b788678f3e61464e48a3ad8532497435cdaf4b1cdd72478eb37286b563ffb11	3	4	2	3	explicit	parallel	{'ok': 3}
1789920930	1789920933	945f7a67a8ceb1a53afff686bd9e66e2fe6aa05197abf5ca87191a171f29fad2	3	4	2	3	explicit	parallel	{'ok': 3}
1789921193	1789921324	e9dc47f977528419255c3473024d6208d0f55d6de580f21a3d1bd70de4aa49c7	37	249	47	131	explicit	parallel	{'ok': 37}
1789921311	1789921323	30571d3516a5dbea8f6255aec6b6c3b6e0b0d729b1029cc2f0140721722f6e43	1	12	12	12	explicit	parallel	{'ok': 1}
1789921346	1789921360	c71d95ef375d10543ac256f75c123f3bd8515e54245cf1bdf64a85c274ab7779	1	14	14	14	explicit	parallel	{'ok': 1}
1789921382	1789921400	5540f354e00bb947a0e6e8f0b028e878bebae39cff45df4d89cf9352c3b2109f	2	19	18	18	explicit	parallel	{'ok': 2}
1789921422	1789921425	847da5bab48e90f8410ffde903330cfacddf33a76249c8f241e988f744dc61dc	1	3	3	3	explicit	parallel	{'ok': 1}
1789921447	1789921448	e47a85976687d5a668aa0b61a3e852bd9473cb514a1e7882d1dfcf4f3669daad	1	1	1	1	explicit	parallel	{'ok': 1}
1789921451	1789921896	ee02a2f7d2c48477112bac851640b3e582dddd92c3430425f09225abe77c78d6	47	881	151	445	explicit	parallel	{'ok': 47}
1789921573	1789921574	4b4cda13efcbbd0d762a203d594a8c1413c0f29d9917567de57236ead06e7e3a	1	1	1	1	explicit	parallel	{'ok': 1}
1789921632	1789921655	fda2b06f0c0cbed9836261691d3885095e29e370c6433a3ecfa521eca10a9bd1	2	40	23	23	explicit	parallel	{'red': 1, 'ok': 1}
1789921711	1789921737	1b068993a9d25c394ba897200474afbc94fc284487d4b955b4c7fa570cacb882	2	46	26	26	explicit	parallel	{'red': 1, 'ok': 1}
1789921777	1789921800	c588e9849a5e0e123b4472997ae257ee8cb48195ac8771e93e92e8ec8f74420b	2	40	23	23	explicit	parallel	{'ok': 2}
1789922020	1789922115	9eaacb424d3c191c26673f16b3b6abf7ce535c7714a8b236b6444da0b03fa45c	16	172	37	95	explicit	parallel	{'ok': 16}
1789922073	1789922082	a6db1eb2ec50980fd86686d04e23e55d43287872cb1a83163133bf8b9f4d9765	2	12	9	9	explicit	parallel	{'ok': 1, 'red': 1}
1789922145	1789922145	802a3b886b388c48a63b6438f783cf5b647f5a17bd06966c5f1f098fa60782d3	1	0	0	0	explicit	parallel	{'ok': 1}
1789922152	1789922162	27954a3fe0f34a04a6d9e1568d549acb5020100a134d6d0c23293a9290685215	2	13	10	10	explicit	parallel	{'ok': 2}
1789922238	1789922325	e1313cd9a4bcb3ff98df694af72fcb7c4d05d3c25a51a2db3b0d195c9fe62f2b	16	162	37	87	explicit	parallel	{'ok': 16}
1789922461	1789922998	6312352c5712beecdbfb675d3bf40e5811ef8ab6a612cc9b3cabb2b57d1cc07a	94	1068	149	537	explicit	parallel	{'ok': 91, 'skip': 2, 'red': 1}
1789922840	1789922866	9df5d49b4c3669261d62ccdfd61396f18c9d3d21983f6228e3da19fbc17a6b16	1	26	26	26	explicit	parallel	{'ok': 1}
1789923134	1789923695	3b60d55667b6e7775aab9a867ac45b8869a170b138b0714f691342ad07993879	94	1112	159	561	explicit	parallel	{'ok': 92, 'skip': 2}
1789923144	1789923224	d41bbddc4d7094cfd590e635264198bcc03cb63257267f7b40fe9f42e083677a	5	143	48	80	explicit	parallel	{'ok': 5}
1789923148	1789923164	81dfd3a35b517f7516e167b2a93e72b0fcc47f29152709c8101bf5fc89d2498f	1	16	16	16	explicit	parallel	{'ok': 1}
1789923253	1789923327	4f11adb2e2d79e92664e7a563eb20a76b83b92815cb4fe76e87fb46e39117f62	7	144	28	74	explicit	parallel	{'ok': 7}
1789923359	1789923361	569dad5018a7714f9b84ca4b02a6cda77209d5bcda020f05f87e8052bf195b68	2	2	1	2	explicit	parallel	{'ok': 2}
1789923742	1789923771	c847b5fb99bfdac80a9408f9f307963e106040b4d431a730b12b5bb838598849	1	29	29	29	explicit	parallel	{'red': 1}
1789923804	1789923833	345e464a572e7bf2e539961c806c089dfbb3725d3966ff26679cb58202686f92	1	29	29	29	explicit	parallel	{'ok': 1}
1789923857	1789924437	ae894cb2f8eddbca36aeaba15adf3455d4f77bbc7ae1abd6d472bc148718ac6a	96	1151	172	580	explicit	parallel	{'ok': 94, 'skip': 2}
1789923946	1789923966	b62b039c1ca7ecbba9edf16419176a7924297122e09ae50c2eed0f71992c8458	1	20	20	20	explicit	parallel	{'red': 1}
1789924010	1789924038	20a6952d69fd673aa24b5e78847fd63950a8910e8922ecad2782c22db90f7645	1	28	28	28	explicit	parallel	{'ok': 1}
1789924161	1789924193	357ac009ec86f5aecc55135f299d985df1d9ac0333428af44467ec5dae3b36b4	1	32	32	32	explicit	parallel	{'ok': 1}
1789924514	1789924540	b55c9c08abce6cbc27134ee0652efd505ebc91ef1b5cf7d33223fba2dd8b1c46	1	26	26	26	explicit	parallel	{'ok': 1}
1789924754	1789925068	97cb2459db653cac602a9406f216b1c4a1ad7be3f58bf0ef81ddc11de1e95c68	29	607	110	314	explicit	parallel	{'ok': 29}
1789925253	1789926595	9d2f853065d99f1375c9d234c4d60c3730574135fec5b5e22337985eecf91ea6	171	2675	156	1342	explicit	parallel	{'ok': 168, 'skip': 3}
1789925962	1789925963	e418553c579357d637bd7cbd383509870b4bb10ce90b0fca1f2d7f02801242cd	1	1	1	1	explicit	parallel	{'ok': 1}
1789926354	1789926355	25f704c7b543aff65853ffb17cdb160064cd1d4c1088f91217c1456d05a8d485	1	1	1	1	explicit	parallel	{'ok': 1}
1789926801	1789927821	37de512441049533a0fb9fffc67014b451edcfeea9263f3ea025f9a72f4208d4	121	2021	130	1020	explicit	parallel	{'ok': 119, 'skip': 2}
1789926937	1789926942	812b386f5e8fbe39c0c0c33f6c32aceb3cbfe9e8231695add6dd9ea8ec416399	2	6	5	5	explicit	parallel	{'ok': 2}
1789927584	1789927607	65a976d68e6291152a819e5c654ce93c9c5628bf44c5249f75ef512b24f2fcd5	1	23	23	23	explicit	parallel	{'red': 1}
1789927956	1789927976	7a2a1498007f3ab666450079f52eedf5c8e04631e7eebc24c43d8ba62874f63c	3	32	12	20	explicit	parallel	{'ok': 2, 'red': 1}
1789928051	1789928055	33bd32899f42240e571e86ab853c126e3b8d11cf3a1aa4dd8499d9a10cb38e46	3	6	2	4	explicit	parallel	{'ok': 3}
1789928157	1789928161	6036b88fc79414fe12b6caad35d43aab7f22fe13c1944e67e196394eafce691c	3	8	4	4	explicit	parallel	{'ok': 2, 'red': 1}
1789928199	1789928205	b5856a1247c492efefe315af7ed86d88f7fd802ecd8609a42741eaf061d3b208	1	6	6	6	explicit	parallel	{'red': 1}
1789928292	1789928337	05c279268aca21bde8f3c949977060dd08ff6b34d06dcb11ac5e3af4efa0d060	1	45	45	45	explicit	parallel	{'ok': 1}
1789928296	1789928337	5d0ab94289c2ed257e606baf8770c40e77f05afc1c0251ee9034ff4077204bfd	2	68	41	41	explicit	parallel	{'ok': 2}
1789928367	1789928371	b94bb46f7660061f3247be523d768552319b3b647c0416f96f9be4aff04cd8d4	2	6	4	4	explicit	parallel	{'ok': 2}
1789928451	1789928459	1d9ade6c741d93f3f69436da5a7d29194df75d37dc5dfb0774824682d2ca7edf	2	13	7	8	explicit	parallel	{'ok': 2}
1789928647	1789928702	17b60089aa37bd3f625af8b2bcf945bd9941312a7258c9529b658e975b249470	1	55	55	55	explicit	parallel	{'red': 1}
1789928932	1789928965	a9b7ccca8442d7cc076333f34df341103b31c92e0e819ddeb479f5bdbf3c1d2a	1	33	33	33	explicit	parallel	{'ok': 1}
1789928940	1789929357	1b7f7ea19df72a4c52c3c2165295a6accf0015d16510bec00c7f45ad529d6d60	38	798	197	417	explicit	parallel	{'ok': 37, 'red': 1}
1789929022	1789929254	749fa119500cef0ed49eb9bc8f07d94545087ffe68513ca62beb0aad73deb07a	2	311	232	232	explicit	parallel	{'ok': 2}
1789929053	1789929080	db2aee896023e7a210b310d2d1380d4195d6fafc2ab0924896c4dfbf83188dbd	2	49	27	27	explicit	parallel	{'ok': 2}
1789929522	1789929681	cc733b56952521dcde496945e12caa6687a48a167f43d78fd36b7013128c7f64	38	291	56	159	explicit	parallel	{'ok': 38}
1789929680	1789929681	5801af1b52efc638439ab476df42e30fe2830d937bfb0dafd36bea0aa88e3c36	1	1	1	1	explicit	parallel	{'ok': 1}
1789929841	1789930763	ce42e232019d1fc6a5ea97ff2106d5cf025a99ace352a304714ae0d5a36272ab	95	1773	214	922	explicit	parallel	{'ok': 92, 'skip': 2, 'red': 1}
1789930209	1789930209	2fd677f49d5f1ab878ab0c186961839366910576e1ff51752bffac55793d2f21	1	0	0	0	explicit	parallel	{'ok': 1}
1789930846	1789930856	4c66556983db1127f1d625fe82cadf7987097291581256da718cbd798a496351	1	10	10	10	explicit	parallel	{'ok': 1}
1789930910	1789931472	442676cd276ef180094ca64279fe427e872af3727e71f6d7173d6f6b31c44067	95	1119	151	562	explicit	parallel	{'ok': 93, 'skip': 2}
1789931074	1789931076	93b8994a0bb1894de82d12051f44c41f9469d97b1be91d8036e7c4d5d940fa00	1	2	2	2	explicit	parallel	{'red': 1}
1789931198	1789931199	c29372134cac0b8ecc79608f2cc931374918c7f0b7dbbb5a03294cbd2ebe49ef	1	1	1	1	explicit	parallel	{'ok': 1}
1789931625	1789931628	6b41b9f0e246b484136bc137c6252347736a75a01052981ec445ca84694a58d2	3	5	2	3	explicit	parallel	{'ok': 3}
1789931844	1789931860	b7aa6316af30cc0d201d7ea92118f2d723c15c10109be2ba69403ddcd0755e5c	1	16	16	16	explicit	parallel	{'red': 1}
1789931936	1789931936	4d34a56cb499e7765d1c5696edc0daa19aae95cdb088a1bdbb7c85f1aa165884	1	0	0	0	explicit	parallel	{'ok': 1}
1789931955	1789931957	67241fe324aa88d479bb89074ab8dc20ee5e70c74334d5f9d9ecfcb942c2e5f1	1	2	2	2	explicit	parallel	{'ok': 1}
1789931975	1789931976	83c4e99775e7a09c462dc1a1af10d05c3097ef9c4d4a04f5bdaf55cd63a131a3	1	1	1	1	explicit	parallel	{'ok': 1}
1789931988	1789932016	23cedc3ea086b87d2d119288353ab18c2f82dcd75087debf71e1046896ebcf18	2	39	27	28	explicit	parallel	{'ok': 2}
1789932063	1789932073	cb295aa8819dae73ecb30be3ee58362b68c449d324aa48776b410a38d9a33da0	2	12	10	10	explicit	parallel	{'ok': 2}
1789932080	1789932258	2d7d2aa0f75d5583fa4b7aae74bd202ca6c6241f96e2f9390863dfdc9f99f6c7	40	336	58	178	explicit	parallel	{'ok': 39, 'red': 1}
1789932400	1789932524	f738fc098018c172cdca0fa224aae58addca486dc9630f2b637946f7e3f5c8cd	40	237	43	124	explicit	parallel	{'ok': 40}
1789932697	1789933673	d80aab23579c1fcb81a595590864c81ac77e1a13cffcb2030de8bc2aea8dd871	116	1935	149	976	explicit	parallel	{'ok': 113, 'skip': 3}
1789933515	1789933530	02de0bacdb3110df4e3954676c40f9835c7174ecfe778767fba7333f54d4ebfa	2	16	14	15	explicit	parallel	{'ok': 2}
