# Lines starting '# literal-ok:' annotate the next row for spira/literal-lint.sh; drop them with grep -v '^# literal-ok'.
epoch	batch	mode	suite	status	n_ok	n_fail
1789661014	0067eb4be66b	parallel	test-cockpit-queue.sh	ok	22	0
1789661018	0067eb4be66b	parallel	test-cockpit-unlanded.sh	ok	21	0
1789617863	0068aab6196f	serial	test-watchd-halt-health.sh	red	6	1
1789617862	0068aab6196f	serial	test-watchd-tail.sh	red	7	8
1789501102	00f0f04d9016	parallel	test-release-workflow.sh	ok	9	0
1789501102	00f0f04d9016	parallel	test-gate-workflow.sh	ok	16	0
1789521282	00f1bc5a7dcb	parallel	test-cockpit-runtime-path.sh	ok	8	0
1789521282	00f1bc5a7dcb	parallel	test-cockpit-remote.sh	ok	14	0
1789600960	01bb04cbfb98	parallel	test-citations.sh	red	0	0
1789600962	01bb04cbfb98	parallel	test-gate-sweep.sh	red	0	0
1789600959	01bb04cbfb98	parallel	test-certify.sh	red	0	0
1789600958	01bb04cbfb98	parallel	test-answers-silent-seed.sh	red	0	0
1789600959	01bb04cbfb98	parallel	test-beads-push-verify.sh	red	0	0
1789600962	01bb04cbfb98	parallel	test-gate-verdict.sh	red	0	0
1789600958	01bb04cbfb98	parallel	test-ask-help.sh	red	0	0
1789600962	01bb04cbfb98	parallel	test-gate-check-stuck.sh	red	0	0
1789600963	01bb04cbfb98	parallel	test-loom.sh	red	0	0
1789600959	01bb04cbfb98	parallel	test-check5-delivers-check.sh	red	0	0
1789600962	01bb04cbfb98	parallel	test-host-reason.sh	red	0	0
1789600965	01bb04cbfb98	parallel	test-sop.sh	red	0	0
1789600965	01bb04cbfb98	parallel	test-sending-unlanded-guard.sh	red	0	0
1789600966	01bb04cbfb98	parallel	test-testenv-systemctl.sh	red	0	0
1789600964	01bb04cbfb98	parallel	test-null-close-reason.sh	red	0	0
1789600964	01bb04cbfb98	parallel	test-output-visibility.sh	red	0	0
1789600959	01bb04cbfb98	parallel	test-build-tarball.sh	red	0	0
1789600961	01bb04cbfb98	parallel	test-doctor-embedded.sh	red	0	0
1789600963	01bb04cbfb98	parallel	test-mail-deliver.sh	red	0	0
1789600965	01bb04cbfb98	parallel	test-schema-apply.sh	red	0	0
1789600964	01bb04cbfb98	parallel	test-poison.sh	red	0	0
1789600968	01bb04cbfb98	parallel	test-aeon-ledger.sh	unreached	0	0
1789600961	01bb04cbfb98	parallel	test-doctor-bd-tag.sh	red	0	0
1789600963	01bb04cbfb98	parallel	test-maechen.sh	red	0	0
1789600963	01bb04cbfb98	parallel	test-install-unit-directive.sh	red	0	0
1789600965	01bb04cbfb98	parallel	test-sending-landstate-assert.sh	red	0	0
1789600959	01bb04cbfb98	parallel	test-cadence.sh	red	0	0
1789600967	01bb04cbfb98	parallel	test-timer-templates.sh	red	0	0
1789600962	01bb04cbfb98	parallel	test-incident-cause.sh	red	0	0
1789600964	01bb04cbfb98	parallel	test-promote.sh	red	0	0
1789600958	01bb04cbfb98	parallel	test-attempts.sh	red	0	0
1789600962	01bb04cbfb98	parallel	test-install-aeons.sh	red	0	0
# literal-ok: measurement data; the configured name is part of a suite FILENAME harvested from this tree, not a label read here.
1789600958	01bb04cbfb98	parallel	test-aeon-world-stop.sh	red	0	0
1789600962	01bb04cbfb98	parallel	test-incident-recur-cause.sh	red	0	0
1789600962	01bb04cbfb98	parallel	test-install-halt.sh	red	0	0
1789600959	01bb04cbfb98	parallel	test-census-watermark.sh	red	0	0
1789600965	01bb04cbfb98	parallel	test-scratch-fence.sh	red	0	0
1789600961	01bb04cbfb98	parallel	test-fayth.sh	red	0	0
1789600961	01bb04cbfb98	parallel	test-doctor-cargo.sh	red	0	0
1789600959	01bb04cbfb98	parallel	test-boundary.sh	red	0	0
1789600965	01bb04cbfb98	parallel	test-sending-metrics.sh	red	0	0
1789600960	01bb04cbfb98	parallel	test-check5-sweep-delivers.sh	red	0	0
1789600960	01bb04cbfb98	parallel	test-cockpit-landed.sh	red	0	0
1789600963	01bb04cbfb98	parallel	test-landing-race.sh	red	0	0
1789600959	01bb04cbfb98	parallel	test-bd-remember-guard.sh	red	0	0
1789600947	01bb04cbfb98	parallel	test-aeon-lease.sh	ok	15	0
1789600961	01bb04cbfb98	parallel	test-doctor-goal.sh	red	0	0
1789600963	01bb04cbfb98	parallel	test-maechen-blind-window.sh	red	0	0
1789600965	01bb04cbfb98	parallel	test-strand-partition.sh	red	0	0
1789600964	01bb04cbfb98	parallel	test-priority-bands.sh	red	0	0
1789600963	01bb04cbfb98	parallel	test-model-switch-report.sh	red	0	0
1789600964	01bb04cbfb98	parallel	test-owned.sh	red	0	0
1789600960	01bb04cbfb98	parallel	test-configure.sh	red	0	0
1789600967	01bb04cbfb98	parallel	test-worktree-absent.sh	red	0	0
1789600961	01bb04cbfb98	parallel	test-fayth-predicates.sh	red	0	0
1789600965	01bb04cbfb98	parallel	test-session-hook.sh	red	0	0
1789600962	01bb04cbfb98	parallel	test-gate-fixture-diag.sh	red	0	0
1789600964	01bb04cbfb98	parallel	test-review.sh	red	0	0
1789600963	01bb04cbfb98	parallel	test-maechen-trigger.sh	red	0	0
1789600962	01bb04cbfb98	parallel	test-groom-trigger.sh	red	0	0
1789600963	01bb04cbfb98	parallel	test-landed-stays-landed.sh	red	0	0
1789600963	01bb04cbfb98	parallel	test-literal-lint.sh	red	0	0
1789600960	01bb04cbfb98	parallel	test-cockpit-sphere.sh	red	0	0
1789600965	01bb04cbfb98	parallel	test-sending-content-label.sh	red	0	0
1789600963	01bb04cbfb98	parallel	test-limits.sh	red	0	0
1789600959	01bb04cbfb98	parallel	test-check5-landed-assert.sh	red	0	0
1789600966	01bb04cbfb98	parallel	test-suites-fixture-fault.sh	red	0	0
1789600962	01bb04cbfb98	parallel	test-gh-intake.sh	red	0	0
1789600964	01bb04cbfb98	parallel	test-orphan-test.sh	red	0	0
1789600966	01bb04cbfb98	parallel	test-suites-containment.sh	red	0	0
1789600965	01bb04cbfb98	parallel	test-schema.sh	red	0	0
1789600965	01bb04cbfb98	parallel	test-skew-foreign.sh	red	0	0
1789600959	01bb04cbfb98	parallel	test-builder-qa-proposed.sh	red	0	0
1789600963	01bb04cbfb98	parallel	test-mail-sendmail.sh	red	0	0
1789600958	01bb04cbfb98	parallel	test-batch.sh	red	0	0
1789600960	01bb04cbfb98	parallel	test-cockpit-fuse.sh	red	0	0
1789600965	01bb04cbfb98	parallel	test-sin-exempt.sh	red	0	0
1789600960	01bb04cbfb98	parallel	test-cockpit-snap-absent.sh	red	0	0
1789600961	01bb04cbfb98	parallel	test-fayth-free.sh	red	0	0
1789600959	01bb04cbfb98	parallel	test-check5-landed-no-delivers.sh	red	0	0
1789600960	01bb04cbfb98	parallel	test-cockpit-unclaimable.sh	red	0	0
1789600962	01bb04cbfb98	parallel	test-incident-delivers-satisfiable.sh	red	0	0
1789600964	01bb04cbfb98	parallel	test-repo.sh	red	0	0
1789600959	01bb04cbfb98	parallel	test-check2-reclaim.sh	red	0	0
1789600966	01bb04cbfb98	parallel	test-testenv-stdin.sh	red	0	0
1789600961	01bb04cbfb98	parallel	test-doctor-snap-fresh.sh	red	0	0
1789600966	01bb04cbfb98	parallel	test-suites-timeout.sh	red	0	0
1789600967	01bb04cbfb98	parallel	test-watchtower.sh	red	0	0
1789600967	01bb04cbfb98	parallel	test-world-drain.sh	red	0	0
1789600960	01bb04cbfb98	parallel	test-cockpit-runtime-path.sh	red	0	0
1789600960	01bb04cbfb98	parallel	test-concierge.sh	red	0	0
1789600959	01bb04cbfb98	parallel	test-bin-manifest.sh	red	0	0
1789600962	01bb04cbfb98	parallel	test-id-prefix.sh	red	0	0
1789600967	01bb04cbfb98	parallel	test-unclaimable-cycle.sh	red	0	0
1789600963	01bb04cbfb98	parallel	test-inventory.sh	red	0	0
1789600961	01bb04cbfb98	parallel	test-doctor-unit-dup.sh	red	0	0
1789600964	01bb04cbfb98	parallel	test-pilgrimage.sh	red	0	0
1789600964	01bb04cbfb98	parallel	test-release.sh	red	0	0
1789600963	01bb04cbfb98	parallel	test-landing.sh	red	0	0
1789600963	01bb04cbfb98	parallel	test-install-self-test.sh	red	0	0
1789600960	01bb04cbfb98	parallel	test-ci-park.sh	red	0	0
1789600967	01bb04cbfb98	parallel	test-unclaimable-bead.sh	red	0	0
1789600962	01bb04cbfb98	parallel	test-gate-retry.sh	red	0	0
1789600963	01bb04cbfb98	parallel	test-loom-rebuild.sh	red	0	0
1789600967	01bb04cbfb98	parallel	test-testenv-tmux-isolation.sh	red	0	0
1789600965	01bb04cbfb98	parallel	test-schema-migration-guard.sh	red	0	0
1789600959	01bb04cbfb98	parallel	test-census-blind.sh	red	0	0
1789600963	01bb04cbfb98	parallel	test-mail-fence.sh	red	0	0
1789600959	01bb04cbfb98	parallel	test-canary.sh	red	0	0
1789600958	01bb04cbfb98	parallel	test-auron.sh	red	0	0
1789600961	01bb04cbfb98	parallel	test-elastic-ceiling.sh	red	0	0
1789600967	01bb04cbfb98	parallel	test-watchd-health-ids.sh	red	0	0
1789600961	01bb04cbfb98	parallel	test-doctor-events-probe.sh	red	0	0
1789600945	01bb04cbfb98	parallel	test-aeon-dirty-commit.sh	skip	0	0
1789600966	01bb04cbfb98	parallel	test-suites-watchdog-classify.sh	red	0	0
1789600962	01bb04cbfb98	parallel	test-hold.sh	red	0	0
1789600961	01bb04cbfb98	parallel	test-deploy.sh	red	0	0
1789600966	01bb04cbfb98	parallel	test-suites-confirm-red.sh	red	0	0
1789600961	01bb04cbfb98	parallel	test-events-nodolt.sh	red	0	0
1789600966	01bb04cbfb98	parallel	test-strand-truncated.sh	red	0	0
1789600961	01bb04cbfb98	parallel	test-destroy-branch.sh	red	0	0
1789600960	01bb04cbfb98	parallel	test-cockpit-tiered-collector.sh	red	0	0
1789600960	01bb04cbfb98	parallel	test-cockpit-sop.sh	red	0	0
1789600965	01bb04cbfb98	parallel	test-scope-label.sh	red	0	0
1789600965	01bb04cbfb98	parallel	test-strand-lock.sh	red	0	0
1789600963	01bb04cbfb98	parallel	test-install-paths.sh	red	0	0
1789600967	01bb04cbfb98	parallel	test-thrash.sh	red	0	0
1789600960	01bb04cbfb98	parallel	test-cockpit-gate.sh	red	0	0
1789600964	01bb04cbfb98	parallel	test-panel.sh	red	0	0
1789600965	01bb04cbfb98	parallel	test-statusline.sh	red	0	0
1789600966	01bb04cbfb98	parallel	test-testenv-mode.sh	red	0	0
1789600963	01bb04cbfb98	parallel	test-migrate-ask.sh	red	0	0
1789600967	01bb04cbfb98	parallel	test-watchd-halt-health.sh	red	0	0
1789600960	01bb04cbfb98	parallel	test-cockpit-unsent.sh	red	0	0
1789600967	01bb04cbfb98	parallel	test-wire-token.sh	red	0	0
1789600960	01bb04cbfb98	parallel	test-cockpit-mouse.sh	red	0	0
1789600962	01bb04cbfb98	parallel	test-incident-dedup.sh	red	0	0
1789600965	01bb04cbfb98	parallel	test-sending-empty-commit.sh	red	0	0
1789600962	01bb04cbfb98	parallel	test-gate-missing-cmd.sh	red	0	0
1789600966	01bb04cbfb98	parallel	test-suites-unreached.sh	red	0	0
1789600966	01bb04cbfb98	parallel	test-suites-red-dedup.sh	red	0	0
1789600959	01bb04cbfb98	parallel	test-bd-lock-retry.sh	red	0	0
1789600967	01bb04cbfb98	parallel	test-tokens.sh	red	0	0
1789600960	01bb04cbfb98	parallel	test-cockpit-rebuild.sh	red	0	0
1789600968	01bb04cbfb98	parallel	test-aeon-prod-dirty.sh	unreached	0	0
1789600959	01bb04cbfb98	parallel	test-check5-delivers-falls-through.sh	red	0	0
1789600966	01bb04cbfb98	parallel	test-suites-result-files.sh	red	0	0
1789600965	01bb04cbfb98	parallel	test-slay.sh	red	0	0
1789600963	01bb04cbfb98	parallel	test-install-migrate.sh	red	0	0
1789600960	01bb04cbfb98	parallel	test-cockpit-collector-watchdog.sh	red	0	0
1789600963	01bb04cbfb98	parallel	test-loom-ops.sh	red	0	0
1789600959	01bb04cbfb98	parallel	test-census-events.sh	red	0	0
1789600959	01bb04cbfb98	parallel	test-beads-push-commit.sh	red	0	0
1789600965	01bb04cbfb98	parallel	test-skew-escalate.sh	red	0	0
1789600958	01bb04cbfb98	parallel	test-artifact-install.sh	red	0	0
1789600964	01bb04cbfb98	parallel	test-runner-deps.sh	red	0	0
1789600962	01bb04cbfb98	parallel	test-gate-check-red-twice.sh	red	0	0
1789600965	01bb04cbfb98	parallel	test-sop-lint.sh	red	0	0
1789600965	01bb04cbfb98	parallel	test-sentinel.sh	red	0	0
1789600961	01bb04cbfb98	parallel	test-freshclone.sh	red	0	0
1789600959	01bb04cbfb98	parallel	test-check5-body-search.sh	red	0	0
1789600961	01bb04cbfb98	parallel	test-gate-base-evidence.sh	red	0	0
1789600964	01bb04cbfb98	parallel	test-pr-notify.sh	red	0	0
1789600961	01bb04cbfb98	parallel	test-drain-banner.sh	red	0	0
1789600960	01bb04cbfb98	parallel	test-cockpit-tmp.sh	red	0	0
1789600965	01bb04cbfb98	parallel	test-strand-ghost-teardown.sh	red	0	0
1789600961	01bb04cbfb98	parallel	test-doctor-enable-drift.sh	red	0	0
1789600964	01bb04cbfb98	parallel	test-release-workflow.sh	red	0	0
1789600964	01bb04cbfb98	parallel	test-requeue-cap.sh	red	0	0
1789600959	01bb04cbfb98	parallel	test-chamber-repo-labels.sh	red	0	0
1789600966	01bb04cbfb98	parallel	test-suites-setup-fault.sh	red	0	0
1789600961	01bb04cbfb98	parallel	test-doctor-dolt.sh	red	0	0
1789600964	01bb04cbfb98	parallel	test-resolve-output.sh	red	0	0
1789600963	01bb04cbfb98	parallel	test-layout-guard.sh	red	0	0
1789600961	01bb04cbfb98	parallel	test-doctor-schema.sh	red	0	0
1789600963	01bb04cbfb98	parallel	test-loop-readonly.sh	red	0	0
1789600962	01bb04cbfb98	parallel	test-gh-run-gate.sh	red	0	0
1789600945	01bb04cbfb98	parallel	test-activate.sh	ok	22	0
1789600968	01bb04cbfb98	parallel	test-aeon-resume.sh	unreached	0	0
1789600967	01bb04cbfb98	parallel	test-world-timer-names.sh	red	0	0
1789600964	01bb04cbfb98	parallel	test-roster-warn.sh	red	0	0
1789600961	01bb04cbfb98	parallel	test-content-landed-empty-branch.sh	red	0	0
1789600960	01bb04cbfb98	parallel	test-cockpit-unlanded.sh	red	0	0
1789600966	01bb04cbfb98	parallel	test-suites-hygiene.sh	red	0	0
1789600967	01bb04cbfb98	parallel	test-verify-asks.sh	red	0	0
1789600964	01bb04cbfb98	parallel	test-rollback.sh	red	0	0
1789600959	01bb04cbfb98	parallel	test-bd-update-inflight-guard.sh	red	0	0
1789600962	01bb04cbfb98	parallel	test-groomer.sh	red	0	0
1789600959	01bb04cbfb98	parallel	test-census.sh	red	0	0
1789600962	01bb04cbfb98	parallel	test-gate-workflow.sh	red	0	0
1789600966	01bb04cbfb98	parallel	test-testenv-scratch.sh	red	0	0
1789600959	01bb04cbfb98	parallel	test-bd-stdin.sh	red	0	0
1789600962	01bb04cbfb98	parallel	test-install-instance.sh	red	0	0
1789600964	01bb04cbfb98	parallel	test-ops-closing.sh	red	0	0
1789600966	01bb04cbfb98	parallel	test-suites-cluster.sh	red	0	0
1789600967	01bb04cbfb98	parallel	test-watchtower-lapse.sh	red	0	0
1789600967	01bb04cbfb98	parallel	test-world-start-revives-watchers.sh	red	0	0
1789600967	01bb04cbfb98	parallel	test-watchd-tail.sh	red	0	0
1789600962	01bb04cbfb98	parallel	test-install-conflicts.sh	red	0	0
1789600965	01bb04cbfb98	parallel	test-statute-projection.sh	red	0	0
1789600960	01bb04cbfb98	parallel	test-cockpit-layout-identity.sh	red	0	0
1789600958	01bb04cbfb98	parallel	test-archivist.sh	red	0	0
1789600961	01bb04cbfb98	parallel	test-destructive-bead.sh	red	0	0
1789600960	01bb04cbfb98	parallel	test-cockpit-layout-conf.sh	red	0	0
1789600964	01bb04cbfb98	parallel	test-released-defects.sh	red	0	0
1789600963	01bb04cbfb98	parallel	test-livelock.sh	red	0	0
1789600967	01bb04cbfb98	parallel	test-uninstall.sh	red	0	0
1789600960	01bb04cbfb98	parallel	test-cockpit.sh	red	0	0
1789600966	01bb04cbfb98	parallel	test-testenv.sh	red	0	0
1789600965	01bb04cbfb98	parallel	test-select.sh	red	0	0
1789600966	01bb04cbfb98	parallel	test-testenv-doctor-check.sh	red	0	0
1789600965	01bb04cbfb98	parallel	test-sentinel-capacity.sh	red	0	0
1789600958	01bb04cbfb98	parallel	test-batch-maxpar.sh	red	0	0
1789600960	01bb04cbfb98	parallel	test-cockpit-sweep.sh	red	0	0
1789600964	01bb04cbfb98	parallel	test-parallel-isolation.sh	red	0	0
1789600963	01bb04cbfb98	parallel	test-mail-health.sh	red	0	0
1789600943	01bb04cbfb98	parallel	test-requires.sh	skip-req	0	0
1789600962	01bb04cbfb98	parallel	test-install-landref.sh	red	0	0
1789600963	01bb04cbfb98	parallel	test-install-rehearsal.sh	red	0	0
1789600959	01bb04cbfb98	parallel	test-check5-nopayload.sh	red	0	0
1789600967	01bb04cbfb98	parallel	test-watchd-unit-name.sh	red	0	0
1789600962	01bb04cbfb98	parallel	test-incident.sh	red	0	0
1789600966	01bb04cbfb98	parallel	test-testenv-batch.sh	red	0	0
1789600961	01bb04cbfb98	parallel	test-doctor-checkout-mode.sh	red	0	0
1789600963	01bb04cbfb98	parallel	test-mail-kinds.sh	red	0	0
1789600958	01bb04cbfb98	parallel	test-ask-law.sh	red	0	0
1789600960	01bb04cbfb98	parallel	test-cockpit-dup-refs.sh	red	0	0
1789600965	01bb04cbfb98	parallel	test-strand-capacity.sh	red	0	0
1789600963	01bb04cbfb98	parallel	test-install-prod-checkout.sh	red	0	0
1789600959	01bb04cbfb98	parallel	test-capacity-probe.sh	red	0	0
1789600964	01bb04cbfb98	parallel	test-reclaim-escalated.sh	red	0	0
1789600960	01bb04cbfb98	parallel	test-cockpit-self.sh	red	0	0
1789600961	01bb04cbfb98	parallel	test-focus-close-guard.sh	red	0	0
1789600963	01bb04cbfb98	parallel	test-lanes.sh	red	0	0
1789600962	01bb04cbfb98	parallel	test-gate-tree.sh	red	0	0
1789600959	01bb04cbfb98	parallel	test-budget-drift.sh	red	0	0
1789600966	01bb04cbfb98	parallel	test-superseded.sh	red	0	0
1789600964	01bb04cbfb98	parallel	test-requeue.sh	red	0	0
1789600963	01bb04cbfb98	parallel	test-mail.sh	red	0	0
1789600967	01bb04cbfb98	parallel	test-tmux-env.sh	red	0	0
1789600964	01bb04cbfb98	parallel	test-repo-label.sh	red	0	0
1789600967	01bb04cbfb98	parallel	test-watch-notify.sh	red	0	0
1789600960	01bb04cbfb98	parallel	test-cockpit-layout.sh	red	0	0
1789600967	01bb04cbfb98	parallel	test-world-timer-service-result.sh	red	0	0
1789600960	01bb04cbfb98	parallel	test-check8-progressed.sh	red	0	0
1789600959	01bb04cbfb98	parallel	test-build.sh	red	0	0
1789600964	01bb04cbfb98	parallel	test-reclaim-slay-branch-guard.sh	red	0	0
1789600965	01bb04cbfb98	parallel	test-spike.sh	red	0	0
1789600965	01bb04cbfb98	parallel	test-strand-deferred.sh	red	0	0
1789600966	01bb04cbfb98	parallel	test-testenv-registry.sh	red	0	0
1789600967	01bb04cbfb98	parallel	test-watch-refresh.sh	red	0	0
1789600961	01bb04cbfb98	parallel	test-covers-entries.sh	red	0	0
1789600965	01bb04cbfb98	parallel	test-set-state-writers.sh	red	0	0
1789600965	01bb04cbfb98	parallel	test-soak.sh	red	0	0
1789600967	01bb04cbfb98	parallel	test-unit-name.sh	red	0	0
1789600959	01bb04cbfb98	parallel	test-check4-events.sh	red	0	0
1789600966	01bb04cbfb98	parallel	test-testenv-suites.sh	red	0	0
1789600962	01bb04cbfb98	parallel	test-install-conf-seed.sh	red	0	0
1789600962	01bb04cbfb98	parallel	test-install-idempotent.sh	red	0	0
1789600967	01bb04cbfb98	parallel	test-work-services-exclusion.sh	red	0	0
1789600963	01bb04cbfb98	parallel	test-loom-page.sh	red	0	0
1789600962	01bb04cbfb98	parallel	test-gate-discover-branch.sh	red	0	0
1789600958	01bb04cbfb98	parallel	test-aeon-sweep.sh	red	0	0
1789600967	01bb04cbfb98	parallel	test-testenv-timeout.sh	red	0	0
1789600966	01bb04cbfb98	parallel	test-suites-timer.sh	red	0	0
1789600966	01bb04cbfb98	parallel	test-testenv-image-tag.sh	red	0	0
1789600959	01bb04cbfb98	parallel	test-check5-content-landed.sh	red	0	0
1789600946	01bb04cbfb98	parallel	test-aeon-heartbeat.sh	skip	0	0
1789600959	01bb04cbfb98	parallel	test-beads-sparklines.sh	red	0	0
1789600959	01bb04cbfb98	parallel	test-check5-drop.sh	red	0	0
1789600966	01bb04cbfb98	parallel	test-testenv-batch-fence.sh	red	0	0
1789600966	01bb04cbfb98	parallel	test-submit.sh	red	0	0
1789600962	01bb04cbfb98	parallel	test-incident-recur-bounded.sh	red	0	0
1789600968	01bb04cbfb98	parallel	test-yield.sh	red	0	0
1789600961	01bb04cbfb98	parallel	test-ctx-pointer.sh	red	0	0
1789600965	01bb04cbfb98	parallel	test-sending-squash-merged.sh	red	0	0
1789600962	01bb04cbfb98	parallel	test-install-exec.sh	red	0	0
# literal-ok: measurement data; the configured name is part of a suite FILENAME harvested from this tree, not a label read here.
1789600964	01bb04cbfb98	parallel	test-reclaim-needs-ryan.sh	red	0	0
1789600962	01bb04cbfb98	parallel	test-gate-preflight.sh	red	0	0
1789600961	01bb04cbfb98	parallel	test-ctrl.sh	red	0	0
1789600964	01bb04cbfb98	parallel	test-render-memories.sh	red	0	0
1789600966	01bb04cbfb98	parallel	test-suite-cleanup.sh	red	0	0
1789600966	01bb04cbfb98	parallel	test-testdb-failsafe.sh	red	0	0
1789600960	01bb04cbfb98	parallel	test-conf.sh	red	0	0
1789600961	01bb04cbfb98	parallel	test-containment.sh	red	0	0
1789600960	01bb04cbfb98	parallel	test-cockpit-remote.sh	red	0	0
1789600962	01bb04cbfb98	parallel	test-gate-touched.sh	red	0	0
1789600968	01bb04cbfb98	parallel	test-aeon-exit.sh	unreached	0	0
1789600964	01bb04cbfb98	parallel	test-now.sh	red	0	0
1789600962	01bb04cbfb98	parallel	test-host-unit-names.sh	red	0	0
1789600959	01bb04cbfb98	parallel	test-cadence-tool.sh	red	0	0
1789600966	01bb04cbfb98	parallel	test-suite-state.sh	red	0	0
1789600961	01bb04cbfb98	parallel	test-content-landed-no-reopen.sh	red	0	0
1789600960	01bb04cbfb98	parallel	test-cockpit-probe-fault.sh	red	0	0
1789600959	01bb04cbfb98	parallel	test-bd-resolve.sh	red	0	0
1789600967	01bb04cbfb98	parallel	test-unmapped-repo-park.sh	red	0	0
1789600958	01bb04cbfb98	parallel	test-answers-premise-rejected.sh	red	0	0
1789600961	01bb04cbfb98	parallel	test-cross-repo.sh	red	0	0
1789600961	01bb04cbfb98	parallel	test-gate-check-flaky.sh	red	0	0
1789600964	01bb04cbfb98	parallel	test-ready.sh	red	0	0
1789600967	01bb04cbfb98	parallel	test-watch-unit-restart.sh	red	0	0
1789600961	01bb04cbfb98	parallel	test-gate-base-selection.sh	red	0	0
1789600958	01bb04cbfb98	parallel	test-aeon-worktree-guard.sh	red	0	0
1789600967	01bb04cbfb98	parallel	test-timeout.sh	red	0	0
1789600959	01bb04cbfb98	parallel	test-branch-guard.sh	red	0	0
1789600960	01bb04cbfb98	parallel	test-cockpit-repo-labels.sh	red	0	0
1789600958	01bb04cbfb98	parallel	test-aeon-verdict.sh	red	0	0
1789600961	01bb04cbfb98	parallel	test-drain-expiry.sh	red	0	0
1789600963	01bb04cbfb98	parallel	test-lane-ceiling.sh	red	0	0
1789600960	01bb04cbfb98	parallel	test-cockpit-ready-seeded.sh	red	0	0
1789600964	01bb04cbfb98	parallel	test-pane-fyi.sh	red	0	0
1789600967	01bb04cbfb98	parallel	test-unit-drift.sh	red	0	0
1789600965	01bb04cbfb98	parallel	test-skew-check-release.sh	red	0	0
1789600966	01bb04cbfb98	parallel	test-suites.sh	red	0	0
1789600960	01bb04cbfb98	parallel	test-cockpit-ready.sh	red	0	0
1789600967	01bb04cbfb98	parallel	test-world.sh	red	0	0
1789600961	01bb04cbfb98	parallel	test-event.sh	red	0	0
1789515291	01fbd8ac2288	parallel	test-maechen.sh	ok	45	0
1789515363	01fbd8ac2288	parallel	test-requeue.sh	ok	25	0
1789537082	032cfe7e0a68	serial	test-incident-recur-bounded.sh	red	5	1
1789594548	03502525a035	parallel	test-landing.sh	ok	147	0
1789594521	03502525a035	parallel	test-incident.sh	ok	24	0
1789582443	04672964c849	parallel	test-citations.sh	ok	20	0
1789582430	04672964c849	parallel	test-concierge.sh	ok	20	0
1789582433	04672964c849	parallel	test-freshclone.sh	ok	7	0
1789582432	04672964c849	parallel	test-covers-entries.sh	ok	2	0
1789662966	057e3fde073f	parallel	test-bd-schema-stamp.sh	ok	10	0
1789663288	057e3fde073f	parallel	test-poison.sh	ok	44	0
1789663006	057e3fde073f	parallel	test-attempts.sh	ok	49	0
1789663115	057e3fde073f	parallel	test-incident-recur-cause.sh	ok	16	0
1789663032	057e3fde073f	parallel	test-census-watermark.sh	ok	13	0
1789663140	057e3fde073f	parallel	test-maechen-blind-window.sh	ok	5	0
1789663330	057e3fde073f	parallel	test-sin-exempt.sh	ok	11	0
1789663222	057e3fde073f	parallel	test-landing.sh	ok	147	0
1789663067	057e3fde073f	parallel	test-doctor-events-probe.sh	ok	5	0
1789662965	057e3fde073f	parallel	test-bd-lock-retry.sh	ok	7	0
1789663016	057e3fde073f	parallel	test-census-events.sh	ok	14	0
1789663262	057e3fde073f	parallel	test-requeue-cap.sh	ok	6	0
1789663064	057e3fde073f	parallel	test-census.sh	ok	21	0
1789663319	057e3fde073f	parallel	test-requeue.sh	ok	25	0
1789663087	057e3fde073f	parallel	test-check4-events.sh	ok	21	0
1789663338	057e3fde073f	parallel	test-timeout.sh	ok	22	0
1789582990	05c0d68a0d0b	parallel	test-maechen.sh	ok	45	0
1789533251	05d286c692ca	parallel	test-loop-readonly.sh	ok	11	0
1789603765	05d82dac4b49	parallel	test-cockpit-tiered-collector.sh	ok	35	0
1789603766	05d82dac4b49	parallel	test-cockpit-layout-conf.sh	ok	6	0
1789603763	05d82dac4b49	parallel	test-cockpit-probe-fault.sh	ok	43	0
1789555941	06377faf05d2	parallel	test-tokens.sh	ok	11	0
1789599506	06d4dd0501c1	parallel	test-verdict.sh	ok	30	0
1789623771	06fc6c3c45ed	parallel	test-cockpit-queue.sh	ok	21	0
1789623756	06fc6c3c45ed	parallel	test-forge-check-status.sh	ok	4	0
1789623833	06fc6c3c45ed	parallel	test-aeon-verdict.sh	ok	41	0
1789523087	08bdf4a00765	parallel	test-check5-landed-no-delivers.sh	ok	9	0
1789523091	08bdf4a00765	parallel	test-check5-delivers-falls-through.sh	ok	7	0
1789544827	090865c54b15	parallel	test-citations.sh	ok	20	0
1789544818	090865c54b15	parallel	test-concierge.sh	ok	13	0
1789544820	090865c54b15	parallel	test-freshclone.sh	ok	7	0
1789544819	090865c54b15	parallel	test-covers-entries.sh	ok	2	0
1789656796	091a50796092	parallel	test-slay.sh	ok	66	0
1789507412	0963f457ee29	parallel	test-gate-verdict.sh	ok	36	0
1789507413	0963f457ee29	parallel	test-maechen.sh	ok	43	0
1789507393	0963f457ee29	parallel	test-cadence.sh	skip	0	0
1789507415	0963f457ee29	parallel	test-promote.sh	ok	16	0
# literal-ok: measurement data; the configured name is part of a suite FILENAME harvested from this tree, not a label read here.
1789507403	0963f457ee29	parallel	test-aeon-world-stop.sh	ok	19	0
1789507397	0963f457ee29	parallel	test-configure.sh	ok	18	0
1789507404	0963f457ee29	parallel	test-fayth-predicates.sh	ok	23	0
1789507430	0963f457ee29	parallel	test-review.sh	ok	25	0
1789507413	0963f457ee29	parallel	test-maechen-trigger.sh	ok	45	0
1789507407	0963f457ee29	parallel	test-groom-trigger.sh	ok	18	0
1789507394	0963f457ee29	parallel	test-cockpit-runtime-path.sh	ok	8	0
1789507387	0963f457ee29	parallel	test-bin-manifest.sh	ok	9	0
1789507405	0963f457ee29	parallel	test-doctor-unit-dup.sh	ok	10	0
1789507418	0963f457ee29	parallel	test-scope-label.sh	ok	14	0
1789507405	0963f457ee29	parallel	test-gate-missing-cmd.sh	ok	7	0
1789507382	0963f457ee29	parallel	test-bd-lock-retry.sh	ok	11	0
1789507396	0963f457ee29	parallel	test-beads-push-commit.sh	ok	6	0
1789507528	0963f457ee29	parallel	test-artifact-install.sh	ok	15	0
1789507405	0963f457ee29	parallel	test-freshclone.sh	ok	7	0
1789507402	0963f457ee29	parallel	test-doctor-schema.sh	ok	12	0
1789507379	0963f457ee29	parallel	test-activate.sh	ok	22	0
1789507408	0963f457ee29	parallel	test-groomer.sh	ok	38	0
1789507386	0963f457ee29	parallel	test-archivist.sh	ok	51	0
1789507381	0963f457ee29	parallel	test-batch-maxpar.sh	ok	6	0
1789507423	0963f457ee29	parallel	test-watchd-unit-name.sh	ok	17	0
1789507401	0963f457ee29	parallel	test-doctor-checkout-mode.sh	ok	15	0
1789507410	0963f457ee29	parallel	test-lanes.sh	ok	27	0
1789507387	0963f457ee29	parallel	test-budget-drift.sh	ok	3	0
1789507421	0963f457ee29	parallel	test-testenv-registry.sh	ok	14	0
1789507422	0963f457ee29	parallel	test-unit-name.sh	ok	11	0
1789507424	0963f457ee29	parallel	test-work-services-exclusion.sh	ok	7	0
1789507419	0963f457ee29	parallel	test-testenv-image-tag.sh	ok	6	0
1789507416	0963f457ee29	parallel	test-install-exec.sh	ok	12	0
1789507427	0963f457ee29	parallel	test-render-memories.sh	ok	25	0
1789507396	0963f457ee29	parallel	test-conf.sh	ok	24	0
1789507398	0963f457ee29	parallel	test-containment.sh	ok	22	0
1789507408	0963f457ee29	parallel	test-host-unit-names.sh	skip	0	0
1789507383	0963f457ee29	parallel	test-bd-resolve.sh	ok	8	0
1789507417	0963f457ee29	parallel	test-ready.sh	ok	52	0
1789509037	096e7e9900ab	parallel	test-landing-race.sh	ok	23	0
1789606219	09f9c1eb7d6b	parallel	test-cockpit-unit-notify.sh	ok	6	0
1789589372	0a7a69bbfeda	parallel	test-auron.sh	ok	77	0
1789546282	0bb4243cc1b5	serial	test-doctor-snap-fresh.sh	ok	9	0
1789546279	0bb4243cc1b5	serial	test-cockpit-tiered-collector.sh	ok	32	0
1789546269	0bb4243cc1b5	serial	test-ready.sh	ok	59	0
1789617819	0be023765c4a	serial	test-testenv-scratch.sh	red	13	2
1789565751	0c1b4920fc14	parallel	test-install-aeons.sh	ok	25	0
1789565751	0c1b4920fc14	parallel	test-ask-dedupe.sh	ok	17	0
1789565716	0c1b4920fc14	parallel	test-skew-foreign.sh	ok	19	0
1789565809	0c1b4920fc14	parallel	test-landing.sh	ok	142	0
1789565714	0c1b4920fc14	parallel	test-skew-escalate.sh	ok	20	0
1789565711	0c1b4920fc14	parallel	test-freshclone.sh	ok	7	0
1789565751	0c1b4920fc14	parallel	test-unit-drift.sh	ok	16	0
1789565712	0c1b4920fc14	parallel	test-skew-check-release.sh	ok	15	0
1789525858	0c2f4a6719aa	parallel	test-citations.sh	ok	20	0
1789525586	0c2f4a6719aa	parallel	test-check5-delivers-check.sh	ok	15	0
1789525824	0c2f4a6719aa	parallel	test-sending-unlanded-guard.sh	ok	10	0
1789525892	0c2f4a6719aa	parallel	test-poison.sh	ok	44	0
1789525550	0c2f4a6719aa	parallel	test-aeon-ledger.sh	ok	47	0
1789525699	0c2f4a6719aa	parallel	test-incident-cause.sh	ok	2	0
1789525750	0c2f4a6719aa	parallel	test-promote.sh	ok	16	0
1789525566	0c2f4a6719aa	parallel	test-attempts.sh	ok	49	0
# literal-ok: measurement data; the configured name is part of a suite FILENAME harvested from this tree, not a label read here.
1789525567	0c2f4a6719aa	parallel	test-aeon-world-stop.sh	ok	19	0
1789525730	0c2f4a6719aa	parallel	test-incident-recur-cause.sh	ok	16	0
1789525650	0c2f4a6719aa	parallel	test-census-watermark.sh	ok	11	0
1789525698	0c2f4a6719aa	parallel	test-fayth.sh	ok	9	0
1789525512	0c2f4a6719aa	parallel	test-aeon-lease.sh	ok	15	0
1789525742	0c2f4a6719aa	parallel	test-maechen-blind-window.sh	ok	5	0
1789525848	0c2f4a6719aa	parallel	test-worktree-absent.sh	ok	6	0
1789525801	0c2f4a6719aa	parallel	test-review.sh	ok	25	0
1789525749	0c2f4a6719aa	parallel	test-landed-stays-landed.sh	ok	14	0
1789525628	0c2f4a6719aa	parallel	test-builder-qa-proposed.sh	ok	4	0
1789525680	0c2f4a6719aa	parallel	test-cockpit-fuse.sh	ok	18	0
1789525696	0c2f4a6719aa	parallel	test-fayth-free.sh	ok	10	0
1789525786	0c2f4a6719aa	parallel	test-repo.sh	ok	4	0
1789525654	0c2f4a6719aa	parallel	test-check2-reclaim.sh	ok	10	0
1789525681	0c2f4a6719aa	parallel	test-concierge.sh	ok	10	0
1789525847	0c2f4a6719aa	parallel	test-unclaimable-cycle.sh	ok	3	0
1789525771	0c2f4a6719aa	parallel	test-release.sh	ok	22	0
1789525812	0c2f4a6719aa	parallel	test-landing.sh	ok	142	0
1789525592	0c2f4a6719aa	parallel	test-ci-park.sh	ok	35	0
1789525847	0c2f4a6719aa	parallel	test-unclaimable-bead.sh	ok	16	0
1789525641	0c2f4a6719aa	parallel	test-census-blind.sh	ok	14	0
1789525694	0c2f4a6719aa	parallel	test-elastic-ceiling.sh	ok	13	0
1789525695	0c2f4a6719aa	parallel	test-doctor-events-probe.sh	ok	11	0
1789525510	0c2f4a6719aa	parallel	test-aeon-dirty-commit.sh	skip	0	0
1789525710	0c2f4a6719aa	parallel	test-hold.sh	ok	21	0
1789525697	0c2f4a6719aa	parallel	test-events-nodolt.sh	ok	24	0
1789525688	0c2f4a6719aa	parallel	test-destroy-branch.sh	ok	12	0
1789525802	0c2f4a6719aa	parallel	test-scope-label.sh	ok	14	0
1789525614	0c2f4a6719aa	parallel	test-thrash.sh	ok	18	0
1789525814	0c2f4a6719aa	parallel	test-sending-empty-commit.sh	ok	10	0
1789525540	0c2f4a6719aa	parallel	test-aeon-prod-dirty.sh	ok	8	0
1789525870	0c2f4a6719aa	parallel	test-slay.sh	ok	47	0
1789525650	0c2f4a6719aa	parallel	test-census-events.sh	ok	9	0
1789525833	0c2f4a6719aa	parallel	test-sentinel.sh	ok	3	0
1789525594	0c2f4a6719aa	parallel	test-freshclone.sh	ok	7	0
1789525674	0c2f4a6719aa	parallel	test-check5-body-search.sh	ok	9	0
1789525809	0c2f4a6719aa	parallel	test-requeue-cap.sh	ok	6	0
1789525606	0c2f4a6719aa	parallel	test-gh-run-gate.sh	ok	18	0
1789525541	0c2f4a6719aa	parallel	test-aeon-resume.sh	ok	13	0
1789525697	0c2f4a6719aa	parallel	test-content-landed-empty-branch.sh	ok	10	0
1789525687	0c2f4a6719aa	parallel	test-ops-closing.sh	ok	44	0
1789525691	0c2f4a6719aa	parallel	test-destructive-bead.sh	ok	38	0
1789525770	0c2f4a6719aa	parallel	test-livelock.sh	ok	45	0
1789525824	0c2f4a6719aa	parallel	test-sentinel-capacity.sh	ok	6	0
1789525711	0c2f4a6719aa	parallel	test-install-landref.sh	ok	14	0
1789525719	0c2f4a6719aa	parallel	test-check5-nopayload.sh	ok	24	0
1789525629	0c2f4a6719aa	parallel	test-capacity-probe.sh	ok	11	0
1789525765	0c2f4a6719aa	parallel	test-reclaim-escalated.sh	ok	10	0
1789525710	0c2f4a6719aa	parallel	test-focus-close-guard.sh	ok	19	0
1789525721	0c2f4a6719aa	parallel	test-lanes.sh	ok	27	0
1789525846	0c2f4a6719aa	parallel	test-superseded.sh	ok	18	0
1789525638	0c2f4a6719aa	parallel	test-requeue.sh	ok	25	0
1789525785	0c2f4a6719aa	parallel	test-repo-label.sh	ok	15	0
1789525689	0c2f4a6719aa	parallel	test-check8-progressed.sh	ok	4	0
1789525785	0c2f4a6719aa	parallel	test-reclaim-slay-branch-guard.sh	ok	23	0
1789525618	0c2f4a6719aa	parallel	test-set-state-writers.sh	ok	10	0
1789525581	0c2f4a6719aa	parallel	test-check4-events.sh	ok	21	0
1789525547	0c2f4a6719aa	parallel	test-aeon-sweep.sh	ok	13	0
1789525675	0c2f4a6719aa	parallel	test-check5-content-landed.sh	ok	12	0
1789525511	0c2f4a6719aa	parallel	test-aeon-heartbeat.sh	skip	0	0
1789525675	0c2f4a6719aa	parallel	test-check5-drop.sh	ok	13	0
1789525822	0c2f4a6719aa	parallel	test-sending-squash-merged.sh	ok	9	0
1789525784	0c2f4a6719aa	parallel	test-render-memories.sh	ok	25	0
1789525683	0c2f4a6719aa	parallel	test-containment.sh	ok	22	0
1789525532	0c2f4a6719aa	parallel	test-aeon-exit.sh	ok	10	0
1789525747	0c2f4a6719aa	parallel	test-now.sh	ok	88	0
1789525631	0c2f4a6719aa	parallel	test-unmapped-repo-park.sh	ok	5	0
1789525593	0c2f4a6719aa	parallel	test-cross-repo.sh	ok	8	0
1789525542	0c2f4a6719aa	parallel	test-aeon-worktree-guard.sh	ok	7	0
1789525627	0c2f4a6719aa	parallel	test-timeout.sh	ok	22	0
1789525608	0c2f4a6719aa	parallel	test-aeon-verdict.sh	ok	41	0
1789525693	0c2f4a6719aa	parallel	test-drain-expiry.sh	ok	13	0
1789525720	0c2f4a6719aa	parallel	test-lane-ceiling.sh	ok	9	0
1789525595	0c2f4a6719aa	parallel	test-event.sh	ok	36	0
1789557268	0c4970af9bb8	parallel	test-citations.sh	ok	20	0
1789557254	0c4970af9bb8	parallel	test-gate-check-stuck.sh	ok	4	0
1789557197	0c4970af9bb8	parallel	test-check5-delivers-check.sh	ok	15	0
1789557153	0c4970af9bb8	parallel	test-aeon-ledger.sh	ok	47	0
1789557174	0c4970af9bb8	parallel	test-attempts.sh	ok	49	0
# literal-ok: measurement data; the configured name is part of a suite FILENAME harvested from this tree, not a label read here.
1789557174	0c4970af9bb8	parallel	test-aeon-world-stop.sh	ok	19	0
1789557111	0c4970af9bb8	parallel	test-aeon-lease.sh	ok	15	0
1789557204	0c4970af9bb8	parallel	test-ci-park.sh	ok	35	0
1789557109	0c4970af9bb8	parallel	test-aeon-dirty-commit.sh	skip	0	0
1789557226	0c4970af9bb8	parallel	test-thrash.sh	ok	18	0
1789557141	0c4970af9bb8	parallel	test-aeon-prod-dirty.sh	ok	8	0
1789557207	0c4970af9bb8	parallel	test-freshclone.sh	ok	7	0
1789557225	0c4970af9bb8	parallel	test-strand-ghost-teardown.sh	ok	3	0
1789557222	0c4970af9bb8	parallel	test-gh-run-gate.sh	ok	18	0
1789557142	0c4970af9bb8	parallel	test-aeon-resume.sh	ok	13	0
1789557317	0c4970af9bb8	parallel	test-ops-closing.sh	ok	44	0
1789557262	0c4970af9bb8	parallel	test-requeue.sh	ok	25	0
1789557257	0c4970af9bb8	parallel	test-covers-entries.sh	ok	2	0
1789557237	0c4970af9bb8	parallel	test-set-state-writers.sh	ok	10	0
1789557191	0c4970af9bb8	parallel	test-check4-events.sh	ok	21	0
1789557206	0c4970af9bb8	parallel	test-gate-discover-branch.sh	ok	5	0
1789557149	0c4970af9bb8	parallel	test-aeon-sweep.sh	ok	13	0
1789557110	0c4970af9bb8	parallel	test-aeon-heartbeat.sh	skip	0	0
1789557133	0c4970af9bb8	parallel	test-aeon-exit.sh	ok	10	0
1789557253	0c4970af9bb8	parallel	test-unmapped-repo-park.sh	ok	5	0
1789557205	0c4970af9bb8	parallel	test-cross-repo.sh	ok	8	0
1789557143	0c4970af9bb8	parallel	test-aeon-worktree-guard.sh	ok	7	0
1789557238	0c4970af9bb8	parallel	test-timeout.sh	ok	22	0
1789557224	0c4970af9bb8	parallel	test-aeon-verdict.sh	ok	41	0
1789557207	0c4970af9bb8	parallel	test-event.sh	ok	36	0
1789559223	0cc55a9b1442	parallel	test-citations.sh	ok	20	0
1789559175	0cc55a9b1442	parallel	test-sending-unlanded-guard.sh	ok	10	0
1789559236	0cc55a9b1442	parallel	test-poison.sh	ok	44	0
1789558954	0cc55a9b1442	parallel	test-aeon-ledger.sh	ok	47	0
1789559024	0cc55a9b1442	parallel	test-incident-cause.sh	ok	2	0
1789559087	0cc55a9b1442	parallel	test-promote.sh	ok	19	0
1789558935	0cc55a9b1442	parallel	test-attempts.sh	ok	49	0
1789559057	0cc55a9b1442	parallel	test-incident-recur-cause.sh	ok	16	0
1789558948	0cc55a9b1442	parallel	test-census-watermark.sh	ok	11	0
1789559019	0cc55a9b1442	parallel	test-fayth.sh	ok	9	0
1789558911	0cc55a9b1442	parallel	test-aeon-lease.sh	ok	15	0
1789559084	0cc55a9b1442	parallel	test-maechen-blind-window.sh	ok	5	0
1789559213	0cc55a9b1442	parallel	test-worktree-absent.sh	ok	6	0
1789559151	0cc55a9b1442	parallel	test-review.sh	ok	25	0
1789559070	0cc55a9b1442	parallel	test-landed-stays-landed.sh	ok	14	0
1789558932	0cc55a9b1442	parallel	test-builder-qa-proposed.sh	ok	4	0
1789558984	0cc55a9b1442	parallel	test-cockpit-fuse.sh	ok	18	0
1789559018	0cc55a9b1442	parallel	test-fayth-free.sh	ok	10	0
1789559124	0cc55a9b1442	parallel	test-repo.sh	ok	4	0
1789558959	0cc55a9b1442	parallel	test-check2-reclaim.sh	ok	10	0
1789558986	0cc55a9b1442	parallel	test-concierge.sh	ok	13	0
1789559205	0cc55a9b1442	parallel	test-unclaimable-cycle.sh	ok	3	0
1789559109	0cc55a9b1442	parallel	test-release.sh	ok	22	0
1789559136	0cc55a9b1442	parallel	test-landing.sh	ok	142	0
1789559011	0cc55a9b1442	parallel	test-ci-park.sh	ok	35	0
1789559212	0cc55a9b1442	parallel	test-unclaimable-bead.sh	ok	20	0
1789558945	0cc55a9b1442	parallel	test-census-blind.sh	ok	14	0
1789559014	0cc55a9b1442	parallel	test-elastic-ceiling.sh	ok	13	0
1789559016	0cc55a9b1442	parallel	test-doctor-events-probe.sh	ok	11	0
1789559033	0cc55a9b1442	parallel	test-hold.sh	ok	21	0
1789559017	0cc55a9b1442	parallel	test-events-nodolt.sh	ok	24	0
1789559007	0cc55a9b1442	parallel	test-destroy-branch.sh	ok	12	0
1789559149	0cc55a9b1442	parallel	test-scope-label.sh	ok	14	0
1789559182	0cc55a9b1442	parallel	test-thrash.sh	ok	18	0
1789559161	0cc55a9b1442	parallel	test-sending-empty-commit.sh	ok	10	0
1789559227	0cc55a9b1442	parallel	test-slay.sh	ok	47	0
1789558954	0cc55a9b1442	parallel	test-census-events.sh	ok	9	0
1789559180	0cc55a9b1442	parallel	test-sentinel.sh	ok	3	0
1789559022	0cc55a9b1442	parallel	test-freshclone.sh	ok	7	0
1789558978	0cc55a9b1442	parallel	test-check5-body-search.sh	ok	9	0
1789559148	0cc55a9b1442	parallel	test-requeue-cap.sh	ok	6	0
1789559073	0cc55a9b1442	parallel	test-loop-readonly.sh	ok	11	0
1789559005	0cc55a9b1442	parallel	test-content-landed-empty-branch.sh	ok	10	0
1789559010	0cc55a9b1442	parallel	test-destructive-bead.sh	ok	38	0
1789559108	0cc55a9b1442	parallel	test-livelock.sh	ok	53	0
1789559178	0cc55a9b1442	parallel	test-sentinel-capacity.sh	ok	6	0
1789559031	0cc55a9b1442	parallel	test-install-landref.sh	ok	14	0
1789559028	0cc55a9b1442	parallel	test-check5-nopayload.sh	ok	24	0
1789558933	0cc55a9b1442	parallel	test-capacity-probe.sh	ok	11	0
1789559105	0cc55a9b1442	parallel	test-reclaim-escalated.sh	ok	10	0
1789559031	0cc55a9b1442	parallel	test-focus-close-guard.sh	ok	19	0
1789559044	0cc55a9b1442	parallel	test-lanes.sh	ok	27	0
1789559204	0cc55a9b1442	parallel	test-superseded.sh	ok	18	0
1789559166	0cc55a9b1442	parallel	test-requeue.sh	ok	25	0
1789559122	0cc55a9b1442	parallel	test-repo-label.sh	ok	15	0
1789558993	0cc55a9b1442	parallel	test-check8-progressed.sh	ok	4	0
1789559124	0cc55a9b1442	parallel	test-reclaim-slay-branch-guard.sh	ok	23	0
1789559217	0cc55a9b1442	parallel	test-covers-entries.sh	ok	2	0
1789558977	0cc55a9b1442	parallel	test-check4-events.sh	ok	21	0
1789558931	0cc55a9b1442	parallel	test-aeon-sweep.sh	ok	13	0
1789558979	0cc55a9b1442	parallel	test-check5-content-landed.sh	ok	12	0
1789558910	0cc55a9b1442	parallel	test-aeon-heartbeat.sh	skip	0	0
1789558979	0cc55a9b1442	parallel	test-check5-drop.sh	ok	13	0
1789559164	0cc55a9b1442	parallel	test-sending-squash-merged.sh	ok	9	0
1789559121	0cc55a9b1442	parallel	test-render-memories.sh	ok	25	0
1789558987	0cc55a9b1442	parallel	test-containment.sh	ok	22	0
1789558936	0cc55a9b1442	parallel	test-aeon-exit.sh	ok	10	0
1789559079	0cc55a9b1442	parallel	test-now.sh	ok	88	0
1789559216	0cc55a9b1442	parallel	test-unmapped-repo-park.sh	ok	5	0
1789559012	0cc55a9b1442	parallel	test-cross-repo.sh	ok	8	0
1789559198	0cc55a9b1442	parallel	test-timeout.sh	ok	22	0
1789559018	0cc55a9b1442	parallel	test-drain-expiry.sh	ok	13	0
1789559034	0cc55a9b1442	parallel	test-lane-ceiling.sh	ok	9	0
1789559023	0cc55a9b1442	parallel	test-event.sh	ok	36	0
1789595972	0ce8c8268440	parallel	test-pilgrimage.sh	ok	29	0
1789595946	0ce8c8268440	parallel	test-verify-asks.sh	ok	22	0
1789595945	0ce8c8268440	parallel	test-watch-notify.sh	red	114	4
1789619183	0ce922605c92	parallel	test-sending-content-label.sh	ok	4	0
1789619212	0ce922605c92	parallel	test-testenv-scratch.sh	ok	15	0
1789596172	0d1d80cdd214	parallel	test-watch-notify.sh	ok	118	0
1789582128	0e6743eac7bf	parallel	test-maechen.sh	red	44	1
1789604698	0e8064a6ef02	parallel	test-queue-protect.sh	ok	12	0
1789604706	0e8064a6ef02	parallel	test-submit.sh	ok	15	0
1789586546	0ead2e5b0a18	parallel	test-census-blind.sh	ok	14	0
1789667728	0f2b720892b7	parallel	test-bin-manifest.sh	ok	18	0
1789667724	0f2b720892b7	parallel	test-testenv-doctor-check.sh	ok	13	0
1789591681	0f315ba4a58f	parallel	test-poison.sh	ok	44	0
1789591583	0f315ba4a58f	parallel	test-incident-recur-cause.sh	ok	16	0
1789591543	0f315ba4a58f	parallel	test-migrate-ask.sh	ok	14	0
1789591552	0f315ba4a58f	parallel	test-event.sh	ok	36	0
1789604965	1030a2de1948	parallel	test-concierge.sh	ok	30	0
1789516668	10475a1c225d	parallel	test-ask-suit.sh	ok	22	0
1789516645	10475a1c225d	parallel	test-cockpit-runtime-path.sh	ok	8	0
1789516664	10475a1c225d	parallel	test-watchd-tail.sh	ok	15	0
1789516656	10475a1c225d	parallel	test-watchd-unit-name.sh	ok	17	0
1789516657	10475a1c225d	parallel	test-watch-notify.sh	ok	95	0
1789516663	10475a1c225d	parallel	test-watch-refresh.sh	ok	81	0
1789516655	10475a1c225d	parallel	test-answers-premise-rejected.sh	ok	17	0
1789545569	104918726be5	parallel	test-doctor-snap-fresh.sh	ok	9	0
1789545570	104918726be5	parallel	test-ready.sh	red	58	2
1789542154	114b2e7acbda	parallel	test-loop-readonly.sh	ok	11	0
1789511799	11c2ace7fd79	parallel	test-runner-deps.sh	ok	12	0
1789539514	121b9bb0f7e6	parallel	test-output-visibility.sh	ok	9	0
1789539423	121b9bb0f7e6	parallel	test-priority-bands.sh	ok	4	0
1789539458	121b9bb0f7e6	parallel	test-suites-fixture-fault.sh	ok	19	0
1789539426	121b9bb0f7e6	parallel	test-gh-intake.sh	ok	22	0
1789539469	121b9bb0f7e6	parallel	test-suites-timeout.sh	ok	23	0
1789539476	121b9bb0f7e6	parallel	test-suites-watchdog-classify.sh	ok	6	0
1789539448	121b9bb0f7e6	parallel	test-suites-confirm-red.sh	ok	18	0
1789539446	121b9bb0f7e6	parallel	test-suites-result-files.sh	ok	9	0
1789539511	121b9bb0f7e6	parallel	test-suites-setup-fault.sh	ok	18	0
1789539516	121b9bb0f7e6	parallel	test-suites-cluster.sh	ok	17	0
1789539492	121b9bb0f7e6	parallel	test-suites.sh	ok	75	0
1789550563	12d50ff3a24c	parallel	test-gate-check-stuck.sh	red	2	2
1789542405	131354b06b1b	parallel	test-citations.sh	ok	20	0
1789542369	131354b06b1b	parallel	test-gate-verdict.sh	ok	36	0
1789542377	131354b06b1b	parallel	test-maechen.sh	ok	45	0
1789542340	131354b06b1b	parallel	test-cadence.sh	skip	0	0
1789542379	131354b06b1b	parallel	test-promote.sh	ok	16	0
# literal-ok: measurement data; the configured name is part of a suite FILENAME harvested from this tree, not a label read here.
1789542360	131354b06b1b	parallel	test-aeon-world-stop.sh	ok	19	0
1789542355	131354b06b1b	parallel	test-doctor-goal.sh	ok	8	0
1789542377	131354b06b1b	parallel	test-priority-bands.sh	ok	6	0
1789542345	131354b06b1b	parallel	test-configure.sh	ok	18	0
1789542361	131354b06b1b	parallel	test-fayth-predicates.sh	ok	23	0
1789542397	131354b06b1b	parallel	test-review.sh	ok	25	0
1789542375	131354b06b1b	parallel	test-maechen-trigger.sh	ok	45	0
1789542364	131354b06b1b	parallel	test-groom-trigger.sh	ok	18	0
1789542342	131354b06b1b	parallel	test-cockpit-runtime-path.sh	ok	8	0
1789542338	131354b06b1b	parallel	test-bin-manifest.sh	ok	9	0
1789542366	131354b06b1b	parallel	test-doctor-unit-dup.sh	ok	10	0
1789542371	131354b06b1b	parallel	test-install-self-test.sh	ok	9	0
1789542389	131354b06b1b	parallel	test-scope-label.sh	ok	14	0
1789542341	131354b06b1b	parallel	test-cockpit-mouse.sh	ok	7	0
1789542363	131354b06b1b	parallel	test-gate-missing-cmd.sh	ok	7	0
1789542332	131354b06b1b	parallel	test-bd-lock-retry.sh	ok	11	0
1789542350	131354b06b1b	parallel	test-beads-push-commit.sh	ok	6	0
1789542490	131354b06b1b	parallel	test-artifact-install.sh	ok	15	0
1789542362	131354b06b1b	parallel	test-freshclone.sh	ok	7	0
1789542359	131354b06b1b	parallel	test-doctor-schema.sh	ok	12	0
1789542388	131354b06b1b	parallel	test-loop-readonly.sh	ok	11	0
1789542329	131354b06b1b	parallel	test-activate.sh	ok	22	0
1789542366	131354b06b1b	parallel	test-groomer.sh	ok	38	0
1789542337	131354b06b1b	parallel	test-archivist.sh	ok	51	0
1789542331	131354b06b1b	parallel	test-batch-maxpar.sh	ok	6	0
1789542394	131354b06b1b	parallel	test-watchd-unit-name.sh	ok	17	0
1789542353	131354b06b1b	parallel	test-doctor-checkout-mode.sh	ok	15	0
1789542371	131354b06b1b	parallel	test-lanes.sh	ok	27	0
1789542339	131354b06b1b	parallel	test-budget-drift.sh	ok	3	0
1789542392	131354b06b1b	parallel	test-testenv-registry.sh	ok	14	0
1789542397	131354b06b1b	parallel	test-covers-entries.sh	ok	2	0
1789542393	131354b06b1b	parallel	test-unit-name.sh	ok	11	0
1789542395	131354b06b1b	parallel	test-work-services-exclusion.sh	ok	7	0
1789542390	131354b06b1b	parallel	test-testenv-image-tag.sh	ok	6	0
1789542375	131354b06b1b	parallel	test-install-exec.sh	ok	12	0
1789542392	131354b06b1b	parallel	test-render-memories.sh	ok	25	0
1789542344	131354b06b1b	parallel	test-conf.sh	ok	28	0
1789542347	131354b06b1b	parallel	test-containment.sh	ok	22	0
1789542367	131354b06b1b	parallel	test-host-unit-names.sh	skip	0	0
1789542333	131354b06b1b	parallel	test-bd-resolve.sh	ok	8	0
1789542382	131354b06b1b	parallel	test-ready.sh	ok	52	0
1789514647	135615074401	parallel	test-citations.sh	ok	20	0
1789514480	135615074401	parallel	test-gate-sweep.sh	ok	6	0
1789514491	135615074401	parallel	test-gate-verdict.sh	ok	36	0
1789514502	135615074401	parallel	test-incident-cause.sh	ok	2	0
1789514532	135615074401	parallel	test-incident-recur-cause.sh	ok	11	0
1789514420	135615074401	parallel	test-cockpit-landed.sh	ok	6	0
1789514378	135615074401	parallel	test-aeon-lease.sh	ok	15	0
1789514570	135615074401	parallel	test-moot-sweep.sh	ok	36	0
1789514476	135615074401	parallel	test-gate-fixture-diag.sh	ok	6	0
1789514452	135615074401	parallel	test-cockpit-sphere.sh	ok	12	0
1789514618	135615074401	parallel	test-suites-fixture-fault.sh	ok	19	0
1789514637	135615074401	parallel	test-suites-containment.sh	skip	0	0
1789514493	135615074401	parallel	test-skew-foreign.sh	ok	19	0
1789514393	135615074401	parallel	test-cockpit-fuse.sh	ok	18	0
1789514589	135615074401	parallel	test-sin-exempt.sh	ok	11	0
1789514448	135615074401	parallel	test-cockpit-unclaimable.sh	ok	13	0
1789514641	135615074401	parallel	test-testenv-stdin.sh	skip	5	0
1789514635	135615074401	parallel	test-suites-timeout.sh	ok	23	0
1789514530	135615074401	parallel	test-watchtower.sh	ok	156	0
1789514631	135615074401	parallel	test-landing.sh	ok	142	0
1789514404	135615074401	parallel	test-ci-park.sh	ok	35	0
1789514606	135615074401	parallel	test-suites-confirm-red.sh	ok	18	0
1789514443	135615074401	parallel	test-cockpit-tiered-collector.sh	ok	26	0
1789514450	135615074401	parallel	test-cockpit-sop.sh	ok	19	0
1789514473	135615074401	parallel	test-thrash.sh	ok	18	0
1789514407	135615074401	parallel	test-cockpit-gate.sh	ok	20	0
1789514646	135615074401	parallel	test-testenv-mode.sh	skip	3	0
1789514467	135615074401	parallel	test-cockpit-unsent.sh	ok	8	0
1789514547	135615074401	parallel	test-incident-dedup.sh	ok	8	0
1789514477	135615074401	parallel	test-gate-missing-cmd.sh	ok	7	0
1789514638	135615074401	parallel	test-suites-red-dedup.sh	ok	6	0
1789514454	135615074401	parallel	test-freshclone.sh	ok	7	0
1789514445	135615074401	parallel	test-cockpit-tmp.sh	ok	11	0
1789514472	135615074401	parallel	test-cockpit-unlanded.sh	ok	23	0
1789514614	135615074401	parallel	test-suites-cluster.sh	ok	17	0
1789514716	135615074401	parallel	test-watchtower-lapse.sh	ok	29	0
1789514472	135615074401	parallel	test-statute-projection.sh	ok	16	0
1789514501	135615074401	parallel	test-livelock.sh	ok	45	0
1789514456	135615074401	parallel	test-cockpit.sh	ok	22	0
1789514635	135615074401	parallel	test-batch-maxpar.sh	ok	6	0
1789514450	135615074401	parallel	test-cockpit-sweep.sh	ok	15	0
1789514636	135615074401	parallel	test-parallel-isolation.sh	skip	0	0
1789514376	135615074401	parallel	test-requires.sh	skip-req	0	0
1789514590	135615074401	parallel	test-incident.sh	ok	24	0
1789514639	135615074401	parallel	test-testenv-batch.sh	skip	11	0
1789514408	135615074401	parallel	test-cockpit-dup-refs.sh	ok	19	0
1789514493	135615074401	parallel	test-gate-tree.sh	ok	14	0
1789514560	135615074401	parallel	test-set-state-writers.sh	ok	10	0
1789514514	135615074401	parallel	test-soak.sh	ok	7	0
1789514474	135615074401	parallel	test-unit-name.sh	ok	11	0
1789514643	135615074401	parallel	test-testenv-suites.sh	skip	5	0
1789514643	135615074401	parallel	test-testenv-timeout.sh	skip	0	0
1789514379	135615074401	parallel	test-beads-sparklines.sh	ok	15	0
1789514639	135615074401	parallel	test-testenv-batch-fence.sh	ok	20	0
1789514509	135615074401	parallel	test-yield.sh	ok	74	0
1789514479	135615074401	parallel	test-gate-preflight.sh	ok	10	0
1789514461	135615074401	parallel	test-now.sh	ok	88	0
1789514413	135615074401	parallel	test-cockpit-probe-fault.sh	ok	40	0
1789514484	135615074401	parallel	test-timeout.sh	ok	22	0
1789514441	135615074401	parallel	test-cockpit-repo-labels.sh	ok	16	0
1789514420	135615074401	parallel	test-cockpit-ready-seeded.sh	ok	7	0
1789514676	135615074401	parallel	test-suites.sh	ok	75	0
1789514438	135615074401	parallel	test-cockpit-ready.sh	ok	11	0
1789616881	1377dc25df4b	parallel	test-gate-verdict.sh	ok	36	0
1789616888	1377dc25df4b	parallel	test-host-reason.sh	ok	24	0
1789616900	1377dc25df4b	parallel	test-scratch-fence.sh	ok	15	0
1789616882	1377dc25df4b	parallel	test-literal-lint.sh	ok	31	0
1789616901	1377dc25df4b	parallel	test-gate-missing-cmd.sh	ok	7	0
1789616903	1377dc25df4b	parallel	test-sop-lint.sh	ok	28	0
1789616899	1377dc25df4b	parallel	test-yield.sh	ok	74	0
1789666498	13834bbf3b7d	parallel	test-deploy.sh	ok	61	0
1789666489	13834bbf3b7d	parallel	test-cockpit-queue.sh	ok	18	0
1789666554	13834bbf3b7d	parallel	test-slay.sh	ok	60	0
1789666470	13834bbf3b7d	parallel	test-cockpit-queue-section.sh	ok	21	0
1789666493	13834bbf3b7d	parallel	test-aeon-resume.sh	ok	19	0
1789666513	13834bbf3b7d	parallel	test-cockpit-unlanded.sh	ok	11	0
1789666499	13834bbf3b7d	parallel	test-lane-ceiling.sh	ok	13	0
1789583773	15138f1b10ca	parallel	test-gate-check-stuck.sh	ok	4	0
1789583775	15138f1b10ca	parallel	test-gate-check-flaky.sh	ok	5	0
1789520186	151e5cabbf1c	parallel	test-capacity-probe.sh	ok	11	0
1789584945	15618ee6cbbe	parallel	test-mail-deliver.sh	ok	10	0
1789584937	15618ee6cbbe	parallel	test-mail.sh	ok	40	0
1789615769	1566cf13038b	parallel	test-aeon-decision-blocked.sh	red	4	3
1789519418	159ba07b87a6	parallel	test-inventory.sh	ok	29	0
1789522201	15bf62038bc7	parallel	test-requeue-cap.sh	ok	6	0
1789522208	15bf62038bc7	parallel	test-check4-events.sh	ok	21	0
1789571679	15c575e24080	parallel	test-cockpit-tmp.sh	ok	11	0
1789499395	1622c361f11d	parallel	test-beads-push-verify.sh	ok	12	0
1789579050	164db7f78151	parallel	test-bin-manifest.sh	ok	9	0
1789579050	164db7f78151	parallel	test-testenv-doctor-check.sh	ok	13	0
1789565709	1665012463ce	parallel	test-suites-confirm-red.sh	ok	18	0
1789669810	16a371114969	parallel	test-bin-manifest.sh	ok	18	0
1789669848	16a371114969	parallel	test-deploy.sh	ok	61	0
1789669804	16a371114969	parallel	test-batch-lock.sh	ok	13	0
1789669842	16a371114969	parallel	test-cockpit-queue.sh	ok	18	0
1789669905	16a371114969	parallel	test-slay.sh	ok	60	0
1789669835	16a371114969	parallel	test-cockpit-queue-section.sh	ok	21	0
1789669820	16a371114969	parallel	test-aeon-resume.sh	ok	19	0
1789669861	16a371114969	parallel	test-cockpit-unlanded.sh	ok	11	0
1789669849	16a371114969	parallel	test-lane-ceiling.sh	ok	13	0
1789616155	1789616124-4	parallel	test-aeon-decision-blocked.sh	red	6	1
1789599484	189a5399af07	parallel	test-bd-schema-stamp.sh	ok	10	0
1789560991	18d96b7fa369	parallel	test-sentinel.sh	ok	3	0
1789560992	18d96b7fa369	parallel	test-sentinel-capacity.sh	ok	6	0
1789525021	198067620012	parallel	test-citations.sh	ok	20	0
1789524950	198067620012	parallel	test-host-reason.sh	ok	24	0
1789524961	198067620012	parallel	test-output-visibility.sh	ok	9	0
1789524945	198067620012	parallel	test-incident-cause.sh	ok	2	0
1789524980	198067620012	parallel	test-suites-fixture-fault.sh	ok	19	0
1789524951	198067620012	parallel	test-suites-containment.sh	skip	0	0
1789525041	198067620012	parallel	test-testenv-stdin.sh	skip	5	0
1789525007	198067620012	parallel	test-suites-timeout.sh	ok	23	0
1789525010	198067620012	parallel	test-testenv-tmux-isolation.sh	ok	3	0
1789525025	198067620012	parallel	test-suites-watchdog-classify.sh	ok	6	0
1789524963	198067620012	parallel	test-suites-confirm-red.sh	ok	18	0
1789525046	198067620012	parallel	test-testenv-mode.sh	skip	3	0
1789525119	198067620012	parallel	test-suites-unreached.sh	ok	10	0
1789524996	198067620012	parallel	test-suites-red-dedup.sh	ok	6	0
1789524984	198067620012	parallel	test-suites-result-files.sh	ok	9	0
1789524945	198067620012	parallel	test-freshclone.sh	ok	7	0
1789525010	198067620012	parallel	test-suites-setup-fault.sh	ok	18	0
1789524991	198067620012	parallel	test-suites-cluster.sh	ok	17	0
1789525039	198067620012	parallel	test-select.sh	ok	46	0
1789525022	198067620012	parallel	test-batch-maxpar.sh	ok	6	0
1789525032	198067620012	parallel	test-parallel-isolation.sh	skip	0	0
1789524942	198067620012	parallel	test-requires.sh	skip-req	0	0
1789525039	198067620012	parallel	test-testenv-batch.sh	skip	11	0
1789524943	198067620012	parallel	test-budget-drift.sh	ok	3	0
1789525042	198067620012	parallel	test-testenv-suites.sh	skip	5	0
1789525043	198067620012	parallel	test-testenv-timeout.sh	skip	0	0
1789525040	198067620012	parallel	test-testenv-batch-fence.sh	ok	20	0
1789524946	198067620012	parallel	test-suite-cleanup.sh	ok	5	0
1789525058	198067620012	parallel	test-suites.sh	ok	75	0
1789659763	1ab31b244563	parallel	test-batch.sh	ok	17	0
1789659743	1ab31b244563	parallel	test-verdict.sh	ok	32	0
1789571412	1b1866f602d0	parallel	test-census-watermark.sh	ok	13	0
1789571411	1b1866f602d0	parallel	test-maechen-blind-window.sh	ok	5	0
1789571413	1b1866f602d0	parallel	test-events-nodolt.sh	ok	24	0
1789571419	1b1866f602d0	parallel	test-census-events.sh	ok	14	0
1789571425	1b1866f602d0	parallel	test-census.sh	ok	21	0
1789517714	1befd266ea55	parallel	test-citations.sh	ok	20	0
1789517360	1befd266ea55	parallel	test-gate-verdict.sh	ok	36	0
1789517655	1befd266ea55	parallel	test-sending-unlanded-guard.sh	ok	10	0
1789517721	1befd266ea55	parallel	test-poison.sh	ok	44	0
1789517423	1befd266ea55	parallel	test-aeon-ledger.sh	ok	47	0
1789517363	1befd266ea55	parallel	test-maechen.sh	ok	43	0
1789517336	1befd266ea55	parallel	test-cadence.sh	skip	0	0
1789517524	1befd266ea55	parallel	test-incident-cause.sh	ok	2	0
1789517365	1befd266ea55	parallel	test-promote.sh	ok	16	0
1789517418	1befd266ea55	parallel	test-attempts.sh	ok	49	0
# literal-ok: measurement data; the configured name is part of a suite FILENAME harvested from this tree, not a label read here.
1789517352	1befd266ea55	parallel	test-aeon-world-stop.sh	ok	19	0
1789517551	1befd266ea55	parallel	test-incident-recur-cause.sh	ok	11	0
1789517433	1befd266ea55	parallel	test-census-watermark.sh	ok	11	0
1789517522	1befd266ea55	parallel	test-fayth.sh	ok	9	0
1789517381	1befd266ea55	parallel	test-aeon-lease.sh	ok	15	0
1789517564	1befd266ea55	parallel	test-maechen-blind-window.sh	ok	5	0
1789517341	1befd266ea55	parallel	test-configure.sh	ok	18	0
1789517704	1befd266ea55	parallel	test-worktree-absent.sh	ok	6	0
1789517352	1befd266ea55	parallel	test-fayth-predicates.sh	ok	23	0
1789517382	1befd266ea55	parallel	test-review.sh	ok	25	0
1789517365	1befd266ea55	parallel	test-maechen-trigger.sh	ok	45	0
1789517355	1befd266ea55	parallel	test-groom-trigger.sh	ok	18	0
1789517574	1befd266ea55	parallel	test-landed-stays-landed.sh	ok	14	0
1789517404	1befd266ea55	parallel	test-builder-qa-proposed.sh	ok	4	0
1789517501	1befd266ea55	parallel	test-cockpit-fuse.sh	ok	18	0
1789517521	1befd266ea55	parallel	test-fayth-free.sh	ok	10	0
1789517593	1befd266ea55	parallel	test-repo.sh	ok	4	0
1789517447	1befd266ea55	parallel	test-check2-reclaim.sh	ok	10	0
1789517338	1befd266ea55	parallel	test-cockpit-runtime-path.sh	ok	8	0
1789517498	1befd266ea55	parallel	test-concierge.sh	ok	10	0
1789517334	1befd266ea55	parallel	test-bin-manifest.sh	ok	9	0
1789517690	1befd266ea55	parallel	test-unclaimable-cycle.sh	ok	3	0
1789517351	1befd266ea55	parallel	test-doctor-unit-dup.sh	ok	10	0
1789517590	1befd266ea55	parallel	test-release.sh	ok	22	0
1789517646	1befd266ea55	parallel	test-landing.sh	ok	142	0
1789517361	1befd266ea55	parallel	test-install-self-test.sh	ok	9	0
1789517511	1befd266ea55	parallel	test-ci-park.sh	ok	35	0
1789517703	1befd266ea55	parallel	test-unclaimable-bead.sh	ok	16	0
1789517418	1befd266ea55	parallel	test-census-blind.sh	ok	14	0
1789517518	1befd266ea55	parallel	test-elastic-ceiling.sh	ok	13	0
1789517519	1befd266ea55	parallel	test-doctor-events-probe.sh	ok	11	0
1789517534	1befd266ea55	parallel	test-hold.sh	ok	21	0
1789517521	1befd266ea55	parallel	test-events-nodolt.sh	ok	24	0
1789517513	1befd266ea55	parallel	test-destroy-branch.sh	ok	12	0
1789517371	1befd266ea55	parallel	test-scope-label.sh	ok	14	0
1789517671	1befd266ea55	parallel	test-thrash.sh	ok	18	0
1789517337	1befd266ea55	parallel	test-cockpit-mouse.sh	ok	7	0
1789517626	1befd266ea55	parallel	test-sending-empty-commit.sh	ok	10	0
1789517354	1befd266ea55	parallel	test-gate-missing-cmd.sh	ok	7	0
1789517328	1befd266ea55	parallel	test-bd-lock-retry.sh	ok	11	0
1789517709	1befd266ea55	parallel	test-slay.sh	ok	47	0
1789517447	1befd266ea55	parallel	test-census-events.sh	ok	9	0
1789517346	1befd266ea55	parallel	test-beads-push-commit.sh	ok	6	0
1789517482	1befd266ea55	parallel	test-artifact-install.sh	ok	15	0
1789517667	1befd266ea55	parallel	test-sentinel.sh	ok	3	0
1789517353	1befd266ea55	parallel	test-freshclone.sh	ok	7	0
1789517473	1befd266ea55	parallel	test-check5-body-search.sh	ok	9	0
1789517611	1befd266ea55	parallel	test-requeue-cap.sh	ok	2	0
1789517350	1befd266ea55	parallel	test-doctor-schema.sh	ok	12	0
1789517325	1befd266ea55	parallel	test-activate.sh	ok	22	0
1789517513	1befd266ea55	parallel	test-content-landed-empty-branch.sh	ok	10	0
1789517356	1befd266ea55	parallel	test-groomer.sh	ok	38	0
1789517333	1befd266ea55	parallel	test-archivist.sh	ok	51	0
1789517516	1befd266ea55	parallel	test-destructive-bead.sh	ok	38	0
1789517589	1befd266ea55	parallel	test-livelock.sh	ok	45	0
1789517658	1befd266ea55	parallel	test-sentinel-capacity.sh	ok	6	0
1789517327	1befd266ea55	parallel	test-batch-maxpar.sh	ok	6	0
1789517532	1befd266ea55	parallel	test-install-landref.sh	ok	14	0
1789517524	1befd266ea55	parallel	test-check5-nopayload.sh	ok	24	0
1789517377	1befd266ea55	parallel	test-watchd-unit-name.sh	ok	17	0
1789517346	1befd266ea55	parallel	test-doctor-checkout-mode.sh	ok	15	0
1789517405	1befd266ea55	parallel	test-capacity-probe.sh	ok	11	0
1789517587	1befd266ea55	parallel	test-reclaim-escalated.sh	ok	10	0
1789517535	1befd266ea55	parallel	test-focus-close-guard.sh	ok	19	0
1789517362	1befd266ea55	parallel	test-lanes.sh	ok	27	0
1789517335	1befd266ea55	parallel	test-budget-drift.sh	ok	3	0
1789517687	1befd266ea55	parallel	test-superseded.sh	ok	18	0
1789517660	1befd266ea55	parallel	test-requeue.sh	ok	27	0
1789517592	1befd266ea55	parallel	test-repo-label.sh	ok	15	0
1789517496	1befd266ea55	parallel	test-check8-progressed.sh	ok	4	0
1789517610	1befd266ea55	parallel	test-reclaim-slay-branch-guard.sh	ok	23	0
1789517374	1befd266ea55	parallel	test-testenv-registry.sh	ok	14	0
1789517375	1befd266ea55	parallel	test-unit-name.sh	ok	11	0
1789517465	1befd266ea55	parallel	test-check4-events.sh	ok	21	0
1789517378	1befd266ea55	parallel	test-work-services-exclusion.sh	ok	7	0
1789517399	1befd266ea55	parallel	test-aeon-sweep.sh	red	11	2
1789517372	1befd266ea55	parallel	test-testenv-image-tag.sh	ok	6	0
1789517474	1befd266ea55	parallel	test-check5-content-landed.sh	ok	12	0
1789517380	1befd266ea55	parallel	test-aeon-heartbeat.sh	skip	0	0
1789517489	1befd266ea55	parallel	test-check5-drop.sh	ok	13	0
1789517642	1befd266ea55	parallel	test-sending-squash-merged.sh	ok	9	0
1789517365	1befd266ea55	parallel	test-install-exec.sh	ok	12	0
1789517379	1befd266ea55	parallel	test-render-memories.sh	ok	25	0
1789517339	1befd266ea55	parallel	test-conf.sh	ok	24	0
1789517342	1befd266ea55	parallel	test-containment.sh	ok	22	0
1789517403	1befd266ea55	parallel	test-aeon-exit.sh	ok	10	0
1789517569	1befd266ea55	parallel	test-now.sh	ok	88	0
1789517356	1befd266ea55	parallel	test-host-unit-names.sh	skip	0	0
1789517330	1befd266ea55	parallel	test-bd-resolve.sh	ok	8	0
1789517702	1befd266ea55	parallel	test-unmapped-repo-park.sh	ok	5	0
1789517516	1befd266ea55	parallel	test-cross-repo.sh	ok	8	0
1789517369	1befd266ea55	parallel	test-ready.sh	ok	52	0
1789517687	1befd266ea55	parallel	test-timeout.sh	ok	22	0
1789517517	1befd266ea55	parallel	test-drain-expiry.sh	ok	13	0
1789517538	1befd266ea55	parallel	test-lane-ceiling.sh	ok	9	0
1789517530	1befd266ea55	parallel	test-event.sh	ok	36	0
1789531146	1c1df74ad9ff	parallel	test-citations.sh	ok	20	0
1789531118	1c1df74ad9ff	parallel	test-gate-verdict.sh	ok	36	0
1789531121	1c1df74ad9ff	parallel	test-maechen.sh	ok	45	0
1789531094	1c1df74ad9ff	parallel	test-cadence.sh	skip	0	0
1789531123	1c1df74ad9ff	parallel	test-promote.sh	ok	16	0
# literal-ok: measurement data; the configured name is part of a suite FILENAME harvested from this tree, not a label read here.
1789531109	1c1df74ad9ff	parallel	test-aeon-world-stop.sh	ok	19	0
1789531101	1c1df74ad9ff	parallel	test-configure.sh	ok	18	0
1789531110	1c1df74ad9ff	parallel	test-fayth-predicates.sh	ok	23	0
1789531139	1c1df74ad9ff	parallel	test-review.sh	ok	25	0
1789531123	1c1df74ad9ff	parallel	test-maechen-trigger.sh	ok	45	0
1789531114	1c1df74ad9ff	parallel	test-groom-trigger.sh	ok	18	0
1789531097	1c1df74ad9ff	parallel	test-cockpit-runtime-path.sh	ok	8	0
1789531092	1c1df74ad9ff	parallel	test-bin-manifest.sh	ok	9	0
1789531110	1c1df74ad9ff	parallel	test-doctor-unit-dup.sh	ok	10	0
1789531119	1c1df74ad9ff	parallel	test-install-self-test.sh	ok	9	0
1789531128	1c1df74ad9ff	parallel	test-scope-label.sh	ok	14	0
1789531095	1c1df74ad9ff	parallel	test-cockpit-mouse.sh	ok	7	0
1789531112	1c1df74ad9ff	parallel	test-gate-missing-cmd.sh	ok	7	0
1789531086	1c1df74ad9ff	parallel	test-bd-lock-retry.sh	ok	11	0
1789531104	1c1df74ad9ff	parallel	test-beads-push-commit.sh	ok	6	0
1789531231	1c1df74ad9ff	parallel	test-artifact-install.sh	ok	15	0
1789531112	1c1df74ad9ff	parallel	test-freshclone.sh	ok	7	0
1789531108	1c1df74ad9ff	parallel	test-doctor-schema.sh	ok	12	0
1789531082	1c1df74ad9ff	parallel	test-activate.sh	ok	22	0
1789531114	1c1df74ad9ff	parallel	test-groomer.sh	ok	38	0
1789531084	1c1df74ad9ff	parallel	test-install-conflicts.sh	ok	21	0
1789531091	1c1df74ad9ff	parallel	test-archivist.sh	ok	51	0
1789531085	1c1df74ad9ff	parallel	test-batch-maxpar.sh	ok	6	0
1789531135	1c1df74ad9ff	parallel	test-install-rehearsal.sh	skip	0	0
1789531133	1c1df74ad9ff	parallel	test-watchd-unit-name.sh	ok	17	0
1789531106	1c1df74ad9ff	parallel	test-doctor-checkout-mode.sh	ok	15	0
1789531083	1c1df74ad9ff	parallel	test-install-prod-checkout.sh	ok	6	0
1789531120	1c1df74ad9ff	parallel	test-lanes.sh	ok	27	0
1789531093	1c1df74ad9ff	parallel	test-budget-drift.sh	ok	3	0
1789531131	1c1df74ad9ff	parallel	test-testenv-registry.sh	ok	14	0
1789531138	1c1df74ad9ff	parallel	test-covers-entries.sh	ok	2	0
1789531132	1c1df74ad9ff	parallel	test-unit-name.sh	ok	11	0
1789531135	1c1df74ad9ff	parallel	test-work-services-exclusion.sh	ok	7	0
1789531129	1c1df74ad9ff	parallel	test-testenv-image-tag.sh	ok	6	0
1789531123	1c1df74ad9ff	parallel	test-install-exec.sh	ok	12	0
1789531136	1c1df74ad9ff	parallel	test-render-memories.sh	ok	25	0
1789531099	1c1df74ad9ff	parallel	test-conf.sh	ok	24	0
1789531102	1c1df74ad9ff	parallel	test-containment.sh	ok	22	0
1789531115	1c1df74ad9ff	parallel	test-host-unit-names.sh	skip	0	0
1789531087	1c1df74ad9ff	parallel	test-bd-resolve.sh	ok	8	0
1789531127	1c1df74ad9ff	parallel	test-ready.sh	ok	52	0
1789655699	1c5baf0c986b	parallel	test-landing.sh	ok	147	0
1789655609	1c5baf0c986b	parallel	test-verdict.sh	ok	30	0
1789593437	1c77c01ad6d6	parallel	test-suites-hygiene.sh	ok	11	0
1789599455	1cb5e597600f	parallel	test-install-conflicts.sh	ok	21	0
1789605752	1cc1ae89e4a8	parallel	test-maechen.sh	ok	45	0
1789601945	1cf422593db2	parallel	test-doctor-unit-dup.sh	ok	10	0
1789601942	1cf422593db2	parallel	test-doctor-dolt.sh	ok	13	0
1789601945	1cf422593db2	parallel	test-install-exec.sh	ok	12	0
1789523769	1d6c4ac47e0d	parallel	test-suites-timer.sh	ok	16	0
1789515134	1dc8b9f5f5e0	parallel	test-gate-workflow.sh	ok	37	0
1789689105	1e25fefcebf9	parallel	test-attribution.sh	ok	27	0
1789603569	1e45d4b42e86	parallel	test-census.sh	red	5	16
1789604309	1e4a2235c79e	parallel	test-concierge.sh	ok	30	0
1789572106	1f03894a51e5	parallel	test-citations.sh	ok	20	0
1789572048	1f03894a51e5	parallel	test-sending-unlanded-guard.sh	ok	10	0
1789572123	1f03894a51e5	parallel	test-poison.sh	ok	44	0
1789571809	1f03894a51e5	parallel	test-aeon-ledger.sh	ok	47	0
1789571876	1f03894a51e5	parallel	test-incident-cause.sh	ok	2	0
1789571943	1f03894a51e5	parallel	test-promote.sh	ok	19	0
1789571789	1f03894a51e5	parallel	test-attempts.sh	ok	49	0
1789571924	1f03894a51e5	parallel	test-incident-recur-cause.sh	ok	16	0
1789571743	1f03894a51e5	parallel	test-census-watermark.sh	ok	13	0
1789571865	1f03894a51e5	parallel	test-fayth.sh	ok	9	0
1789571755	1f03894a51e5	parallel	test-aeon-lease.sh	ok	15	0
1789571759	1f03894a51e5	parallel	test-maechen-blind-window.sh	ok	5	0
1789572091	1f03894a51e5	parallel	test-worktree-absent.sh	ok	6	0
1789572033	1f03894a51e5	parallel	test-review.sh	ok	25	0
1789571933	1f03894a51e5	parallel	test-landed-stays-landed.sh	ok	14	0
1789571780	1f03894a51e5	parallel	test-builder-qa-proposed.sh	ok	4	0
1789571838	1f03894a51e5	parallel	test-cockpit-fuse.sh	ok	18	0
1789571864	1f03894a51e5	parallel	test-fayth-free.sh	ok	10	0
1789571979	1f03894a51e5	parallel	test-repo.sh	ok	4	0
1789571802	1f03894a51e5	parallel	test-check2-reclaim.sh	ok	10	0
1789571840	1f03894a51e5	parallel	test-concierge.sh	ok	13	0
1789571875	1f03894a51e5	parallel	test-id-prefix.sh	ok	6	0
1789572080	1f03894a51e5	parallel	test-unclaimable-cycle.sh	ok	3	0
1789571960	1f03894a51e5	parallel	test-release.sh	ok	22	0
1789572013	1f03894a51e5	parallel	test-landing.sh	ok	142	0
1789571861	1f03894a51e5	parallel	test-ci-park.sh	ok	35	0
1789572089	1f03894a51e5	parallel	test-unclaimable-bead.sh	ok	20	0
1789571741	1f03894a51e5	parallel	test-census-blind.sh	ok	14	0
1789571861	1f03894a51e5	parallel	test-elastic-ceiling.sh	ok	13	0
1789571862	1f03894a51e5	parallel	test-doctor-events-probe.sh	ok	11	0
1789571882	1f03894a51e5	parallel	test-hold.sh	ok	21	0
1789571743	1f03894a51e5	parallel	test-events-nodolt.sh	ok	24	0
1789572056	1f03894a51e5	parallel	test-strand-truncated.sh	ok	12	0
1789571856	1f03894a51e5	parallel	test-destroy-branch.sh	ok	12	0
1789572018	1f03894a51e5	parallel	test-scope-label.sh	ok	14	0
1789572060	1f03894a51e5	parallel	test-thrash.sh	ok	18	0
1789572034	1f03894a51e5	parallel	test-sending-empty-commit.sh	ok	10	0
1789572106	1f03894a51e5	parallel	test-slay.sh	ok	47	0
1789571752	1f03894a51e5	parallel	test-census-events.sh	ok	14	0
1789572059	1f03894a51e5	parallel	test-sentinel.sh	ok	3	0
1789571745	1f03894a51e5	parallel	test-freshclone.sh	ok	7	0
1789571820	1f03894a51e5	parallel	test-check5-body-search.sh	ok	9	0
1789572014	1f03894a51e5	parallel	test-requeue-cap.sh	ok	6	0
1789571941	1f03894a51e5	parallel	test-loop-readonly.sh	ok	11	0
1789572016	1f03894a51e5	parallel	test-roster-warn.sh	ok	6	0
1789571854	1f03894a51e5	parallel	test-content-landed-empty-branch.sh	ok	10	0
1789571762	1f03894a51e5	parallel	test-census.sh	ok	21	0
1789571858	1f03894a51e5	parallel	test-destructive-bead.sh	ok	38	0
1789571959	1f03894a51e5	parallel	test-livelock.sh	ok	53	0
1789572054	1f03894a51e5	parallel	test-sentinel-capacity.sh	ok	6	0
1789571880	1f03894a51e5	parallel	test-install-landref.sh	ok	14	0
1789571877	1f03894a51e5	parallel	test-check5-nopayload.sh	ok	24	0
1789571782	1f03894a51e5	parallel	test-capacity-probe.sh	ok	11	0
1789571957	1f03894a51e5	parallel	test-reclaim-escalated.sh	ok	10	0
1789571883	1f03894a51e5	parallel	test-focus-close-guard.sh	ok	19	0
1789571887	1f03894a51e5	parallel	test-lanes.sh	ok	27	0
1789572078	1f03894a51e5	parallel	test-superseded.sh	ok	18	0
1789572041	1f03894a51e5	parallel	test-requeue.sh	ok	25	0
1789571976	1f03894a51e5	parallel	test-repo-label.sh	ok	15	0
1789571837	1f03894a51e5	parallel	test-check8-progressed.sh	ok	4	0
1789571981	1f03894a51e5	parallel	test-reclaim-slay-branch-guard.sh	ok	23	0
1789572096	1f03894a51e5	parallel	test-covers-entries.sh	ok	2	0
1789571821	1f03894a51e5	parallel	test-check4-events.sh	ok	21	0
1789571781	1f03894a51e5	parallel	test-aeon-sweep.sh	ok	13	0
1789571831	1f03894a51e5	parallel	test-check5-content-landed.sh	ok	12	0
1789571753	1f03894a51e5	parallel	test-aeon-heartbeat.sh	skip	0	0
1789571833	1f03894a51e5	parallel	test-check5-drop.sh	ok	13	0
1789572049	1f03894a51e5	parallel	test-sending-squash-merged.sh	ok	9	0
1789571975	1f03894a51e5	parallel	test-render-memories.sh	ok	25	0
1789571840	1f03894a51e5	parallel	test-containment.sh	ok	22	0
1789571779	1f03894a51e5	parallel	test-aeon-exit.sh	ok	10	0
1789571939	1f03894a51e5	parallel	test-now.sh	ok	88	0
1789572093	1f03894a51e5	parallel	test-unmapped-repo-park.sh	ok	5	0
1789571855	1f03894a51e5	parallel	test-cross-repo.sh	ok	8	0
1789572073	1f03894a51e5	parallel	test-timeout.sh	ok	22	0
1789571859	1f03894a51e5	parallel	test-drain-expiry.sh	ok	13	0
1789571885	1f03894a51e5	parallel	test-lane-ceiling.sh	ok	9	0
1789571873	1f03894a51e5	parallel	test-event.sh	ok	36	0
1789555102	1f2990724e8a	parallel	test-citations.sh	ok	20	0
1789555101	1f2990724e8a	parallel	test-gate-check-stuck.sh	ok	4	0
1789555092	1f2990724e8a	parallel	test-freshclone.sh	ok	7	0
1789555104	1f2990724e8a	parallel	test-gh-run-gate.sh	ok	18	0
1789555101	1f2990724e8a	parallel	test-covers-entries.sh	ok	2	0
1789555100	1f2990724e8a	parallel	test-event.sh	ok	36	0
1789600161	2009376defd4	parallel	test-pilgrimage.sh	red	22	1
1789600139	2009376defd4	parallel	test-migrate-ask.sh	red	13	1
1789600159	2009376defd4	parallel	test-mail.sh	ok	41	0
1789600157	2009376defd4	parallel	test-watch-notify.sh	ok	118	0
1789603184	2053502e034f	parallel	test-cockpit-queue.sh	ok	21	0
1789561039	205521aa1fb3	parallel	test-strand-partition.sh	ok	18	0
1789561039	205521aa1fb3	parallel	test-strand-truncated.sh	ok	12	0
1789561039	205521aa1fb3	parallel	test-strand-capacity.sh	ok	5	0
1789579945	2069b536a309	parallel	test-concierge.sh	red	14	1
1789599173	20a7682042f3	parallel	test-certify.sh	ok	14	0
1789599153	20a7682042f3	parallel	test-fayth.sh	ok	9	0
1789599153	20a7682042f3	parallel	test-builder-qa-proposed.sh	ok	4	0
1789599168	20a7682042f3	parallel	test-check2-reclaim.sh	ok	10	0
1789599177	20a7682042f3	parallel	test-sentinel.sh	ok	3	0
1789549080	20b6823a13b4	parallel	test-concierge.sh	ok	13	0
1789567169	20b692f1bb2f	parallel	test-watchtower.sh	ok	161	0
1789567125	20b692f1bb2f	parallel	test-cockpit-unsent.sh	ok	10	0
1789598129	20e8efdfbb27	parallel	test-release.sh	ok	29	0
1789598128	20e8efdfbb27	parallel	test-gate-workflow.sh	ok	49	0
1789661906	218e04af8af7	parallel	test-census-events.sh	ok	20	0
1789508220	21fb91d06405	parallel	test-watchtower.sh	red	151	0
1789515069	22101619d3f5	parallel	test-gate-workflow.sh	red	34	2
1789599982	2222caef53e2	parallel	test-citations.sh	ok	20	0
1789600185	2222caef53e2	parallel	test-gate-sweep.sh	ok	6	0
1789599837	2222caef53e2	parallel	test-certify.sh	ok	14	0
1789599671	2222caef53e2	parallel	test-answers-silent-seed.sh	ok	8	0
1789599756	2222caef53e2	parallel	test-beads-push-verify.sh	ok	12	0
1789600192	2222caef53e2	parallel	test-gate-verdict.sh	ok	36	0
1789599702	2222caef53e2	parallel	test-ask-help.sh	ok	28	0
1789600181	2222caef53e2	parallel	test-gate-check-stuck.sh	ok	4	0
1789600430	2222caef53e2	parallel	test-loom.sh	ok	2	0
1789599877	2222caef53e2	parallel	test-check5-delivers-check.sh	ok	15	0
1789600212	2222caef53e2	parallel	test-host-reason.sh	ok	24	0
1789600778	2222caef53e2	parallel	test-sop.sh	ok	113	0
1789600693	2222caef53e2	parallel	test-sending-unlanded-guard.sh	ok	10	0
1789600918	2222caef53e2	parallel	test-testenv-systemctl.sh	red	0	0
1789600456	2222caef53e2	parallel	test-null-close-reason.sh	ok	19	0
1789600532	2222caef53e2	parallel	test-output-visibility.sh	ok	9	0
1789599761	2222caef53e2	parallel	test-build-tarball.sh	ok	11	0
1789600139	2222caef53e2	parallel	test-doctor-embedded.sh	ok	4	0
1789600446	2222caef53e2	parallel	test-mail-deliver.sh	ok	10	0
1789600669	2222caef53e2	parallel	test-schema-apply.sh	ok	16	0
1789600739	2222caef53e2	parallel	test-poison.sh	ok	44	0
1789599657	2222caef53e2	parallel	test-aeon-ledger.sh	ok	47	0
1789600121	2222caef53e2	parallel	test-doctor-bd-tag.sh	ok	16	0
1789600430	2222caef53e2	parallel	test-maechen.sh	ok	45	0
1789600348	2222caef53e2	parallel	test-install-unit-directive.sh	ok	11	0
1789600684	2222caef53e2	parallel	test-sending-landstate-assert.sh	ok	4	0
1789599761	2222caef53e2	parallel	test-cadence.sh	skip	0	0
1789600918	2222caef53e2	parallel	test-timer-templates.sh	red	0	0
1789600210	2222caef53e2	parallel	test-incident-cause.sh	ok	2	0
1789600548	2222caef53e2	parallel	test-promote.sh	ok	19	0
1789599725	2222caef53e2	parallel	test-attempts.sh	ok	49	0
1789600317	2222caef53e2	parallel	test-install-aeons.sh	ok	25	0
# literal-ok: measurement data; the configured name is part of a suite FILENAME harvested from this tree, not a label read here.
1789599679	2222caef53e2	parallel	test-aeon-world-stop.sh	ok	19	0
1789600259	2222caef53e2	parallel	test-incident-recur-cause.sh	ok	16	0
1789600323	2222caef53e2	parallel	test-install-halt.sh	ok	6	0
1789599820	2222caef53e2	parallel	test-census-watermark.sh	ok	13	0
1789600655	2222caef53e2	parallel	test-scratch-fence.sh	ok	15	0
1789600147	2222caef53e2	parallel	test-fayth.sh	ok	9	0
1789600137	2222caef53e2	parallel	test-doctor-cargo.sh	ok	11	0
1789599758	2222caef53e2	parallel	test-boundary.sh	ok	8	0
1789600673	2222caef53e2	parallel	test-sending-metrics.sh	ok	14	0
1789599942	2222caef53e2	parallel	test-check5-sweep-delivers.sh	ok	15	0
1789600015	2222caef53e2	parallel	test-cockpit-landed.sh	ok	6	0
1789600370	2222caef53e2	parallel	test-landing-race.sh	ok	23	0
1789599740	2222caef53e2	parallel	test-bd-remember-guard.sh	ok	20	0
1789599611	2222caef53e2	parallel	test-aeon-lease.sh	ok	15	0
1789600142	2222caef53e2	parallel	test-doctor-goal.sh	ok	8	0
1789600429	2222caef53e2	parallel	test-maechen-blind-window.sh	ok	5	0
1789600783	2222caef53e2	parallel	test-strand-partition.sh	ok	18	0
1789600534	2222caef53e2	parallel	test-priority-bands.sh	ok	6	0
1789600453	2222caef53e2	parallel	test-model-switch-report.sh	ok	16	0
1789600532	2222caef53e2	parallel	test-owned.sh	ok	18	0
1789600046	2222caef53e2	parallel	test-configure.sh	ok	18	0
1789600919	2222caef53e2	parallel	test-worktree-absent.sh	red	0	0
1789600147	2222caef53e2	parallel	test-fayth-predicates.sh	ok	22	0
1789600706	2222caef53e2	parallel	test-session-hook.sh	ok	94	0
1789600165	2222caef53e2	parallel	test-gate-fixture-diag.sh	ok	6	0
1789600642	2222caef53e2	parallel	test-review.sh	ok	25	0
1789600448	2222caef53e2	parallel	test-maechen-trigger.sh	ok	48	0
1789600204	2222caef53e2	parallel	test-groom-trigger.sh	ok	18	0
1789600396	2222caef53e2	parallel	test-landed-stays-landed.sh	ok	14	0
1789600373	2222caef53e2	parallel	test-literal-lint.sh	ok	31	0
1789600045	2222caef53e2	parallel	test-cockpit-sphere.sh	ok	12	0
1789600672	2222caef53e2	parallel	test-sending-content-label.sh	ok	4	0
1789600365	2222caef53e2	parallel	test-limits.sh	ok	85	0
1789599910	2222caef53e2	parallel	test-check5-landed-assert.sh	ok	11	0
1789600851	2222caef53e2	parallel	test-suites-fixture-fault.sh	ok	19	0
1789600189	2222caef53e2	parallel	test-gh-intake.sh	ok	23	0
1789600506	2222caef53e2	parallel	test-orphan-test.sh	ok	17	0
1789600792	2222caef53e2	parallel	test-suites-containment.sh	skip	0	0
1789600650	2222caef53e2	parallel	test-schema.sh	ok	28	0
1789600711	2222caef53e2	parallel	test-skew-foreign.sh	ok	19	0
1789599759	2222caef53e2	parallel	test-builder-qa-proposed.sh	ok	4	0
1789600479	2222caef53e2	parallel	test-mail-sendmail.sh	ok	16	0
1789599752	2222caef53e2	parallel	test-batch.sh	ok	10	0
1789599982	2222caef53e2	parallel	test-cockpit-fuse.sh	ok	18	0
1789600746	2222caef53e2	parallel	test-sin-exempt.sh	ok	11	0
1789600022	2222caef53e2	parallel	test-cockpit-snap-absent.sh	ok	7	0
1789600146	2222caef53e2	parallel	test-fayth-free.sh	ok	10	0
1789599905	2222caef53e2	parallel	test-check5-landed-no-delivers.sh	ok	9	0
1789600042	2222caef53e2	parallel	test-cockpit-unclaimable.sh	ok	13	0
1789600211	2222caef53e2	parallel	test-incident-delivers-satisfiable.sh	ok	7	0
1789600605	2222caef53e2	parallel	test-repo.sh	ok	4	0
1789599837	2222caef53e2	parallel	test-check2-reclaim.sh	ok	10	0
1789600918	2222caef53e2	parallel	test-testenv-stdin.sh	red	0	0
1789600145	2222caef53e2	parallel	test-doctor-snap-fresh.sh	ok	9	0
1789600920	2222caef53e2	parallel	test-suites-timeout.sh	unreached	0	0
1789600919	2222caef53e2	parallel	test-watchtower.sh	red	0	0
1789600919	2222caef53e2	parallel	test-world-drain.sh	red	0	0
1789600016	2222caef53e2	parallel	test-cockpit-runtime-path.sh	ok	8	0
1789600045	2222caef53e2	parallel	test-concierge.sh	ok	20	0
1789599757	2222caef53e2	parallel	test-bin-manifest.sh	ok	9	0
1789600210	2222caef53e2	parallel	test-id-prefix.sh	ok	6	0
1789600918	2222caef53e2	parallel	test-unclaimable-cycle.sh	red	0	0
1789600353	2222caef53e2	parallel	test-inventory.sh	ok	29	0
1789600147	2222caef53e2	parallel	test-doctor-unit-dup.sh	ok	10	0
1789600573	2222caef53e2	parallel	test-pilgrimage.sh	ok	29	0
1789600591	2222caef53e2	parallel	test-release.sh	ok	29	0
1789600505	2222caef53e2	parallel	test-landing.sh	ok	147	0
1789600344	2222caef53e2	parallel	test-install-self-test.sh	ok	9	0
1789599950	2222caef53e2	parallel	test-ci-park.sh	ok	35	0
1789600918	2222caef53e2	parallel	test-unclaimable-bead.sh	red	0	0
1789600182	2222caef53e2	parallel	test-gate-retry.sh	ok	11	0
1789600395	2222caef53e2	parallel	test-loom-rebuild.sh	ok	6	0
1789600918	2222caef53e2	parallel	test-testenv-tmux-isolation.sh	red	0	0
1789600645	2222caef53e2	parallel	test-schema-migration-guard.sh	ok	15	0
1789599800	2222caef53e2	parallel	test-census-blind.sh	ok	14	0
1789600451	2222caef53e2	parallel	test-mail-fence.sh	ok	25	0
1789599808	2222caef53e2	parallel	test-canary.sh	ok	42	0
1789599778	2222caef53e2	parallel	test-auron.sh	ok	77	0
1789600145	2222caef53e2	parallel	test-elastic-ceiling.sh	ok	13	0
1789600919	2222caef53e2	parallel	test-watchd-health-ids.sh	red	0	0
1789600143	2222caef53e2	parallel	test-doctor-events-probe.sh	ok	11	0
1789599610	2222caef53e2	parallel	test-aeon-dirty-commit.sh	skip	0	0
1789600917	2222caef53e2	parallel	test-suites-watchdog-classify.sh	red	0	0
1789600217	2222caef53e2	parallel	test-hold.sh	ok	21	0
1789600131	2222caef53e2	parallel	test-deploy.sh	ok	20	0
1789600806	2222caef53e2	parallel	test-suites-confirm-red.sh	ok	18	0
1789600146	2222caef53e2	parallel	test-events-nodolt.sh	ok	24	0
1789600783	2222caef53e2	parallel	test-strand-truncated.sh	ok	12	0
1789600113	2222caef53e2	parallel	test-destroy-branch.sh	ok	12	0
1789600042	2222caef53e2	parallel	test-cockpit-tiered-collector.sh	ok	32	0
1789600037	2222caef53e2	parallel	test-cockpit-sop.sh	ok	19	0
1789600653	2222caef53e2	parallel	test-scope-label.sh	ok	14	0
1789600783	2222caef53e2	parallel	test-strand-lock.sh	ok	3	0
1789600345	2222caef53e2	parallel	test-install-paths.sh	ok	12	0
1789600918	2222caef53e2	parallel	test-thrash.sh	red	0	0
1789599999	2222caef53e2	parallel	test-cockpit-gate.sh	ok	20	0
1789600532	2222caef53e2	parallel	test-panel.sh	ok	1	0
1789600759	2222caef53e2	parallel	test-statusline.sh	ok	16	0
1789600917	2222caef53e2	parallel	test-testenv-mode.sh	red	0	0
1789600452	2222caef53e2	parallel	test-migrate-ask.sh	red	0	0
1789600919	2222caef53e2	parallel	test-watchd-halt-health.sh	red	0	0
1789600078	2222caef53e2	parallel	test-cockpit-unsent.sh	red	7	3
1789600919	2222caef53e2	parallel	test-wire-token.sh	red	0	0
1789600004	2222caef53e2	parallel	test-cockpit-mouse.sh	ok	7	0
1789600289	2222caef53e2	parallel	test-incident-dedup.sh	ok	8	0
1789600680	2222caef53e2	parallel	test-sending-empty-commit.sh	ok	10	0
1789600166	2222caef53e2	parallel	test-gate-missing-cmd.sh	ok	7	0
1789600920	2222caef53e2	parallel	test-suites-unreached.sh	unreached	0	0
1789600853	2222caef53e2	parallel	test-suites-red-dedup.sh	ok	6	0
1789599739	2222caef53e2	parallel	test-bd-lock-retry.sh	ok	11	0
1789600918	2222caef53e2	parallel	test-tokens.sh	red	0	0
1789600025	2222caef53e2	parallel	test-cockpit-rebuild.sh	ok	21	0
1789599643	2222caef53e2	parallel	test-aeon-prod-dirty.sh	ok	8	0
1789599900	2222caef53e2	parallel	test-check5-delivers-falls-through.sh	ok	7	0
1789600859	2222caef53e2	parallel	test-suites-result-files.sh	ok	9	0
1789600780	2222caef53e2	parallel	test-slay.sh	ok	47	0
1789600340	2222caef53e2	parallel	test-install-migrate.sh	ok	16	0
1789599974	2222caef53e2	parallel	test-cockpit-collector-watchdog.sh	ok	5	0
1789600374	2222caef53e2	parallel	test-loom-ops.sh	ok	8	0
1789599815	2222caef53e2	parallel	test-census-events.sh	ok	14	0
1789599765	2222caef53e2	parallel	test-beads-push-commit.sh	ok	6	0
1789600708	2222caef53e2	parallel	test-skew-escalate.sh	ok	20	0
1789599851	2222caef53e2	parallel	test-artifact-install.sh	ok	15	0
1789600643	2222caef53e2	parallel	test-runner-deps.sh	ok	13	0
1789600181	2222caef53e2	parallel	test-gate-check-red-twice.sh	ok	7	0
1789600757	2222caef53e2	parallel	test-sop-lint.sh	ok	28	0
1789600699	2222caef53e2	parallel	test-sentinel.sh	ok	3	0
1789600149	2222caef53e2	parallel	test-freshclone.sh	ok	7	0
1789599865	2222caef53e2	parallel	test-check5-body-search.sh	ok	9	0
1789600150	2222caef53e2	parallel	test-gate-base-evidence.sh	ok	9	0
1789600546	2222caef53e2	parallel	test-pr-notify.sh	ok	46	0
1789600144	2222caef53e2	parallel	test-drain-banner.sh	ok	11	0
1789600038	2222caef53e2	parallel	test-cockpit-tmp.sh	ok	11	0
1789600781	2222caef53e2	parallel	test-strand-ghost-teardown.sh	ok	3	0
1789600143	2222caef53e2	parallel	test-doctor-enable-drift.sh	ok	23	0
1789600592	2222caef53e2	parallel	test-release-workflow.sh	ok	9	0
1789600642	2222caef53e2	parallel	test-requeue-cap.sh	ok	6	0
1789599821	2222caef53e2	parallel	test-chamber-repo-labels.sh	ok	6	0
1789600920	2222caef53e2	parallel	test-suites-setup-fault.sh	unreached	0	0
1789600137	2222caef53e2	parallel	test-doctor-dolt.sh	ok	13	0
1789600621	2222caef53e2	parallel	test-resolve-output.sh	ok	7	0
1789600356	2222caef53e2	parallel	test-layout-guard.sh	ok	5	0
1789600144	2222caef53e2	parallel	test-doctor-schema.sh	ok	12	0
1789600416	2222caef53e2	parallel	test-loop-readonly.sh	ok	11	0
1789600204	2222caef53e2	parallel	test-gh-run-gate.sh	ok	18	0
1789599610	2222caef53e2	parallel	test-activate.sh	ok	22	0
1789599644	2222caef53e2	parallel	test-aeon-resume.sh	ok	13	0
1789600920	2222caef53e2	parallel	test-world-timer-names.sh	red	0	0
1789600643	2222caef53e2	parallel	test-roster-warn.sh	ok	6	0
1789600081	2222caef53e2	parallel	test-content-landed-empty-branch.sh	ok	10	0
1789600084	2222caef53e2	parallel	test-cockpit-unlanded.sh	ok	23	0
1789600815	2222caef53e2	parallel	test-suites-hygiene.sh	ok	11	0
1789600919	2222caef53e2	parallel	test-verify-asks.sh	red	0	0
1789600643	2222caef53e2	parallel	test-rollback.sh	ok	7	0
1789599755	2222caef53e2	parallel	test-bd-update-inflight-guard.sh	ok	21	0
1789600190	2222caef53e2	parallel	test-groomer.sh	ok	38	0
1789599837	2222caef53e2	parallel	test-census.sh	ok	21	0
1789600186	2222caef53e2	parallel	test-gate-workflow.sh	ok	49	0
1789600918	2222caef53e2	parallel	test-testenv-scratch.sh	red	0	0
1789599741	2222caef53e2	parallel	test-bd-stdin.sh	ok	6	0
1789600340	2222caef53e2	parallel	test-install-instance.sh	ok	20	0
1789600620	2222caef53e2	parallel	test-ops-closing.sh	ok	44	0
1789600863	2222caef53e2	parallel	test-suites-cluster.sh	ok	17	0
1789600919	2222caef53e2	parallel	test-watchtower-lapse.sh	red	0	0
1789600919	2222caef53e2	parallel	test-world-start-revives-watchers.sh	red	0	0
1789600919	2222caef53e2	parallel	test-watchd-tail.sh	red	0	0
1789600294	2222caef53e2	parallel	test-install-conflicts.sh	ok	21	0
1789600775	2222caef53e2	parallel	test-statute-projection.sh	ok	16	0
1789600002	2222caef53e2	parallel	test-cockpit-layout-identity.sh	ok	5	0
1789599679	2222caef53e2	parallel	test-archivist.sh	ok	51	0
1789600117	2222caef53e2	parallel	test-destructive-bead.sh	ok	38	0
1789600002	2222caef53e2	parallel	test-cockpit-layout-conf.sh	ok	3	0
1789600589	2222caef53e2	parallel	test-released-defects.sh	ok	11	0
1789600446	2222caef53e2	parallel	test-livelock.sh	ok	57	0
1789600918	2222caef53e2	parallel	test-uninstall.sh	red	0	0
1789600028	2222caef53e2	parallel	test-cockpit.sh	ok	22	0
1789600918	2222caef53e2	parallel	test-testenv.sh	red	0	0
1789600658	2222caef53e2	parallel	test-select.sh	ok	67	0
1789600917	2222caef53e2	parallel	test-testenv-doctor-check.sh	red	0	0
1789600696	2222caef53e2	parallel	test-sentinel-capacity.sh	ok	6	0
1789599726	2222caef53e2	parallel	test-batch-maxpar.sh	ok	6	0
1789600043	2222caef53e2	parallel	test-cockpit-sweep.sh	ok	15	0
1789600533	2222caef53e2	parallel	test-parallel-isolation.sh	skip	0	0
1789600449	2222caef53e2	parallel	test-mail-health.sh	ok	13	0
1789599608	2222caef53e2	parallel	test-requires.sh	skip-req	0	0
1789600325	2222caef53e2	parallel	test-install-landref.sh	ok	14	0
1789600341	2222caef53e2	parallel	test-install-rehearsal.sh	skip	0	0
1789599974	2222caef53e2	parallel	test-check5-nopayload.sh	ok	24	0
1789600919	2222caef53e2	parallel	test-watchd-unit-name.sh	red	0	0
1789600324	2222caef53e2	parallel	test-incident.sh	ok	24	0
1789600917	2222caef53e2	parallel	test-testenv-batch.sh	red	0	0
1789600136	2222caef53e2	parallel	test-doctor-checkout-mode.sh	ok	15	0
1789600451	2222caef53e2	parallel	test-mail-kinds.sh	ok	44	0
1789599699	2222caef53e2	parallel	test-ask-law.sh	ok	28	0
1789600003	2222caef53e2	parallel	test-cockpit-dup-refs.sh	ok	19	0
1789600779	2222caef53e2	parallel	test-strand-capacity.sh	ok	5	0
1789600342	2222caef53e2	parallel	test-install-prod-checkout.sh	ok	6	0
1789599772	2222caef53e2	parallel	test-capacity-probe.sh	ok	11	0
1789600571	2222caef53e2	parallel	test-reclaim-escalated.sh	ok	10	0
1789600018	2222caef53e2	parallel	test-cockpit-self.sh	ok	33	0
1789600161	2222caef53e2	parallel	test-focus-close-guard.sh	ok	19	0
1789600355	2222caef53e2	parallel	test-lanes.sh	ok	27	0
1789600204	2222caef53e2	parallel	test-gate-tree.sh	ok	14	0
1789599759	2222caef53e2	parallel	test-budget-drift.sh	ok	3	0
1789600917	2222caef53e2	parallel	test-superseded.sh	red	0	0
1789600667	2222caef53e2	parallel	test-requeue.sh	ok	25	0
1789600453	2222caef53e2	parallel	test-mail.sh	ok	40	0
1789600918	2222caef53e2	parallel	test-tmux-env.sh	red	0	0
1789600603	2222caef53e2	parallel	test-repo-label.sh	ok	15	0
1789600919	2222caef53e2	parallel	test-watch-notify.sh	red	0	0
1789600007	2222caef53e2	parallel	test-cockpit-layout.sh	ok	7	0
1789600920	2222caef53e2	parallel	test-world-timer-service-result.sh	red	0	0
1789599943	2222caef53e2	parallel	test-check8-progressed.sh	ok	4	0
1789599760	2222caef53e2	parallel	test-build.sh	ok	14	0
1789600602	2222caef53e2	parallel	test-reclaim-slay-branch-guard.sh	ok	23	0
1789600791	2222caef53e2	parallel	test-spike.sh	ok	88	0
1789600780	2222caef53e2	parallel	test-strand-deferred.sh	ok	7	0
1789600917	2222caef53e2	parallel	test-testenv-registry.sh	red	0	0
1789600919	2222caef53e2	parallel	test-watch-refresh.sh	red	0	0
1789600110	2222caef53e2	parallel	test-covers-entries.sh	ok	2	0
1789600712	2222caef53e2	parallel	test-set-state-writers.sh	ok	10	0
1789600735	2222caef53e2	parallel	test-soak.sh	ok	7	0
1789600918	2222caef53e2	parallel	test-unit-name.sh	red	0	0
1789599874	2222caef53e2	parallel	test-check4-events.sh	ok	21	0
1789600918	2222caef53e2	parallel	test-testenv-suites.sh	red	0	0
1789600315	2222caef53e2	parallel	test-install-conf-seed.sh	ok	11	0
1789600338	2222caef53e2	parallel	test-install-idempotent.sh	ok	15	0
1789600919	2222caef53e2	parallel	test-work-services-exclusion.sh	red	0	0
1789600390	2222caef53e2	parallel	test-loom-page.sh	ok	46	0
1789600164	2222caef53e2	parallel	test-gate-discover-branch.sh	ok	5	0
1789599654	2222caef53e2	parallel	test-aeon-sweep.sh	ok	13	0
1789600918	2222caef53e2	parallel	test-testenv-timeout.sh	red	0	0
1789600890	2222caef53e2	parallel	test-suites-timer.sh	ok	16	0
1789600917	2222caef53e2	parallel	test-testenv-image-tag.sh	red	0	0
1789599866	2222caef53e2	parallel	test-check5-content-landed.sh	ok	12	0
1789599610	2222caef53e2	parallel	test-aeon-heartbeat.sh	skip	0	0
1789599756	2222caef53e2	parallel	test-beads-sparklines.sh	ok	15	0
1789599903	2222caef53e2	parallel	test-check5-drop.sh	ok	13	0
1789600917	2222caef53e2	parallel	test-testenv-batch-fence.sh	red	0	0
1789600798	2222caef53e2	parallel	test-submit.sh	ok	15	0
1789600303	2222caef53e2	parallel	test-incident-recur-bounded.sh	ok	6	0
1789600920	2222caef53e2	parallel	test-yield.sh	red	0	0
1789600112	2222caef53e2	parallel	test-ctx-pointer.sh	ok	22	0
1789600688	2222caef53e2	parallel	test-sending-squash-merged.sh	ok	9	0
1789600313	2222caef53e2	parallel	test-install-exec.sh	ok	12	0
# literal-ok: measurement data; the configured name is part of a suite FILENAME harvested from this tree, not a label read here.
1789600572	2222caef53e2	parallel	test-reclaim-needs-ryan.sh	ok	6	0
1789600181	2222caef53e2	parallel	test-gate-preflight.sh	ok	10	0
1789600131	2222caef53e2	parallel	test-ctrl.sh	ok	45	0
1789600612	2222caef53e2	parallel	test-render-memories.sh	ok	32	0
1789600784	2222caef53e2	parallel	test-suite-cleanup.sh	ok	5	0
1789600917	2222caef53e2	parallel	test-testdb-failsafe.sh	red	0	0
1789600047	2222caef53e2	parallel	test-conf.sh	ok	28	0
1789600048	2222caef53e2	parallel	test-containment.sh	ok	22	0
1789600014	2222caef53e2	parallel	test-cockpit-remote.sh	ok	14	0
1789600185	2222caef53e2	parallel	test-gate-touched.sh	ok	3	0
1789599633	2222caef53e2	parallel	test-aeon-exit.sh	ok	10	0
1789600470	2222caef53e2	parallel	test-now.sh	ok	88	0
1789600208	2222caef53e2	parallel	test-host-unit-names.sh	skip	0	0
1789599761	2222caef53e2	parallel	test-cadence-tool.sh	skip	0	0
1789600890	2222caef53e2	parallel	test-suite-state.sh	ok	0	0
1789600088	2222caef53e2	parallel	test-content-landed-no-reopen.sh	ok	10	0
1789600010	2222caef53e2	parallel	test-cockpit-probe-fault.sh	ok	40	0
1789599741	2222caef53e2	parallel	test-bd-resolve.sh	ok	8	0
1789600919	2222caef53e2	parallel	test-unmapped-repo-park.sh	red	0	0
1789599681	2222caef53e2	parallel	test-answers-premise-rejected.sh	ok	20	0
1789600130	2222caef53e2	parallel	test-cross-repo.sh	ok	8	0
1789600165	2222caef53e2	parallel	test-gate-check-flaky.sh	ok	5	0
1789600553	2222caef53e2	parallel	test-ready.sh	ok	59	0
1789600919	2222caef53e2	parallel	test-watch-unit-restart.sh	red	0	0
1789600150	2222caef53e2	parallel	test-gate-base-selection.sh	ok	5	0
1789599645	2222caef53e2	parallel	test-aeon-worktree-guard.sh	ok	7	0
1789600918	2222caef53e2	parallel	test-timeout.sh	red	0	0
1789599758	2222caef53e2	parallel	test-branch-guard.sh	ok	14	0
1789600033	2222caef53e2	parallel	test-cockpit-repo-labels.sh	ok	16	0
1789599738	2222caef53e2	parallel	test-aeon-verdict.sh	ok	41	0
1789600145	2222caef53e2	parallel	test-drain-expiry.sh	ok	13	0
1789600354	2222caef53e2	parallel	test-lane-ceiling.sh	ok	9	0
1789600020	2222caef53e2	parallel	test-cockpit-ready-seeded.sh	ok	7	0
1789600515	2222caef53e2	parallel	test-pane-fyi.sh	ok	26	0
1789600918	2222caef53e2	parallel	test-unit-drift.sh	red	0	0
1789600707	2222caef53e2	parallel	test-skew-check-release.sh	ok	15	0
1789600920	2222caef53e2	parallel	test-suites.sh	unreached	0	0
1789600013	2222caef53e2	parallel	test-cockpit-ready.sh	ok	11	0
1789600919	2222caef53e2	parallel	test-world.sh	red	0	0
1789600155	2222caef53e2	parallel	test-event.sh	ok	36	0
1789618486	22ccd923de85	parallel	test-gate-ci-diag.sh	ok	26	0
1789542021	230aaaffe05c	parallel	test-citations.sh	ok	20	0
1789541971	230aaaffe05c	parallel	test-sending-unlanded-guard.sh	ok	10	0
1789542041	230aaaffe05c	parallel	test-poison.sh	ok	44	0
1789541750	230aaaffe05c	parallel	test-aeon-ledger.sh	ok	47	0
1789541820	230aaaffe05c	parallel	test-incident-cause.sh	ok	2	0
1789541885	230aaaffe05c	parallel	test-promote.sh	ok	16	0
1789541730	230aaaffe05c	parallel	test-attempts.sh	ok	49	0
1789541854	230aaaffe05c	parallel	test-incident-recur-cause.sh	ok	16	0
1789541744	230aaaffe05c	parallel	test-census-watermark.sh	ok	11	0
1789541813	230aaaffe05c	parallel	test-fayth.sh	ok	9	0
1789541710	230aaaffe05c	parallel	test-aeon-lease.sh	ok	15	0
1789541884	230aaaffe05c	parallel	test-maechen-blind-window.sh	ok	5	0
1789542010	230aaaffe05c	parallel	test-worktree-absent.sh	ok	6	0
1789541957	230aaaffe05c	parallel	test-review.sh	ok	25	0
1789541867	230aaaffe05c	parallel	test-landed-stays-landed.sh	ok	14	0
1789541727	230aaaffe05c	parallel	test-builder-qa-proposed.sh	ok	4	0
1789541782	230aaaffe05c	parallel	test-cockpit-fuse.sh	ok	18	0
1789541811	230aaaffe05c	parallel	test-fayth-free.sh	ok	10	0
1789541910	230aaaffe05c	parallel	test-repo.sh	ok	4	0
1789541755	230aaaffe05c	parallel	test-check2-reclaim.sh	ok	10	0
1789541783	230aaaffe05c	parallel	test-concierge.sh	ok	10	0
1789541998	230aaaffe05c	parallel	test-unclaimable-cycle.sh	ok	3	0
1789541900	230aaaffe05c	parallel	test-release.sh	ok	22	0
1789541938	230aaaffe05c	parallel	test-landing.sh	ok	142	0
1789541807	230aaaffe05c	parallel	test-ci-park.sh	ok	35	0
1789542009	230aaaffe05c	parallel	test-unclaimable-bead.sh	ok	20	0
1789541741	230aaaffe05c	parallel	test-census-blind.sh	ok	14	0
1789541810	230aaaffe05c	parallel	test-elastic-ceiling.sh	ok	13	0
1789541810	230aaaffe05c	parallel	test-doctor-events-probe.sh	ok	11	0
1789541827	230aaaffe05c	parallel	test-hold.sh	ok	21	0
1789541811	230aaaffe05c	parallel	test-events-nodolt.sh	ok	24	0
1789541803	230aaaffe05c	parallel	test-destroy-branch.sh	ok	12	0
1789541939	230aaaffe05c	parallel	test-scope-label.sh	ok	14	0
1789541983	230aaaffe05c	parallel	test-thrash.sh	ok	18	0
1789541958	230aaaffe05c	parallel	test-sending-empty-commit.sh	ok	10	0
1789542021	230aaaffe05c	parallel	test-slay.sh	ok	47	0
1789541750	230aaaffe05c	parallel	test-census-events.sh	ok	9	0
1789541981	230aaaffe05c	parallel	test-sentinel.sh	ok	3	0
1789541815	230aaaffe05c	parallel	test-freshclone.sh	ok	7	0
1789541775	230aaaffe05c	parallel	test-check5-body-search.sh	ok	9	0
1789541936	230aaaffe05c	parallel	test-requeue-cap.sh	ok	6	0
1789541872	230aaaffe05c	parallel	test-loop-readonly.sh	ok	11	0
1789541801	230aaaffe05c	parallel	test-content-landed-empty-branch.sh	ok	10	0
1789541806	230aaaffe05c	parallel	test-destructive-bead.sh	ok	38	0
1789541883	230aaaffe05c	parallel	test-livelock.sh	ok	45	0
1789541976	230aaaffe05c	parallel	test-sentinel-capacity.sh	ok	6	0
1789541827	230aaaffe05c	parallel	test-install-landref.sh	ok	14	0
1789541825	230aaaffe05c	parallel	test-check5-nopayload.sh	ok	24	0
1789541728	230aaaffe05c	parallel	test-capacity-probe.sh	ok	11	0
1789541898	230aaaffe05c	parallel	test-reclaim-escalated.sh	ok	10	0
1789541825	230aaaffe05c	parallel	test-focus-close-guard.sh	ok	19	0
1789541830	230aaaffe05c	parallel	test-lanes.sh	ok	27	0
1789541997	230aaaffe05c	parallel	test-superseded.sh	ok	18	0
1789541965	230aaaffe05c	parallel	test-requeue.sh	ok	25	0
1789541908	230aaaffe05c	parallel	test-repo-label.sh	ok	15	0
1789541790	230aaaffe05c	parallel	test-check8-progressed.sh	ok	4	0
1789541907	230aaaffe05c	parallel	test-reclaim-slay-branch-guard.sh	ok	23	0
1789542013	230aaaffe05c	parallel	test-covers-entries.sh	ok	2	0
1789541774	230aaaffe05c	parallel	test-check4-events.sh	ok	21	0
1789541726	230aaaffe05c	parallel	test-aeon-sweep.sh	ok	13	0
1789541776	230aaaffe05c	parallel	test-check5-content-landed.sh	ok	12	0
1789541709	230aaaffe05c	parallel	test-aeon-heartbeat.sh	skip	0	0
1789541777	230aaaffe05c	parallel	test-check5-drop.sh	ok	13	0
1789541972	230aaaffe05c	parallel	test-sending-squash-merged.sh	ok	9	0
1789541913	230aaaffe05c	parallel	test-render-memories.sh	ok	25	0
1789541785	230aaaffe05c	parallel	test-containment.sh	ok	22	0
1789541731	230aaaffe05c	parallel	test-aeon-exit.sh	ok	10	0
1789541880	230aaaffe05c	parallel	test-now.sh	ok	88	0
1789542010	230aaaffe05c	parallel	test-unmapped-repo-park.sh	ok	5	0
1789541808	230aaaffe05c	parallel	test-cross-repo.sh	ok	8	0
1789541994	230aaaffe05c	parallel	test-timeout.sh	ok	22	0
1789541808	230aaaffe05c	parallel	test-drain-expiry.sh	ok	13	0
1789541829	230aaaffe05c	parallel	test-lane-ceiling.sh	ok	9	0
1789541819	230aaaffe05c	parallel	test-event.sh	ok	36	0
1789467542	231dd833163e	parallel	test-citations.sh	ok	20	0
1789467286	231dd833163e	parallel	test-check5-delivers-check.sh	ok	15	0
1789467517	231dd833163e	parallel	test-sending-unlanded-guard.sh	ok	10	0
1789467569	231dd833163e	parallel	test-poison.sh	ok	44	0
1789467251	231dd833163e	parallel	test-aeon-ledger.sh	ok	47	0
1789467395	231dd833163e	parallel	test-incident-cause.sh	ok	2	0
1789467446	231dd833163e	parallel	test-promote.sh	ok	16	0
1789467267	231dd833163e	parallel	test-attempts.sh	ok	49	0
# literal-ok: measurement data; the configured name is part of a suite FILENAME harvested from this tree, not a label read here.
1789467266	231dd833163e	parallel	test-aeon-world-stop.sh	ok	19	0
1789467417	231dd833163e	parallel	test-incident-recur-cause.sh	ok	11	0
1789467347	231dd833163e	parallel	test-census-watermark.sh	ok	11	0
1789467393	231dd833163e	parallel	test-fayth.sh	ok	9	0
1789467213	231dd833163e	parallel	test-aeon-lease.sh	ok	15	0
1789467429	231dd833163e	parallel	test-maechen-blind-window.sh	ok	5	0
1789467532	231dd833163e	parallel	test-worktree-absent.sh	ok	6	0
1789467494	231dd833163e	parallel	test-review.sh	ok	25	0
1789467445	231dd833163e	parallel	test-landed-stays-landed.sh	ok	14	0
1789467564	231dd833163e	parallel	test-suites-fixture-fault.sh	ok	19	0
1789467532	231dd833163e	parallel	test-orphan-test.sh	ok	17	0
1789467323	231dd833163e	parallel	test-builder-qa-proposed.sh	ok	4	0
1789467379	231dd833163e	parallel	test-cockpit-fuse.sh	ok	18	0
1789467392	231dd833163e	parallel	test-fayth-free.sh	ok	10	0
1789467479	231dd833163e	parallel	test-repo.sh	ok	4	0
1789467351	231dd833163e	parallel	test-check2-reclaim.sh	ok	10	0
1789467380	231dd833163e	parallel	test-concierge.sh	ok	10	0
1789467531	231dd833163e	parallel	test-unclaimable-cycle.sh	ok	3	0
1789467465	231dd833163e	parallel	test-release.sh	ok	22	0
1789467505	231dd833163e	parallel	test-landing.sh	ok	142	0
1789467293	231dd833163e	parallel	test-ci-park.sh	ok	35	0
1789467530	231dd833163e	parallel	test-unclaimable-bead.sh	ok	16	0
1789467335	231dd833163e	parallel	test-census-blind.sh	red	13	3
1789467392	231dd833163e	parallel	test-elastic-ceiling.sh	ok	13	0
1789467391	231dd833163e	parallel	test-doctor-events-probe.sh	ok	6	0
1789467212	231dd833163e	parallel	test-aeon-dirty-commit.sh	skip	0	0
1789467405	231dd833163e	parallel	test-hold.sh	ok	21	0
1789467393	231dd833163e	parallel	test-events-nodolt.sh	ok	24	0
1789467387	231dd833163e	parallel	test-destroy-branch.sh	ok	12	0
1789467495	231dd833163e	parallel	test-scope-label.sh	ok	14	0
1789467311	231dd833163e	parallel	test-thrash.sh	ok	18	0
1789467506	231dd833163e	parallel	test-sending-empty-commit.sh	ok	10	0
1789467241	231dd833163e	parallel	test-aeon-prod-dirty.sh	ok	8	0
1789467562	231dd833163e	parallel	test-slay.sh	ok	47	0
1789467349	231dd833163e	parallel	test-census-events.sh	ok	9	0
1789467517	231dd833163e	parallel	test-sentinel.sh	ok	3	0
1789467295	231dd833163e	parallel	test-freshclone.sh	ok	7	0
1789467372	231dd833163e	parallel	test-check5-body-search.sh	ok	9	0
1789467494	231dd833163e	parallel	test-requeue-cap.sh	ok	2	0
1789467307	231dd833163e	parallel	test-gh-run-gate.sh	ok	18	0
1789467242	231dd833163e	parallel	test-aeon-resume.sh	ok	13	0
1789467394	231dd833163e	parallel	test-content-landed-empty-branch.sh	ok	10	0
1789467586	231dd833163e	parallel	test-testenv-scratch.sh	ok	15	0
1789467390	231dd833163e	parallel	test-ops-closing.sh	ok	44	0
1789467389	231dd833163e	parallel	test-destructive-bead.sh	ok	38	0
1789467464	231dd833163e	parallel	test-livelock.sh	ok	45	0
1789467516	231dd833163e	parallel	test-sentinel-capacity.sh	ok	6	0
1789467406	231dd833163e	parallel	test-install-landref.sh	ok	14	0
1789467416	231dd833163e	parallel	test-check5-nopayload.sh	ok	24	0
1789467458	231dd833163e	parallel	test-reclaim-escalated.sh	ok	10	0
1789467406	231dd833163e	parallel	test-focus-close-guard.sh	ok	19	0
1789467418	231dd833163e	parallel	test-lanes.sh	ok	27	0
1789467537	231dd833163e	parallel	test-superseded.sh	ok	18	0
1789467337	231dd833163e	parallel	test-requeue.sh	ok	27	0
1789467479	231dd833163e	parallel	test-repo-label.sh	ok	15	0
1789467386	231dd833163e	parallel	test-check8-progressed.sh	ok	4	0
1789467478	231dd833163e	parallel	test-reclaim-slay-branch-guard.sh	ok	23	0
1789467319	231dd833163e	parallel	test-set-state-writers.sh	ok	10	0
1789467281	231dd833163e	parallel	test-check4-events.sh	ok	21	0
1789467249	231dd833163e	parallel	test-aeon-sweep.sh	ok	13	0
1789467374	231dd833163e	parallel	test-check5-content-landed.sh	ok	12	0
1789467213	231dd833163e	parallel	test-aeon-heartbeat.sh	skip	0	0
1789467371	231dd833163e	parallel	test-check5-drop.sh	ok	13	0
1789467508	231dd833163e	parallel	test-sending-squash-merged.sh	ok	9	0
1789467478	231dd833163e	parallel	test-render-memories.sh	ok	25	0
1789467557	231dd833163e	parallel	test-testdb-failsafe.sh	ok	48	0
1789467381	231dd833163e	parallel	test-containment.sh	ok	22	0
1789467234	231dd833163e	parallel	test-aeon-exit.sh	ok	10	0
1789467434	231dd833163e	parallel	test-now.sh	ok	88	0
1789467330	231dd833163e	parallel	test-unmapped-repo-park.sh	ok	4	0
1789467294	231dd833163e	parallel	test-cross-repo.sh	ok	8	0
1789467243	231dd833163e	parallel	test-aeon-worktree-guard.sh	ok	7	0
1789467322	231dd833163e	parallel	test-timeout.sh	ok	22	0
1789467310	231dd833163e	parallel	test-aeon-verdict.sh	ok	41	0
1789467391	231dd833163e	parallel	test-drain-expiry.sh	ok	13	0
1789467417	231dd833163e	parallel	test-lane-ceiling.sh	ok	9	0
1789467296	231dd833163e	parallel	test-event.sh	ok	36	0
1789657961	2353f9bacf31	parallel	test-review.sh	ok	22	0
1789657947	2353f9bacf31	parallel	test-release.sh	ok	29	0
1789657942	2353f9bacf31	parallel	test-deploy.sh	ok	31	0
1789657948	2353f9bacf31	parallel	test-doctor-enable-drift.sh	ok	23	0
1789657945	2353f9bacf31	parallel	test-doctor-checkout-mode.sh	ok	16	0
1789657949	2353f9bacf31	parallel	test-suites-timer.sh	ok	16	0
1789657941	2353f9bacf31	parallel	test-conf.sh	ok	26	0
1789672296	23da0980bc28	parallel	test-cockpit-landed.sh	ok	6	0
1789672328	23da0980bc28	parallel	test-deploy.sh	ok	31	0
1789672325	23da0980bc28	parallel	test-cockpit-queue.sh	ok	21	0
1789672381	23da0980bc28	parallel	test-slay.sh	ok	47	0
1789672314	23da0980bc28	parallel	test-aeon-resume.sh	ok	13	0
1789672342	23da0980bc28	parallel	test-cockpit-unlanded.sh	ok	23	0
1789672305	23da0980bc28	parallel	test-cockpit-probe-fault.sh	ok	43	0
1789672330	23da0980bc28	parallel	test-lane-ceiling.sh	ok	9	0
1789513552	23ed3c33ff6d	parallel	test-citations.sh	ok	20	0
1789513584	23ed3c33ff6d	parallel	test-auron.sh	ok	63	0
1789513543	23ed3c33ff6d	parallel	test-freshclone.sh	ok	7	0
1789513543	23ed3c33ff6d	parallel	test-unit-name.sh	ok	11	0
1789605422	23f2c97a22ff	parallel	test-unit-restart-limits.sh	ok	6	0
1789605421	23f2c97a22ff	parallel	test-watch-unit-restart.sh	ok	5	0
1789569706	24730a340c74	parallel	test-census.sh	ok	21	0
1789527937	247c4964bc8b	parallel	test-citations.sh	ok	20	0
1789527927	247c4964bc8b	parallel	test-freshclone.sh	ok	7	0
1789527927	247c4964bc8b	parallel	test-select.sh	ok	67	0
1789515817	2588380263ce	parallel	test-citations.sh	ok	20	0
1789515687	2588380263ce	parallel	test-check5-delivers-check.sh	ok	15	0
1789515784	2588380263ce	parallel	test-sop.sh	ok	113	0
1789515870	2588380263ce	parallel	test-poison.sh	ok	44	0
1789515647	2588380263ce	parallel	test-aeon-ledger.sh	ok	47	0
1789515730	2588380263ce	parallel	test-maechen.sh	ok	45	0
1789515664	2588380263ce	parallel	test-attempts.sh	ok	49	0
# literal-ok: measurement data; the configured name is part of a suite FILENAME harvested from this tree, not a label read here.
1789515666	2588380263ce	parallel	test-aeon-world-stop.sh	ok	19	0
1789515601	2588380263ce	parallel	test-aeon-lease.sh	ok	15	0
1789515697	2588380263ce	parallel	test-ci-park.sh	ok	35	0
1789515598	2588380263ce	parallel	test-aeon-dirty-commit.sh	skip	0	0
1789515716	2588380263ce	parallel	test-thrash.sh	ok	18	0
1789515635	2588380263ce	parallel	test-aeon-prod-dirty.sh	ok	8	0
1789515699	2588380263ce	parallel	test-freshclone.sh	ok	7	0
1789515729	2588380263ce	parallel	test-chamber-repo-labels.sh	red	5	1
1789515711	2588380263ce	parallel	test-gh-run-gate.sh	ok	18	0
1789515636	2588380263ce	parallel	test-aeon-resume.sh	ok	13	0
1789515813	2588380263ce	parallel	test-ops-closing.sh	ok	44	0
1789515746	2588380263ce	parallel	test-requeue.sh	ok	25	0
1789515781	2588380263ce	parallel	test-spike.sh	ok	88	0
1789515725	2588380263ce	parallel	test-set-state-writers.sh	ok	10	0
1789515682	2588380263ce	parallel	test-check4-events.sh	ok	21	0
1789515643	2588380263ce	parallel	test-aeon-sweep.sh	ok	13	0
1789515600	2588380263ce	parallel	test-aeon-heartbeat.sh	skip	0	0
1789515626	2588380263ce	parallel	test-aeon-exit.sh	ok	10	0
1789515737	2588380263ce	parallel	test-unmapped-repo-park.sh	ok	5	0
1789515696	2588380263ce	parallel	test-cross-repo.sh	ok	8	0
1789515638	2588380263ce	parallel	test-aeon-worktree-guard.sh	ok	7	0
1789515728	2588380263ce	parallel	test-timeout.sh	ok	22	0
1789515714	2588380263ce	parallel	test-aeon-verdict.sh	ok	41	0
1789515698	2588380263ce	parallel	test-event.sh	ok	36	0
1789499287	25b0841d7ad8	parallel	test-doctor-checkout-mode.sh	ok	15	0
1789523013	25b5c3d41bc5	parallel	test-citations.sh	ok	20	0
1789522988	25b5c3d41bc5	parallel	test-doctor-cargo.sh	ok	11	0
1789523001	25b5c3d41bc5	parallel	test-repo.sh	ok	4	0
1789522983	25b5c3d41bc5	parallel	test-bin-manifest.sh	ok	9	0
1789523000	25b5c3d41bc5	parallel	test-doctor-unit-dup.sh	ok	10	0
1789522995	25b5c3d41bc5	parallel	test-census-blind.sh	ok	14	0
1789522997	25b5c3d41bc5	parallel	test-doctor-events-probe.sh	ok	11	0
1789523001	25b5c3d41bc5	parallel	test-statusline.sh	ok	16	0
1789523130	25b5c3d41bc5	parallel	test-artifact-install.sh	ok	15	0
1789522999	25b5c3d41bc5	parallel	test-freshclone.sh	ok	7	0
1789522994	25b5c3d41bc5	parallel	test-doctor-enable-drift.sh	ok	23	0
1789522992	25b5c3d41bc5	parallel	test-doctor-dolt.sh	ok	13	0
1789522999	25b5c3d41bc5	parallel	test-doctor-schema.sh	ok	12	0
1789522985	25b5c3d41bc5	parallel	test-install-conflicts.sh	ok	21	0
1789523002	25b5c3d41bc5	parallel	test-testenv-doctor-check.sh	ok	13	0
1789522989	25b5c3d41bc5	parallel	test-doctor-checkout-mode.sh	ok	15	0
1789523003	25b5c3d41bc5	parallel	test-unit-name.sh	ok	11	0
1789523003	25b5c3d41bc5	parallel	test-testenv-image-tag.sh	ok	6	0
1789604603	260cc370ca29	parallel	test-queue-protect.sh	ok	12	0
1789597412	267fc0cb7164	parallel	test-batch.sh	ok	10	0
1789596936	26b540a176a6	parallel	test-submit.sh	ok	15	0
1789505890	26dc7511bed3	parallel	test-gh-intake.sh	ok	17	0
1789578965	26e68705031b	serial	test-mail-deliver.sh	ok	7	0
1789558120	273a2bd1f4c0	parallel	test-bd-update-inflight-guard.sh	ok	21	0
1789662164	27613114dea6	parallel	test-slay.sh	ok	66	0
1789525817	276f47d138d1	parallel	test-strand-ghost-teardown.sh	ok	3	0
1789525860	276f47d138d1	parallel	test-requeue.sh	ok	25	0
1789603915	27c70aa20afe	parallel	test-cockpit-tiered-collector.sh	ok	35	0
1789603905	27c70aa20afe	parallel	test-cockpit-layout-conf.sh	ok	6	0
1789603909	27c70aa20afe	parallel	test-cockpit-probe-fault.sh	ok	43	0
1789582212	27f034b1ad95	parallel	test-concierge.sh	ok	20	0
1789542739	280d5b01261a	parallel	test-citations.sh	ok	20	0
1789542728	280d5b01261a	parallel	test-promote.sh	ok	19	0
1789542742	280d5b01261a	parallel	test-review.sh	ok	25	0
1789542741	280d5b01261a	parallel	test-deploy.sh	ok	20	0
1789542728	280d5b01261a	parallel	test-freshclone.sh	ok	7	0
1789542731	280d5b01261a	parallel	test-covers-entries.sh	ok	2	0
1789542725	280d5b01261a	parallel	test-conf.sh	ok	28	0
1789544337	288c8b3d2269	parallel	test-citations.sh	ok	20	0
1789544340	288c8b3d2269	parallel	test-cockpit-rebuild.sh	ok	23	0
1789544330	288c8b3d2269	parallel	test-freshclone.sh	ok	7	0
1789544330	288c8b3d2269	parallel	test-covers-entries.sh	ok	2	0
1789625588	28dc09454adc	parallel	test-batch.sh	ok	29	0
1789572512	28ec83996950	parallel	test-suites-fixture-fault.sh	ok	19	0
1789451139	298b12d52f5c	serial	test-cockpit-runtime-path.sh	ok	8	0
1789451138	298b12d52f5c	serial	test-install-migrate.sh	ok	16	0
1789451115	298b12d52f5c	serial	test-install-instance.sh	ok	20	0
1789531486	299879040ef7	parallel	test-citations.sh	ok	20	0
1789531488	299879040ef7	parallel	test-install-aeons.sh	ok	25	0
1789531455	299879040ef7	parallel	test-boundary.sh	ok	8	0
1789531481	299879040ef7	parallel	test-ask-dedupe.sh	ok	17	0
1789531462	299879040ef7	parallel	test-skew-foreign.sh	ok	19	0
1789531556	299879040ef7	parallel	test-landing.sh	ok	142	0
1789531460	299879040ef7	parallel	test-skew-escalate.sh	ok	20	0
1789531457	299879040ef7	parallel	test-freshclone.sh	ok	7	0
1789531483	299879040ef7	parallel	test-covers-entries.sh	ok	2	0
1789531474	299879040ef7	parallel	test-unit-drift.sh	ok	16	0
1789531458	299879040ef7	parallel	test-skew-check-release.sh	ok	15	0
1789572276	29eeab25198f	parallel	test-citations.sh	ok	20	0
1789572268	29eeab25198f	parallel	test-freshclone.sh	ok	7	0
1789572268	29eeab25198f	parallel	test-covers-entries.sh	ok	2	0
1789584793	2a3a4853cb08	serial	test-mail-deliver.sh	ok	10	0
1789579015	2b420510acfe	serial	test-bin-manifest.sh	ok	9	0
1789579016	2b420510acfe	serial	test-mail.sh	ok	40	0
1789600040	2bb63c618f7d	parallel	test-install-dolt-mode.sh	ok	7	0
1789556838	2d0a6a724b8d	parallel	test-gate-discover-branch.sh	ok	5	0
1789625815	2d1254eb71f4	parallel	test-certify.sh	ok	15	0
1789625798	2d1254eb71f4	parallel	test-batch.sh	ok	29	0
1789625784	2d1254eb71f4	parallel	test-attribution.sh	ok	27	0
1789529793	2d62cf8c938b	parallel	test-skew-check-release.sh	ok	15	0
1789537634	2d68bcdee5e7	parallel	test-citations.sh	ok	20	0
1789537469	2d68bcdee5e7	parallel	test-incident-cause.sh	ok	2	0
1789537505	2d68bcdee5e7	parallel	test-incident-recur-cause.sh	ok	16	0
1789537564	2d68bcdee5e7	parallel	test-moot-sweep.sh	ok	36	0
1789537624	2d68bcdee5e7	parallel	test-suites-fixture-fault.sh	ok	19	0
1789537592	2d68bcdee5e7	parallel	test-sin-exempt.sh	ok	11	0
1789537470	2d68bcdee5e7	parallel	test-incident-delivers-satisfiable.sh	ok	7	0
1789537635	2d68bcdee5e7	parallel	test-suites-timeout.sh	ok	23	0
1789537614	2d68bcdee5e7	parallel	test-landing.sh	ok	142	0
1789537594	2d68bcdee5e7	parallel	test-suites-confirm-red.sh	ok	18	0
1789537523	2d68bcdee5e7	parallel	test-incident-dedup.sh	ok	8	0
1789537631	2d68bcdee5e7	parallel	test-suites-red-dedup.sh	ok	6	0
1789537469	2d68bcdee5e7	parallel	test-freshclone.sh	ok	7	0
1789537615	2d68bcdee5e7	parallel	test-suites-cluster.sh	ok	17	0
1789537576	2d68bcdee5e7	parallel	test-incident.sh	ok	24	0
1789537493	2d68bcdee5e7	parallel	test-cockpit-dup-refs.sh	ok	19	0
1789537633	2d68bcdee5e7	parallel	test-covers-entries.sh	ok	2	0
1789537558	2d68bcdee5e7	parallel	test-set-state-writers.sh	ok	10	0
1789537544	2d68bcdee5e7	parallel	test-incident-recur-bounded.sh	ok	6	0
1789537672	2d68bcdee5e7	parallel	test-suites.sh	ok	75	0
1789657025	2d9e5cf348eb	parallel	test-slay.sh	ok	66	0
1789556265	2df3bbdc282a	parallel	test-citations.sh	ok	20	0
1789556211	2df3bbdc282a	parallel	test-loom.sh	ok	2	0
1789556172	2df3bbdc282a	parallel	test-cockpit-landed.sh	ok	6	0
1789556156	2df3bbdc282a	parallel	test-aeon-lease.sh	ok	15	0
1789556230	2df3bbdc282a	parallel	test-cockpit-sphere.sh	ok	12	0
1789556161	2df3bbdc282a	parallel	test-cockpit-fuse.sh	ok	18	0
1789556164	2df3bbdc282a	parallel	test-cockpit-snap-absent.sh	ok	7	0
1789556233	2df3bbdc282a	parallel	test-cockpit-unclaimable.sh	ok	13	0
1789556309	2df3bbdc282a	parallel	test-watchtower.sh	ok	156	0
1789556169	2df3bbdc282a	parallel	test-world-drain.sh	ok	13	0
1789556213	2df3bbdc282a	parallel	test-ci-park.sh	ok	35	0
1789556240	2df3bbdc282a	parallel	test-cockpit-tiered-collector.sh	ok	32	0
1789556226	2df3bbdc282a	parallel	test-cockpit-sop.sh	ok	19	0
1789556243	2df3bbdc282a	parallel	test-thrash.sh	ok	18	0
1789556168	2df3bbdc282a	parallel	test-cockpit-gate.sh	ok	20	0
1789556246	2df3bbdc282a	parallel	test-cockpit-unsent.sh	ok	8	0
1789556261	2df3bbdc282a	parallel	test-tokens.sh	ok	11	0
1789556240	2df3bbdc282a	parallel	test-freshclone.sh	ok	7	0
1789556166	2df3bbdc282a	parallel	test-drain-banner.sh	ok	11	0
1789556228	2df3bbdc282a	parallel	test-cockpit-tmp.sh	ok	11	0
1789556190	2df3bbdc282a	parallel	test-cockpit-unlanded.sh	ok	23	0
1789556253	2df3bbdc282a	parallel	test-statute-projection.sh	ok	16	0
1789556290	2df3bbdc282a	parallel	test-livelock.sh	ok	45	0
1789556240	2df3bbdc282a	parallel	test-cockpit.sh	ok	22	0
1789556229	2df3bbdc282a	parallel	test-cockpit-sweep.sh	ok	15	0
1789556217	2df3bbdc282a	parallel	test-cockpit-dup-refs.sh	ok	19	0
1789556162	2df3bbdc282a	parallel	test-cockpit-self.sh	ok	33	0
1789556259	2df3bbdc282a	parallel	test-covers-entries.sh	ok	2	0
1789556248	2df3bbdc282a	parallel	test-unit-name.sh	ok	11	0
1789556191	2df3bbdc282a	parallel	test-loom-page.sh	ok	46	0
1789556157	2df3bbdc282a	parallel	test-beads-sparklines.sh	ok	15	0
1789556186	2df3bbdc282a	parallel	test-yield.sh	ok	74	0
1789556171	2df3bbdc282a	parallel	test-now.sh	ok	88	0
1789556164	2df3bbdc282a	parallel	test-cockpit-probe-fault.sh	ok	40	0
1789556257	2df3bbdc282a	parallel	test-timeout.sh	ok	22	0
1789556226	2df3bbdc282a	parallel	test-cockpit-repo-labels.sh	ok	16	0
1789556211	2df3bbdc282a	parallel	test-cockpit-ready-seeded.sh	ok	7	0
1789556215	2df3bbdc282a	parallel	test-cockpit-ready.sh	ok	11	0
1789604550	2e679c992f72	parallel	test-batch-maxpar.sh	ok	6	0
1789595656	2eb75d2b2dab	parallel	test-ask-help.sh	red	18	10
1789596006	2eb75d2b2dab	parallel	test-poison.sh	ok	44	0
1789595771	2eb75d2b2dab	parallel	test-incident-recur-cause.sh	ok	16	0
1789595992	2eb75d2b2dab	parallel	test-strand-partition.sh	ok	18	0
1789595950	2eb75d2b2dab	parallel	test-sin-exempt.sh	ok	11	0
1789595853	2eb75d2b2dab	parallel	test-pilgrimage.sh	red	15	8
1789595878	2eb75d2b2dab	parallel	test-landing.sh	ok	147	0
1789595990	2eb75d2b2dab	parallel	test-strand-lock.sh	ok	3	0
1789595824	2eb75d2b2dab	parallel	test-migrate-ask.sh	red	13	1
1789595721	2eb75d2b2dab	parallel	test-incident-dedup.sh	ok	8	0
1789596023	2eb75d2b2dab	parallel	test-suites-red-dedup.sh	ok	6	0
1789595960	2eb75d2b2dab	parallel	test-skew-escalate.sh	ok	19	0
1789595915	2eb75d2b2dab	parallel	test-sentinel.sh	ok	3	0
1789595903	2eb75d2b2dab	parallel	test-requeue-cap.sh	ok	6	0
1789596057	2eb75d2b2dab	parallel	test-verify-asks.sh	ok	22	0
1789595822	2eb75d2b2dab	parallel	test-incident.sh	ok	21	0
1789595650	2eb75d2b2dab	parallel	test-ask-law.sh	red	1	11
1789595989	2eb75d2b2dab	parallel	test-strand-capacity.sh	ok	5	0
1789596027	2eb75d2b2dab	parallel	test-superseded.sh	ok	18	0
1789596058	2eb75d2b2dab	parallel	test-watch-notify.sh	red	114	4
1789595988	2eb75d2b2dab	parallel	test-spike.sh	ok	88	0
1789595680	2eb75d2b2dab	parallel	test-check4-events.sh	ok	21	0
1789595752	2eb75d2b2dab	parallel	test-incident-recur-bounded.sh	ok	6	0
1789596040	2eb75d2b2dab	parallel	test-unmapped-repo-park.sh	ok	5	0
1789596035	2eb75d2b2dab	parallel	test-timeout.sh	ok	22	0
1789595666	2eb75d2b2dab	parallel	test-event.sh	ok	36	0
1789615794	2ec9e774a4fd	parallel	test-sentinel.sh	ok	3	0
1789615801	2ec9e774a4fd	parallel	test-loop-readonly.sh	ok	11	0
1789504645	2f4c70830d66	parallel	test-gate-verdict.sh	ok	36	0
1789504662	2f4c70830d66	parallel	test-testenv-systemctl.sh	skip	0	0
1789504647	2f4c70830d66	parallel	test-maechen.sh	ok	43	0
1789504616	2f4c70830d66	parallel	test-cadence.sh	skip	0	0
1789504649	2f4c70830d66	parallel	test-promote.sh	ok	16	0
# literal-ok: measurement data; the configured name is part of a suite FILENAME harvested from this tree, not a label read here.
1789504633	2f4c70830d66	parallel	test-aeon-world-stop.sh	ok	19	0
1789504629	2f4c70830d66	parallel	test-doctor-cargo.sh	ok	11	0
1789504617	2f4c70830d66	parallel	test-configure.sh	ok	18	0
1789504636	2f4c70830d66	parallel	test-fayth-predicates.sh	ok	23	0
1789504664	2f4c70830d66	parallel	test-review.sh	ok	25	0
1789504649	2f4c70830d66	parallel	test-maechen-trigger.sh	ok	45	0
1789504641	2f4c70830d66	parallel	test-groom-trigger.sh	ok	18	0
1789504616	2f4c70830d66	parallel	test-cockpit-runtime-path.sh	ok	8	0
1789504615	2f4c70830d66	parallel	test-bin-manifest.sh	ok	9	0
1789504638	2f4c70830d66	parallel	test-doctor-unit-dup.sh	ok	10	0
1789504634	2f4c70830d66	parallel	test-deploy.sh	ok	20	0
1789504653	2f4c70830d66	parallel	test-scope-label.sh	ok	14	0
1789504639	2f4c70830d66	parallel	test-gate-missing-cmd.sh	ok	7	0
1789504610	2f4c70830d66	parallel	test-bd-lock-retry.sh	ok	11	0
1789504624	2f4c70830d66	parallel	test-beads-push-commit.sh	ok	6	0
1789504758	2f4c70830d66	parallel	test-artifact-install.sh	ok	15	0
1789504652	2f4c70830d66	parallel	test-runner-deps.sh	ok	6	0
1789504639	2f4c70830d66	parallel	test-freshclone.sh	ok	7	0
1789504650	2f4c70830d66	parallel	test-release-workflow.sh	ok	9	0
1789504636	2f4c70830d66	parallel	test-doctor-dolt.sh	ok	13	0
1789504637	2f4c70830d66	parallel	test-doctor-schema.sh	ok	12	0
1789504609	2f4c70830d66	parallel	test-activate.sh	ok	22	0
1789504640	2f4c70830d66	parallel	test-groomer.sh	ok	38	0
1789504639	2f4c70830d66	parallel	test-gate-workflow.sh	ok	31	0
1789504685	2f4c70830d66	parallel	test-testenv-scratch.sh	ok	15	0
1789504614	2f4c70830d66	parallel	test-archivist.sh	ok	51	0
1789504662	2f4c70830d66	parallel	test-testenv.sh	skip	0	0
1789504609	2f4c70830d66	parallel	test-batch-maxpar.sh	ok	6	0
1789504648	2f4c70830d66	parallel	test-parallel-isolation.sh	skip	0	0
1789504645	2f4c70830d66	parallel	test-install-rehearsal.sh	skip	0	0
1789504663	2f4c70830d66	parallel	test-watchd-unit-name.sh	ok	17	0
1789504632	2f4c70830d66	parallel	test-doctor-checkout-mode.sh	ok	15	0
1789504649	2f4c70830d66	parallel	test-focus-close-guard.sh	ok	19	0
1789504646	2f4c70830d66	parallel	test-lanes.sh	ok	27	0
1789504615	2f4c70830d66	parallel	test-budget-drift.sh	ok	3	0
1789504654	2f4c70830d66	parallel	test-testenv-registry.sh	ok	14	0
1789504663	2f4c70830d66	parallel	test-unit-name.sh	ok	11	0
1789504664	2f4c70830d66	parallel	test-work-services-exclusion.sh	ok	7	0
1789504654	2f4c70830d66	parallel	test-testenv-image-tag.sh	ok	6	0
1789504648	2f4c70830d66	parallel	test-install-exec.sh	ok	12	0
1789504662	2f4c70830d66	parallel	test-render-memories.sh	ok	25	0
1789504618	2f4c70830d66	parallel	test-conf.sh	ok	24	0
1789504619	2f4c70830d66	parallel	test-containment.sh	ok	22	0
1789504641	2f4c70830d66	parallel	test-host-unit-names.sh	skip	0	0
1789504610	2f4c70830d66	parallel	test-bd-resolve.sh	ok	8	0
1789504652	2f4c70830d66	parallel	test-ready.sh	ok	52	0
1789455571	2f4d49fd5eab	parallel	test-citations.sh	red	0	0
1789455359	2f4d49fd5eab	parallel	test-check5-delivers-check.sh	ok	15	0
1789455569	2f4d49fd5eab	parallel	test-sending-unlanded-guard.sh	red	0	0
1789455323	2f4d49fd5eab	parallel	test-aeon-ledger.sh	ok	47	0
1789455470	2f4d49fd5eab	parallel	test-incident-cause.sh	ok	2	0
1789455520	2f4d49fd5eab	parallel	test-promote.sh	ok	16	0
1789455339	2f4d49fd5eab	parallel	test-attempts.sh	ok	49	0
# literal-ok: measurement data; the configured name is part of a suite FILENAME harvested from this tree, not a label read here.
1789455339	2f4d49fd5eab	parallel	test-aeon-world-stop.sh	ok	19	0
1789455493	2f4d49fd5eab	parallel	test-incident-recur-cause.sh	ok	11	0
1789455420	2f4d49fd5eab	parallel	test-census-watermark.sh	ok	11	0
1789455467	2f4d49fd5eab	parallel	test-fayth.sh	ok	9	0
1789455285	2f4d49fd5eab	parallel	test-aeon-lease.sh	ok	15	0
1789455504	2f4d49fd5eab	parallel	test-maechen-blind-window.sh	ok	5	0
1789455571	2f4d49fd5eab	parallel	test-worktree-absent.sh	red	0	0
1789455518	2f4d49fd5eab	parallel	test-landed-stays-landed.sh	ok	14	0
1789455396	2f4d49fd5eab	parallel	test-builder-qa-proposed.sh	ok	4	0
1789455452	2f4d49fd5eab	parallel	test-cockpit-fuse.sh	ok	18	0
1789455466	2f4d49fd5eab	parallel	test-fayth-free.sh	ok	10	0
1789455561	2f4d49fd5eab	parallel	test-repo.sh	ok	4	0
1789455425	2f4d49fd5eab	parallel	test-check2-reclaim.sh	ok	10	0
1789455453	2f4d49fd5eab	parallel	test-concierge.sh	ok	10	0
1789455571	2f4d49fd5eab	parallel	test-unclaimable-cycle.sh	red	0	0
1789455540	2f4d49fd5eab	parallel	test-release.sh	ok	22	0
1789455366	2f4d49fd5eab	parallel	test-ci-park.sh	ok	35	0
1789455570	2f4d49fd5eab	parallel	test-unclaimable-bead.sh	red	0	0
1789455408	2f4d49fd5eab	parallel	test-census-blind.sh	red	13	3
1789455465	2f4d49fd5eab	parallel	test-elastic-ceiling.sh	ok	13	0
1789455464	2f4d49fd5eab	parallel	test-doctor-events-probe.sh	ok	6	0
1789455283	2f4d49fd5eab	parallel	test-aeon-dirty-commit.sh	skip	0	0
1789455479	2f4d49fd5eab	parallel	test-hold.sh	ok	21	0
1789455470	2f4d49fd5eab	parallel	test-events-nodolt.sh	red	19	5
1789455460	2f4d49fd5eab	parallel	test-destroy-branch.sh	ok	12	0
1789455569	2f4d49fd5eab	parallel	test-scope-label.sh	red	0	0
1789455385	2f4d49fd5eab	parallel	test-thrash.sh	ok	18	0
1789455569	2f4d49fd5eab	parallel	test-sending-empty-commit.sh	red	0	0
1789455313	2f4d49fd5eab	parallel	test-aeon-prod-dirty.sh	ok	8	0
1789455570	2f4d49fd5eab	parallel	test-slay.sh	red	0	0
1789455423	2f4d49fd5eab	parallel	test-census-events.sh	ok	9	0
1789455570	2f4d49fd5eab	parallel	test-sentinel.sh	red	0	0
1789455368	2f4d49fd5eab	parallel	test-freshclone.sh	ok	7	0
1789455445	2f4d49fd5eab	parallel	test-check5-body-search.sh	ok	9	0
1789455380	2f4d49fd5eab	parallel	test-gh-run-gate.sh	ok	18	0
1789455314	2f4d49fd5eab	parallel	test-aeon-resume.sh	ok	13	0
1789455467	2f4d49fd5eab	parallel	test-content-landed-empty-branch.sh	ok	10	0
1789455463	2f4d49fd5eab	parallel	test-ops-closing.sh	ok	44	0
1789455462	2f4d49fd5eab	parallel	test-destructive-bead.sh	ok	38	0
1789455539	2f4d49fd5eab	parallel	test-livelock.sh	ok	45	0
1789455570	2f4d49fd5eab	parallel	test-sentinel-capacity.sh	red	0	0
1789455480	2f4d49fd5eab	parallel	test-install-landref.sh	ok	14	0
1789455490	2f4d49fd5eab	parallel	test-check5-nopayload.sh	ok	24	0
1789455532	2f4d49fd5eab	parallel	test-reclaim-escalated.sh	ok	10	0
1789455479	2f4d49fd5eab	parallel	test-focus-close-guard.sh	ok	19	0
1789455492	2f4d49fd5eab	parallel	test-lanes.sh	ok	27	0
1789455570	2f4d49fd5eab	parallel	test-superseded.sh	red	0	0
1789455410	2f4d49fd5eab	parallel	test-requeue.sh	ok	27	0
1789455555	2f4d49fd5eab	parallel	test-repo-label.sh	ok	15	0
1789455459	2f4d49fd5eab	parallel	test-check8-progressed.sh	ok	4	0
1789455553	2f4d49fd5eab	parallel	test-reclaim-slay-branch-guard.sh	ok	23	0
1789455393	2f4d49fd5eab	parallel	test-set-state-writers.sh	ok	10	0
1789455354	2f4d49fd5eab	parallel	test-check4-events.sh	ok	21	0
1789455321	2f4d49fd5eab	parallel	test-aeon-sweep.sh	ok	13	0
1789455448	2f4d49fd5eab	parallel	test-check5-content-landed.sh	ok	12	0
1789455284	2f4d49fd5eab	parallel	test-aeon-heartbeat.sh	skip	0	0
1789455445	2f4d49fd5eab	parallel	test-check5-drop.sh	ok	13	0
1789455569	2f4d49fd5eab	parallel	test-sending-squash-merged.sh	red	0	0
1789455553	2f4d49fd5eab	parallel	test-render-memories.sh	ok	25	0
1789455454	2f4d49fd5eab	parallel	test-containment.sh	ok	22	0
1789455306	2f4d49fd5eab	parallel	test-aeon-exit.sh	ok	10	0
1789455509	2f4d49fd5eab	parallel	test-now.sh	ok	88	0
1789455403	2f4d49fd5eab	parallel	test-unmapped-repo-park.sh	ok	4	0
1789455367	2f4d49fd5eab	parallel	test-cross-repo.sh	ok	8	0
1789455315	2f4d49fd5eab	parallel	test-aeon-worktree-guard.sh	ok	7	0
1789455395	2f4d49fd5eab	parallel	test-timeout.sh	ok	22	0
1789455384	2f4d49fd5eab	parallel	test-aeon-verdict.sh	ok	41	0
1789455464	2f4d49fd5eab	parallel	test-drain-expiry.sh	ok	13	0
1789455491	2f4d49fd5eab	parallel	test-lane-ceiling.sh	ok	9	0
1789455369	2f4d49fd5eab	parallel	test-event.sh	ok	36	0
1789605177	2f70c6f3235d	parallel	test-literal-lint.sh	ok	31	0
1789605167	2f70c6f3235d	parallel	test-repo.sh	ok	4	0
1789605171	2f70c6f3235d	parallel	test-queue-protect.sh	ok	12	0
1789538088	307d8935b446	parallel	test-citations.sh	ok	20	0
1789538078	307d8935b446	parallel	test-concierge.sh	ok	10	0
1789538079	307d8935b446	parallel	test-freshclone.sh	ok	7	0
1789538080	307d8935b446	parallel	test-covers-entries.sh	ok	2	0
1789604666	3122145bed15	parallel	test-literal-lint.sh	ok	31	0
1789604658	3122145bed15	parallel	test-repo.sh	ok	4	0
1789593607	319d5c5cf939	parallel	test-ask-help.sh	ok	28	0
1789594018	319d5c5cf939	parallel	test-poison.sh	ok	44	0
1789593729	319d5c5cf939	parallel	test-incident-recur-cause.sh	ok	16	0
1789593970	319d5c5cf939	parallel	test-strand-partition.sh	ok	18	0
1789593931	319d5c5cf939	parallel	test-sin-exempt.sh	ok	11	0
1789593843	319d5c5cf939	parallel	test-pilgrimage.sh	ok	29	0
1789593843	319d5c5cf939	parallel	test-landing.sh	ok	147	0
1789593969	319d5c5cf939	parallel	test-strand-lock.sh	ok	3	0
1789593679	319d5c5cf939	parallel	test-incident-dedup.sh	ok	8	0
1789594002	319d5c5cf939	parallel	test-suites-red-dedup.sh	ok	6	0
1789593933	319d5c5cf939	parallel	test-skew-escalate.sh	ok	20	0
1789593880	319d5c5cf939	parallel	test-sentinel.sh	ok	3	0
1789593868	319d5c5cf939	parallel	test-requeue-cap.sh	ok	6	0
1789594046	319d5c5cf939	parallel	test-verify-asks.sh	ok	22	0
1789593815	319d5c5cf939	parallel	test-incident.sh	ok	24	0
1789593604	319d5c5cf939	parallel	test-ask-law.sh	ok	28	0
1789593967	319d5c5cf939	parallel	test-strand-capacity.sh	ok	5	0
1789594025	319d5c5cf939	parallel	test-superseded.sh	ok	18	0
1789594051	319d5c5cf939	parallel	test-watch-notify.sh	red	75	2
1789593966	319d5c5cf939	parallel	test-spike.sh	ok	88	0
1789593635	319d5c5cf939	parallel	test-check4-events.sh	ok	21	0
1789593730	319d5c5cf939	parallel	test-incident-recur-bounded.sh	ok	6	0
1789594037	319d5c5cf939	parallel	test-unmapped-repo-park.sh	ok	5	0
1789594030	319d5c5cf939	parallel	test-timeout.sh	ok	22	0
1789593617	319d5c5cf939	parallel	test-event.sh	ok	36	0
1789450492	3202eec585e7	parallel	test-cockpit-layout-identity.sh	ok	5	0
1789450495	3202eec585e7	parallel	test-cockpit-layout.sh	ok	7	0
1789560719	341a59b61f2d	serial	test-strand-truncated.sh	red	10	2
1789658919	34544ca1e38f	parallel	test-mail-aeon.sh	ok	23	0
1789660735	34aa681fb48d	parallel	test-batch.sh	ok	11	0
1789660746	34aa681fb48d	parallel	test-cockpit-queue.sh	ok	22	0
1789660729	34aa681fb48d	parallel	test-cockpit-unlanded.sh	ok	21	0
1789539430	351995ac4b6f	parallel	test-landed-stays-landed.sh	ok	14	0
1789539401	351995ac4b6f	parallel	test-aeon-sweep.sh	ok	13	0
1789539467	351995ac4b6f	parallel	test-aeon-verdict.sh	ok	41	0
1789601953	35b475a300d3	serial	test-census-events.sh	red	2	9
1789519847	35c527312f30	parallel	test-maechen.sh	ok	45	0
1789594369	3616e081131b	parallel	test-sentinel.sh	ok	3	0
1789659601	3660bc6cd8fd	parallel	test-batch.sh	ok	17	0
1789659582	3660bc6cd8fd	parallel	test-verdict.sh	ok	32	0
1789583710	3689ce71d635	parallel	test-cockpit-unit-notify.sh	ok	2	0
1789583719	3689ce71d635	parallel	test-unit-drift.sh	ok	16	0
1789614403	3708d1afe008	parallel	test-cockpit-rebuild.sh	ok	26	0
1789614390	3708d1afe008	parallel	test-cockpit-layout-mail.sh	ok	12	0
1789516880	375ed15c064b	parallel	test-citations.sh	ok	20	0
1789516867	375ed15c064b	parallel	test-scratch-fence.sh	ok	15	0
1789516873	375ed15c064b	parallel	test-literal-lint.sh	ok	31	0
1789516866	375ed15c064b	parallel	test-orphan-test.sh	ok	17	0
1789516875	375ed15c064b	parallel	test-suites-containment.sh	skip	0	0
1789516881	375ed15c064b	parallel	test-testenv-stdin.sh	skip	5	0
1789516885	375ed15c064b	parallel	test-testenv-mode.sh	skip	3	0
1789516885	375ed15c064b	parallel	test-sop-lint.sh	ok	28	0
1789516866	375ed15c064b	parallel	test-freshclone.sh	ok	7	0
1789516868	375ed15c064b	parallel	test-select.sh	ok	46	0
1789516874	375ed15c064b	parallel	test-batch-maxpar.sh	ok	6	0
1789516874	375ed15c064b	parallel	test-parallel-isolation.sh	skip	0	0
1789516863	375ed15c064b	parallel	test-requires.sh	skip-req	0	0
1789516879	375ed15c064b	parallel	test-testenv-batch.sh	skip	11	0
1789516882	375ed15c064b	parallel	test-testenv-suites.sh	skip	5	0
1789516883	375ed15c064b	parallel	test-testenv-timeout.sh	skip	0	0
1789516878	375ed15c064b	parallel	test-testenv-batch-fence.sh	ok	20	0
1789516869	375ed15c064b	parallel	test-suite-cleanup.sh	ok	5	0
1789516919	375ed15c064b	parallel	test-suites.sh	ok	75	0
1789514948	38893b9fa79b	parallel	test-maechen.sh	ok	45	0
1789515001	38893b9fa79b	parallel	test-requeue.sh	red	23	2
1789599754	38937638dd53	parallel	test-verdict.sh	ok	30	0
1789558423	39a5525a948f	parallel	test-citations.sh	ok	20	0
1789558414	39a5525a948f	parallel	test-freshclone.sh	ok	7	0
1789558425	39a5525a948f	parallel	test-bd-update-inflight-guard.sh	ok	21	0
1789558415	39a5525a948f	parallel	test-covers-entries.sh	ok	2	0
1789603003	3a11d4f6815e	parallel	test-batch.sh	ok	10	0
1789602980	3a11d4f6815e	parallel	test-cockpit-queue.sh	ok	21	0
1789602987	3a11d4f6815e	parallel	test-cockpit-unlanded.sh	ok	23	0
1789564795	3a1688d9cfc3	parallel	test-roster-warn.sh	ok	6	0
1789515294	3a9047bbe3dc	parallel	test-cadence.sh	skip	0	0
1789515295	3a9047bbe3dc	parallel	test-gh-intake.sh	ok	18	0
1789515294	3a9047bbe3dc	parallel	test-install-rehearsal.sh	skip	0	0
1789515295	3a9047bbe3dc	parallel	test-testenv-suites.sh	skip	5	0
1789515293	3a9047bbe3dc	parallel	test-suites-timer.sh	red	10	3
1789527739	3b12b83a287d	parallel	test-select.sh	ok	67	0
1789541499	3b26a819ec36	parallel	test-unclaimable-cycle.sh	ok	3	0
1789541513	3b26a819ec36	parallel	test-unclaimable-bead.sh	ok	20	0
1789616584	3bcc7cafe159	parallel	test-mail-sendmail.sh	ok	23	0
1789624018	3cb42e08a9e6	parallel	test-verdict.sh	ok	30	0
1789586101	3ccdfc9c99eb	parallel	test-mail-health.sh	ok	13	0
1789529883	3d1572ea670b	parallel	test-skew-foreign.sh	ok	19	0
1789529881	3d1572ea670b	parallel	test-skew-escalate.sh	ok	20	0
1789529881	3d1572ea670b	parallel	test-skew-check-release.sh	ok	15	0
1789463726	3d1dbaec5cf7	parallel	test-citations.sh	ok	20	0
1789463706	3d1dbaec5cf7	parallel	test-gate-verdict.sh	ok	36	0
1789463709	3d1dbaec5cf7	parallel	test-maechen.sh	ok	43	0
1789463691	3d1dbaec5cf7	parallel	test-cadence.sh	skip	0	0
1789463710	3d1dbaec5cf7	parallel	test-promote.sh	ok	16	0
# literal-ok: measurement data; the configured name is part of a suite FILENAME harvested from this tree, not a label read here.
1789463706	3d1dbaec5cf7	parallel	test-aeon-world-stop.sh	ok	19	0
1789463694	3d1dbaec5cf7	parallel	test-configure.sh	ok	18	0
1789463699	3d1dbaec5cf7	parallel	test-fayth-predicates.sh	ok	23	0
1789463725	3d1dbaec5cf7	parallel	test-review.sh	ok	25	0
1789463710	3d1dbaec5cf7	parallel	test-maechen-trigger.sh	ok	45	0
1789463702	3d1dbaec5cf7	parallel	test-groom-trigger.sh	ok	18	0
1789463692	3d1dbaec5cf7	parallel	test-cockpit-runtime-path.sh	ok	8	0
1789463698	3d1dbaec5cf7	parallel	test-doctor-unit-dup.sh	ok	10	0
1789463713	3d1dbaec5cf7	parallel	test-scope-label.sh	ok	14	0
1789463700	3d1dbaec5cf7	parallel	test-gate-missing-cmd.sh	ok	7	0
1789463685	3d1dbaec5cf7	parallel	test-bd-lock-retry.sh	ok	11	0
1789463699	3d1dbaec5cf7	parallel	test-beads-push-commit.sh	ok	6	0
1789463689	3d1dbaec5cf7	parallel	test-freshclone.sh	ok	7	0
1789463698	3d1dbaec5cf7	parallel	test-doctor-schema.sh	ok	12	0
1789463683	3d1dbaec5cf7	parallel	test-activate.sh	ok	22	0
1789463707	3d1dbaec5cf7	parallel	test-groomer.sh	ok	38	0
1789463690	3d1dbaec5cf7	parallel	test-archivist.sh	ok	51	0
1789463685	3d1dbaec5cf7	parallel	test-batch-maxpar.sh	ok	6	0
1789463716	3d1dbaec5cf7	parallel	test-watchd-unit-name.sh	ok	17	0
1789463708	3d1dbaec5cf7	parallel	test-lanes.sh	ok	27	0
1789463690	3d1dbaec5cf7	parallel	test-budget-drift.sh	ok	3	0
1789463715	3d1dbaec5cf7	parallel	test-unit-name.sh	ok	11	0
1789463716	3d1dbaec5cf7	parallel	test-work-services-exclusion.sh	ok	7	0
1789463714	3d1dbaec5cf7	parallel	test-testenv-image-tag.sh	ok	5	0
1789463710	3d1dbaec5cf7	parallel	test-install-exec.sh	ok	12	0
1789463722	3d1dbaec5cf7	parallel	test-render-memories.sh	ok	25	0
1789463693	3d1dbaec5cf7	parallel	test-conf.sh	ok	24	0
1789463694	3d1dbaec5cf7	parallel	test-containment.sh	ok	22	0
1789463702	3d1dbaec5cf7	parallel	test-host-unit-names.sh	skip	0	0
1789463686	3d1dbaec5cf7	parallel	test-bd-resolve.sh	ok	8	0
1789463713	3d1dbaec5cf7	parallel	test-ready.sh	ok	52	0
1789673549	3d214c354944	parallel	test-verdict.sh	ok	32	0
1789511847	3d230b4b14b3	parallel	test-citations.sh	ok	20	0
1789511825	3d230b4b14b3	parallel	test-gate-verdict.sh	ok	36	0
1789511827	3d230b4b14b3	parallel	test-maechen.sh	ok	43	0
1789511779	3d230b4b14b3	parallel	test-cadence.sh	skip	0	0
1789511848	3d230b4b14b3	parallel	test-timer-templates.sh	ok	126	0
1789511828	3d230b4b14b3	parallel	test-promote.sh	ok	16	0
# literal-ok: measurement data; the configured name is part of a suite FILENAME harvested from this tree, not a label read here.
1789511798	3d230b4b14b3	parallel	test-aeon-world-stop.sh	ok	19	0
1789511855	3d230b4b14b3	parallel	test-owned.sh	ok	18	0
1789511781	3d230b4b14b3	parallel	test-configure.sh	ok	18	0
1789511791	3d230b4b14b3	parallel	test-fayth-predicates.sh	ok	23	0
1789511843	3d230b4b14b3	parallel	test-review.sh	ok	25	0
1789511827	3d230b4b14b3	parallel	test-maechen-trigger.sh	ok	45	0
1789511819	3d230b4b14b3	parallel	test-groom-trigger.sh	ok	18	0
1789511779	3d230b4b14b3	parallel	test-cockpit-runtime-path.sh	ok	8	0
1789511777	3d230b4b14b3	parallel	test-bin-manifest.sh	ok	9	0
1789511791	3d230b4b14b3	parallel	test-doctor-unit-dup.sh	ok	10	0
1789511824	3d230b4b14b3	parallel	test-install-self-test.sh	ok	9	0
1789511832	3d230b4b14b3	parallel	test-scope-label.sh	ok	14	0
1789511819	3d230b4b14b3	parallel	test-gate-missing-cmd.sh	ok	7	0
1789511772	3d230b4b14b3	parallel	test-bd-lock-retry.sh	ok	11	0
1789511787	3d230b4b14b3	parallel	test-beads-push-commit.sh	ok	6	0
1789511923	3d230b4b14b3	parallel	test-artifact-install.sh	ok	15	0
1789511809	3d230b4b14b3	parallel	test-freshclone.sh	ok	7	0
1789511854	3d230b4b14b3	parallel	test-pr-notify.sh	ok	46	0
1789511845	3d230b4b14b3	parallel	test-doctor-enable-drift.sh	ok	21	0
1789511790	3d230b4b14b3	parallel	test-doctor-schema.sh	ok	12	0
1789511770	3d230b4b14b3	parallel	test-activate.sh	ok	22	0
1789511821	3d230b4b14b3	parallel	test-groomer.sh	ok	38	0
1789511777	3d230b4b14b3	parallel	test-archivist.sh	ok	51	0
1789511771	3d230b4b14b3	parallel	test-batch-maxpar.sh	ok	6	0
1789511835	3d230b4b14b3	parallel	test-watchd-unit-name.sh	ok	17	0
1789511786	3d230b4b14b3	parallel	test-doctor-checkout-mode.sh	ok	15	0
1789511825	3d230b4b14b3	parallel	test-lanes.sh	ok	27	0
1789511778	3d230b4b14b3	parallel	test-budget-drift.sh	ok	3	0
1789511859	3d230b4b14b3	parallel	test-watch-notify.sh	ok	84	0
1789511834	3d230b4b14b3	parallel	test-testenv-registry.sh	ok	14	0
1789511834	3d230b4b14b3	parallel	test-unit-name.sh	ok	11	0
1789511836	3d230b4b14b3	parallel	test-work-services-exclusion.sh	ok	7	0
1789511832	3d230b4b14b3	parallel	test-testenv-image-tag.sh	ok	6	0
1789511828	3d230b4b14b3	parallel	test-install-exec.sh	ok	12	0
1789511841	3d230b4b14b3	parallel	test-render-memories.sh	ok	25	0
1789511780	3d230b4b14b3	parallel	test-conf.sh	ok	24	0
1789511782	3d230b4b14b3	parallel	test-containment.sh	ok	22	0
1789511820	3d230b4b14b3	parallel	test-host-unit-names.sh	skip	0	0
1789511772	3d230b4b14b3	parallel	test-bd-resolve.sh	ok	8	0
1789511831	3d230b4b14b3	parallel	test-ready.sh	ok	52	0
1789659232	3db33aec2709	parallel	test-forge-check-status.sh	ok	7	0
1789665648	3db7cc1597cd	parallel	test-lane-ceiling.sh	ok	13	0
1789511234	3decf546402e	parallel	test-runner-deps.sh	ok	9	0
1789511234	3decf546402e	parallel	test-gate-workflow.sh	ok	34	0
1789513924	3e0abae6f994	parallel	test-citations.sh	ok	20	0
1789513866	3e0abae6f994	parallel	test-check5-delivers-check.sh	ok	15	0
1789513827	3e0abae6f994	parallel	test-aeon-ledger.sh	ok	47	0
1789513843	3e0abae6f994	parallel	test-attempts.sh	ok	49	0
# literal-ok: measurement data; the configured name is part of a suite FILENAME harvested from this tree, not a label read here.
1789513844	3e0abae6f994	parallel	test-aeon-world-stop.sh	ok	19	0
1789513783	3e0abae6f994	parallel	test-aeon-lease.sh	ok	15	0
1789513875	3e0abae6f994	parallel	test-ci-park.sh	ok	35	0
1789513781	3e0abae6f994	parallel	test-aeon-dirty-commit.sh	skip	0	0
1789513898	3e0abae6f994	parallel	test-thrash.sh	ok	18	0
1789513815	3e0abae6f994	parallel	test-aeon-prod-dirty.sh	ok	8	0
1789513885	3e0abae6f994	parallel	test-freshclone.sh	ok	7	0
1789513890	3e0abae6f994	parallel	test-gh-run-gate.sh	ok	18	0
1789513816	3e0abae6f994	parallel	test-aeon-resume.sh	ok	13	0
1789513988	3e0abae6f994	parallel	test-ops-closing.sh	ok	44	0
1789513931	3e0abae6f994	parallel	test-requeue.sh	ok	27	0
1789513908	3e0abae6f994	parallel	test-set-state-writers.sh	ok	10	0
1789513860	3e0abae6f994	parallel	test-check4-events.sh	ok	21	0
1789513823	3e0abae6f994	parallel	test-aeon-sweep.sh	ok	13	0
1789513782	3e0abae6f994	parallel	test-aeon-heartbeat.sh	skip	0	0
1789513806	3e0abae6f994	parallel	test-aeon-exit.sh	ok	10	0
1789513921	3e0abae6f994	parallel	test-unmapped-repo-park.sh	ok	5	0
1789513875	3e0abae6f994	parallel	test-cross-repo.sh	ok	8	0
1789513817	3e0abae6f994	parallel	test-aeon-worktree-guard.sh	ok	7	0
1789513912	3e0abae6f994	parallel	test-timeout.sh	ok	22	0
1789513892	3e0abae6f994	parallel	test-aeon-verdict.sh	ok	41	0
1789513877	3e0abae6f994	parallel	test-event.sh	ok	36	0
1789602572	3e29e601cfcd	parallel	test-world-start-honours-ctrl.sh	ok	10	0
1789526160	3e71947fd161	parallel	test-citations.sh	ok	20	0
1789526112	3e71947fd161	parallel	test-check5-delivers-check.sh	ok	15	0
1789526076	3e71947fd161	parallel	test-aeon-ledger.sh	ok	47	0
1789526093	3e71947fd161	parallel	test-attempts.sh	ok	49	0
# literal-ok: measurement data; the configured name is part of a suite FILENAME harvested from this tree, not a label read here.
1789526094	3e71947fd161	parallel	test-aeon-world-stop.sh	ok	19	0
1789526039	3e71947fd161	parallel	test-aeon-lease.sh	ok	15	0
1789526119	3e71947fd161	parallel	test-ci-park.sh	ok	35	0
1789526037	3e71947fd161	parallel	test-aeon-dirty-commit.sh	skip	0	0
1789526137	3e71947fd161	parallel	test-thrash.sh	ok	18	0
1789526066	3e71947fd161	parallel	test-aeon-prod-dirty.sh	ok	8	0
1789526121	3e71947fd161	parallel	test-freshclone.sh	ok	7	0
1789526136	3e71947fd161	parallel	test-strand-ghost-teardown.sh	ok	3	0
1789526132	3e71947fd161	parallel	test-gh-run-gate.sh	ok	18	0
1789526067	3e71947fd161	parallel	test-aeon-resume.sh	ok	13	0
1789526214	3e71947fd161	parallel	test-ops-closing.sh	ok	44	0
1789526166	3e71947fd161	parallel	test-requeue.sh	ok	25	0
1789526145	3e71947fd161	parallel	test-set-state-writers.sh	ok	10	0
1789526107	3e71947fd161	parallel	test-check4-events.sh	ok	21	0
1789526073	3e71947fd161	parallel	test-aeon-sweep.sh	ok	13	0
1789526038	3e71947fd161	parallel	test-aeon-heartbeat.sh	skip	0	0
1789526058	3e71947fd161	parallel	test-aeon-exit.sh	ok	10	0
1789526159	3e71947fd161	parallel	test-unmapped-repo-park.sh	ok	5	0
1789526120	3e71947fd161	parallel	test-cross-repo.sh	ok	8	0
1789526068	3e71947fd161	parallel	test-aeon-worktree-guard.sh	ok	7	0
1789526148	3e71947fd161	parallel	test-timeout.sh	ok	22	0
1789526135	3e71947fd161	parallel	test-aeon-verdict.sh	ok	41	0
1789526122	3e71947fd161	parallel	test-event.sh	ok	36	0
1789539770	3ebda7c9679c	parallel	test-citations.sh	ok	20	0
1789539764	3ebda7c9679c	parallel	test-freshclone.sh	ok	7	0
1789539763	3ebda7c9679c	parallel	test-covers-entries.sh	ok	2	0
1789578151	3f30ffaf3d27	parallel	test-mail-deliver.sh	red	6	1
1789474782	3f58c3221dc2	parallel	test-citations.sh	ok	20	0
1789474460	3f58c3221dc2	parallel	test-check5-delivers-check.sh	ok	15	0
1789474711	3f58c3221dc2	parallel	test-host-reason.sh	ok	24	0
1789474689	3f58c3221dc2	parallel	test-sending-unlanded-guard.sh	ok	10	0
1789474724	3f58c3221dc2	parallel	test-output-visibility.sh	ok	9	0
1789474741	3f58c3221dc2	parallel	test-poison.sh	ok	44	0
1789474425	3f58c3221dc2	parallel	test-aeon-ledger.sh	ok	47	0
1789474567	3f58c3221dc2	parallel	test-incident-cause.sh	ok	2	0
1789474618	3f58c3221dc2	parallel	test-promote.sh	ok	16	0
1789474441	3f58c3221dc2	parallel	test-attempts.sh	ok	49	0
# literal-ok: measurement data; the configured name is part of a suite FILENAME harvested from this tree, not a label read here.
1789474440	3f58c3221dc2	parallel	test-aeon-world-stop.sh	ok	19	0
1789474590	3f58c3221dc2	parallel	test-incident-recur-cause.sh	ok	11	0
1789474520	3f58c3221dc2	parallel	test-census-watermark.sh	ok	11	0
1789474566	3f58c3221dc2	parallel	test-fayth.sh	ok	9	0
1789474387	3f58c3221dc2	parallel	test-aeon-lease.sh	ok	15	0
1789474601	3f58c3221dc2	parallel	test-maechen-blind-window.sh	ok	5	0
1789474704	3f58c3221dc2	parallel	test-worktree-absent.sh	ok	6	0
1789474665	3f58c3221dc2	parallel	test-review.sh	ok	25	0
1789474616	3f58c3221dc2	parallel	test-landed-stays-landed.sh	ok	14	0
1789474761	3f58c3221dc2	parallel	test-suites-fixture-fault.sh	ok	19	0
1789474704	3f58c3221dc2	parallel	test-orphan-test.sh	ok	17	0
1789474496	3f58c3221dc2	parallel	test-builder-qa-proposed.sh	ok	4	0
1789474551	3f58c3221dc2	parallel	test-cockpit-fuse.sh	ok	18	0
1789474565	3f58c3221dc2	parallel	test-fayth-free.sh	ok	10	0
1789474651	3f58c3221dc2	parallel	test-repo.sh	ok	4	0
1789474524	3f58c3221dc2	parallel	test-check2-reclaim.sh	ok	10	0
1789474772	3f58c3221dc2	parallel	test-suites-timeout.sh	ok	23	0
1789474552	3f58c3221dc2	parallel	test-concierge.sh	ok	10	0
1789474703	3f58c3221dc2	parallel	test-unclaimable-cycle.sh	ok	3	0
1789474637	3f58c3221dc2	parallel	test-release.sh	ok	22	0
1789474677	3f58c3221dc2	parallel	test-landing.sh	ok	142	0
1789474467	3f58c3221dc2	parallel	test-ci-park.sh	ok	35	0
1789474702	3f58c3221dc2	parallel	test-unclaimable-bead.sh	ok	16	0
1789474508	3f58c3221dc2	parallel	test-census-blind.sh	red	14	2
1789474564	3f58c3221dc2	parallel	test-elastic-ceiling.sh	ok	13	0
1789474563	3f58c3221dc2	parallel	test-doctor-events-probe.sh	ok	6	0
1789474385	3f58c3221dc2	parallel	test-aeon-dirty-commit.sh	skip	0	0
1789474786	3f58c3221dc2	parallel	test-suites-watchdog-classify.sh	ok	6	0
1789474578	3f58c3221dc2	parallel	test-hold.sh	ok	21	0
1789474741	3f58c3221dc2	parallel	test-suites-confirm-red.sh	ok	18	0
1789474565	3f58c3221dc2	parallel	test-events-nodolt.sh	ok	24	0
1789474559	3f58c3221dc2	parallel	test-destroy-branch.sh	ok	12	0
1789474667	3f58c3221dc2	parallel	test-scope-label.sh	ok	14	0
1789474485	3f58c3221dc2	parallel	test-thrash.sh	ok	18	0
1789474678	3f58c3221dc2	parallel	test-sending-empty-commit.sh	ok	10	0
1789474885	3f58c3221dc2	parallel	test-suites-unreached.sh	ok	10	0
1789474415	3f58c3221dc2	parallel	test-aeon-prod-dirty.sh	ok	8	0
1789474761	3f58c3221dc2	parallel	test-suites-result-files.sh	ok	9	0
1789474735	3f58c3221dc2	parallel	test-slay.sh	ok	47	0
1789474522	3f58c3221dc2	parallel	test-census-events.sh	ok	9	0
1789474689	3f58c3221dc2	parallel	test-sentinel.sh	ok	3	0
1789474468	3f58c3221dc2	parallel	test-freshclone.sh	ok	7	0
1789474545	3f58c3221dc2	parallel	test-check5-body-search.sh	ok	9	0
1789474666	3f58c3221dc2	parallel	test-requeue-cap.sh	ok	2	0
1789474768	3f58c3221dc2	parallel	test-suites-setup-fault.sh	ok	18	0
1789474480	3f58c3221dc2	parallel	test-gh-run-gate.sh	ok	18	0
1789474415	3f58c3221dc2	parallel	test-aeon-resume.sh	ok	13	0
1789474566	3f58c3221dc2	parallel	test-content-landed-empty-branch.sh	ok	10	0
1789474817	3f58c3221dc2	parallel	test-testenv-scratch.sh	ok	15	0
1789474562	3f58c3221dc2	parallel	test-ops-closing.sh	ok	44	0
1789474752	3f58c3221dc2	parallel	test-suites-cluster.sh	ok	17	0
1789474561	3f58c3221dc2	parallel	test-destructive-bead.sh	ok	38	0
1789474636	3f58c3221dc2	parallel	test-livelock.sh	ok	45	0
1789474689	3f58c3221dc2	parallel	test-sentinel-capacity.sh	ok	6	0
1789474579	3f58c3221dc2	parallel	test-install-landref.sh	ok	14	0
1789474588	3f58c3221dc2	parallel	test-check5-nopayload.sh	ok	24	0
1789474630	3f58c3221dc2	parallel	test-reclaim-escalated.sh	ok	10	0
1789474578	3f58c3221dc2	parallel	test-focus-close-guard.sh	ok	19	0
1789474590	3f58c3221dc2	parallel	test-lanes.sh	ok	27	0
1789474705	3f58c3221dc2	parallel	test-budget-drift.sh	ok	3	0
1789474709	3f58c3221dc2	parallel	test-superseded.sh	ok	18	0
1789474510	3f58c3221dc2	parallel	test-requeue.sh	ok	27	0
1789474650	3f58c3221dc2	parallel	test-repo-label.sh	ok	15	0
1789474558	3f58c3221dc2	parallel	test-check8-progressed.sh	ok	4	0
1789474650	3f58c3221dc2	parallel	test-reclaim-slay-branch-guard.sh	ok	23	0
1789474492	3f58c3221dc2	parallel	test-set-state-writers.sh	ok	10	0
1789474454	3f58c3221dc2	parallel	test-check4-events.sh	ok	21	0
1789474423	3f58c3221dc2	parallel	test-aeon-sweep.sh	ok	13	0
1789474547	3f58c3221dc2	parallel	test-check5-content-landed.sh	ok	12	0
1789474386	3f58c3221dc2	parallel	test-aeon-heartbeat.sh	skip	0	0
1789474544	3f58c3221dc2	parallel	test-check5-drop.sh	ok	13	0
1789474680	3f58c3221dc2	parallel	test-sending-squash-merged.sh	ok	9	0
1789474649	3f58c3221dc2	parallel	test-render-memories.sh	ok	25	0
1789474712	3f58c3221dc2	parallel	test-suite-cleanup.sh	ok	5	0
1789474796	3f58c3221dc2	parallel	test-testdb-failsafe.sh	ok	48	0
1789474553	3f58c3221dc2	parallel	test-containment.sh	ok	22	0
1789474408	3f58c3221dc2	parallel	test-aeon-exit.sh	ok	10	0
1789474606	3f58c3221dc2	parallel	test-now.sh	ok	88	0
1789474503	3f58c3221dc2	parallel	test-unmapped-repo-park.sh	ok	4	0
1789474467	3f58c3221dc2	parallel	test-cross-repo.sh	ok	8	0
1789474416	3f58c3221dc2	parallel	test-aeon-worktree-guard.sh	ok	7	0
1789474495	3f58c3221dc2	parallel	test-timeout.sh	ok	22	0
1789474484	3f58c3221dc2	parallel	test-aeon-verdict.sh	ok	41	0
1789474563	3f58c3221dc2	parallel	test-drain-expiry.sh	ok	13	0
1789474589	3f58c3221dc2	parallel	test-lane-ceiling.sh	ok	9	0
1789474820	3f58c3221dc2	parallel	test-suites.sh	ok	73	0
1789474470	3f58c3221dc2	parallel	test-event.sh	ok	36	0
1789599431	3fd3dc6e00e6	parallel	test-install-dolt-mode.sh	ok	7	0
1789666321	3fec1758db12	parallel	test-cockpit-queue.sh	ok	18	0
1789666350	3fec1758db12	parallel	test-cockpit-queue-section.sh	ok	21	0
1789666329	3fec1758db12	parallel	test-cockpit-unlanded.sh	ok	11	0
1789567781	40e3d12966ec	parallel	test-census.sh	ok	25	0
1789599119	41497c0a05c5	parallel	test-dependents.sh	ok	10	0
1789576889	4330e9b2eb6d	parallel	test-citations.sh	ok	20	0
1789576811	4330e9b2eb6d	parallel	test-gate-verdict.sh	ok	36	0
1789576793	4330e9b2eb6d	parallel	test-doctor-bd-tag.sh	ok	16	0
1789576857	4330e9b2eb6d	parallel	test-maechen.sh	red	44	1
1789576735	4330e9b2eb6d	parallel	test-cadence.sh	skip	0	0
1789576863	4330e9b2eb6d	parallel	test-promote.sh	ok	19	0
# literal-ok: measurement data; the configured name is part of a suite FILENAME harvested from this tree, not a label read here.
1789576734	4330e9b2eb6d	parallel	test-aeon-world-stop.sh	ok	19	0
1789576793	4330e9b2eb6d	parallel	test-doctor-goal.sh	ok	8	0
1789576860	4330e9b2eb6d	parallel	test-priority-bands.sh	ok	6	0
1789576784	4330e9b2eb6d	parallel	test-configure.sh	ok	18	0
1789576796	4330e9b2eb6d	parallel	test-fayth-predicates.sh	ok	22	0
1789576889	4330e9b2eb6d	parallel	test-review.sh	ok	25	0
1789576866	4330e9b2eb6d	parallel	test-maechen-trigger.sh	ok	48	0
1789576816	4330e9b2eb6d	parallel	test-groom-trigger.sh	ok	18	0
1789576780	4330e9b2eb6d	parallel	test-cockpit-runtime-path.sh	ok	8	0
1789576733	4330e9b2eb6d	parallel	test-bin-manifest.sh	ok	9	0
1789576798	4330e9b2eb6d	parallel	test-doctor-unit-dup.sh	ok	10	0
1789576856	4330e9b2eb6d	parallel	test-install-self-test.sh	ok	9	0
1789576871	4330e9b2eb6d	parallel	test-scope-label.sh	ok	14	0
1789576751	4330e9b2eb6d	parallel	test-cockpit-mouse.sh	ok	7	0
1789576800	4330e9b2eb6d	parallel	test-gate-missing-cmd.sh	ok	7	0
1789576715	4330e9b2eb6d	parallel	test-bd-lock-retry.sh	ok	11	0
1789576751	4330e9b2eb6d	parallel	test-beads-push-commit.sh	ok	6	0
1789576891	4330e9b2eb6d	parallel	test-artifact-install.sh	ok	15	0
1789576800	4330e9b2eb6d	parallel	test-freshclone.sh	ok	7	0
1789576798	4330e9b2eb6d	parallel	test-doctor-schema.sh	ok	12	0
1789576870	4330e9b2eb6d	parallel	test-loop-readonly.sh	ok	11	0
1789576709	4330e9b2eb6d	parallel	test-activate.sh	ok	22	0
1789576820	4330e9b2eb6d	parallel	test-groomer.sh	ok	38	0
1789576722	4330e9b2eb6d	parallel	test-archivist.sh	ok	51	0
1789576712	4330e9b2eb6d	parallel	test-batch-maxpar.sh	ok	6	0
1789576876	4330e9b2eb6d	parallel	test-watchd-unit-name.sh	ok	17	0
1789576793	4330e9b2eb6d	parallel	test-doctor-checkout-mode.sh	ok	15	0
1789576855	4330e9b2eb6d	parallel	test-lanes.sh	ok	27	0
1789576734	4330e9b2eb6d	parallel	test-budget-drift.sh	ok	3	0
1789576859	4330e9b2eb6d	parallel	test-mail.sh	ok	40	0
1789576874	4330e9b2eb6d	parallel	test-testenv-registry.sh	ok	14	0
1789576881	4330e9b2eb6d	parallel	test-covers-entries.sh	ok	2	0
1789576875	4330e9b2eb6d	parallel	test-unit-name.sh	ok	11	0
1789576878	4330e9b2eb6d	parallel	test-work-services-exclusion.sh	ok	7	0
1789576872	4330e9b2eb6d	parallel	test-testenv-image-tag.sh	ok	6	0
1789576853	4330e9b2eb6d	parallel	test-install-exec.sh	ok	12	0
1789576879	4330e9b2eb6d	parallel	test-render-memories.sh	ok	25	0
1789576784	4330e9b2eb6d	parallel	test-conf.sh	ok	28	0
1789576785	4330e9b2eb6d	parallel	test-containment.sh	ok	22	0
1789576831	4330e9b2eb6d	parallel	test-host-unit-names.sh	skip	0	0
1789576732	4330e9b2eb6d	parallel	test-bd-resolve.sh	ok	8	0
1789576867	4330e9b2eb6d	parallel	test-ready.sh	ok	59	0
1789602449	437b062c6f9a	parallel	test-world-start-revives-watchers.sh	ok	7	0
1789602448	437b062c6f9a	parallel	test-world-start-honours-ctrl.sh	ok	10	0
1789602461	437b062c6f9a	parallel	test-ctrl.sh	ok	45	0
1789604342	44b451a94816	parallel	test-session-hook.sh	ok	94	0
1789511154	44e710314cc4	parallel	test-landing-race.sh	ok	23	0
1789663526	45269e06000c	parallel	test-reclaim-slay-branch-guard.sh	ok	23	0
1789541279	4526c0df8a5c	parallel	test-runner-deps.sh	ok	13	0
1789615733	457f6dc92a25	parallel	test-mail-decision-ask.sh	ok	14	0
1789619964	4580a9799692	parallel	test-concierge.sh	ok	40	0
1789595257	45f72b54b3f3	parallel	test-mail-deliver.sh	ok	10	0
1789595269	45f72b54b3f3	parallel	test-mail-sendmail.sh	ok	16	0
1789595252	45f72b54b3f3	parallel	test-mail-fence.sh	ok	25	0
1789595250	45f72b54b3f3	parallel	test-mail-health.sh	ok	13	0
1789595248	45f72b54b3f3	parallel	test-mail-kinds.sh	ok	44	0
1789595248	45f72b54b3f3	parallel	test-mail.sh	ok	40	0
1789596687	468e78eff691	parallel	test-session-hook.sh	ok	94	0
1789596683	468e78eff691	parallel	test-cockpit-rebuild.sh	ok	21	0
1789596671	468e78eff691	parallel	test-cockpit-layout-conf.sh	ok	3	0
1789522745	470419a61210	parallel	test-install-halt.sh	ok	6	0
1789522746	470419a61210	parallel	test-unit-drift.sh	ok	16	0
1789582274	471123616ac4	parallel	test-gate-base-selection.sh	red	3	2
1789508721	48bcb292b646	parallel	test-citations.sh	ok	20	0
1789508714	48bcb292b646	parallel	test-incident-cause.sh	ok	2	0
1789508759	48bcb292b646	parallel	test-moot-sweep.sh	ok	36	0
1789508755	48bcb292b646	parallel	test-sin-exempt.sh	ok	11	0
1789509026	48bcb292b646	parallel	test-watchtower.sh	ok	153	0
1789508713	48bcb292b646	parallel	test-freshclone.sh	ok	7	0
1789508805	48bcb292b646	parallel	test-watchtower-lapse.sh	ok	29	0
1789508787	48bcb292b646	parallel	test-incident.sh	ok	24	0
1789508739	48bcb292b646	parallel	test-cockpit-dup-refs.sh	ok	19	0
1789508785	48bcb292b646	parallel	test-watch-notify.sh	ok	84	0
1789508773	48bcb292b646	parallel	test-yield.sh	ok	74	0
1789508727	48bcb292b646	parallel	test-cockpit-repo-labels.sh	ok	16	0
1789624875	491caddd1430	serial	test-batch.sh	ok	10	0
1789499676	49cf747a4e75	parallel	test-beads-push-verify.sh	ok	12	0
1789499709	49cf747a4e75	parallel	test-gate-verdict.sh	ok	36	0
1789499710	49cf747a4e75	parallel	test-maechen.sh	ok	43	0
1789499677	49cf747a4e75	parallel	test-cadence.sh	skip	0	0
1789499725	49cf747a4e75	parallel	test-timer-templates.sh	ok	126	0
1789499714	49cf747a4e75	parallel	test-promote.sh	ok	16	0
# literal-ok: measurement data; the configured name is part of a suite FILENAME harvested from this tree, not a label read here.
1789499692	49cf747a4e75	parallel	test-aeon-world-stop.sh	ok	19	0
1789499692	49cf747a4e75	parallel	test-doctor-cargo.sh	ok	11	0
1789499722	49cf747a4e75	parallel	test-owned.sh	ok	18	0
1789499685	49cf747a4e75	parallel	test-configure.sh	ok	18	0
1789499702	49cf747a4e75	parallel	test-fayth-predicates.sh	ok	23	0
1789499734	49cf747a4e75	parallel	test-review.sh	ok	25	0
1789499712	49cf747a4e75	parallel	test-maechen-trigger.sh	ok	45	0
1789499705	49cf747a4e75	parallel	test-groom-trigger.sh	ok	18	0
1789499721	49cf747a4e75	parallel	test-repo.sh	ok	4	0
1789499684	49cf747a4e75	parallel	test-cockpit-runtime-path.sh	ok	8	0
1789499676	49cf747a4e75	parallel	test-bin-manifest.sh	ok	9	0
1789499702	49cf747a4e75	parallel	test-doctor-unit-dup.sh	ok	10	0
1789499688	49cf747a4e75	parallel	test-census-blind.sh	ok	14	0
1789499698	49cf747a4e75	parallel	test-doctor-events-probe.sh	ok	6	0
1789499701	49cf747a4e75	parallel	test-deploy.sh	ok	20	0
1789499723	49cf747a4e75	parallel	test-scope-label.sh	ok	14	0
1789499723	49cf747a4e75	parallel	test-statusline.sh	ok	16	0
1789499703	49cf747a4e75	parallel	test-gate-missing-cmd.sh	ok	7	0
1789499670	49cf747a4e75	parallel	test-bd-lock-retry.sh	ok	11	0
1789499684	49cf747a4e75	parallel	test-beads-push-commit.sh	ok	6	0
1789499817	49cf747a4e75	parallel	test-artifact-install.sh	ok	15	0
1789499703	49cf747a4e75	parallel	test-freshclone.sh	ok	7	0
1789499720	49cf747a4e75	parallel	test-pr-notify.sh	ok	46	0
1789499699	49cf747a4e75	parallel	test-doctor-enable-drift.sh	ok	21	0
1789499696	49cf747a4e75	parallel	test-doctor-dolt.sh	ok	13	0
1789499702	49cf747a4e75	parallel	test-doctor-schema.sh	ok	12	0
1789499669	49cf747a4e75	parallel	test-activate.sh	ok	22	0
1789499704	49cf747a4e75	parallel	test-groomer.sh	ok	38	0
1789499675	49cf747a4e75	parallel	test-archivist.sh	ok	51	0
1789499724	49cf747a4e75	parallel	test-testenv-doctor-check.sh	ok	13	0
1789499669	49cf747a4e75	parallel	test-batch-maxpar.sh	ok	6	0
1789499727	49cf747a4e75	parallel	test-watchd-unit-name.sh	ok	17	0
1789499695	49cf747a4e75	parallel	test-doctor-checkout-mode.sh	ok	15	0
1789499713	49cf747a4e75	parallel	test-focus-close-guard.sh	ok	19	0
1789499709	49cf747a4e75	parallel	test-lanes.sh	ok	27	0
1789499676	49cf747a4e75	parallel	test-budget-drift.sh	ok	3	0
1789499725	49cf747a4e75	parallel	test-unit-name.sh	ok	11	0
1789499728	49cf747a4e75	parallel	test-work-services-exclusion.sh	ok	7	0
1789499724	49cf747a4e75	parallel	test-testenv-image-tag.sh	ok	5	0
1789499711	49cf747a4e75	parallel	test-install-exec.sh	ok	12	0
1789499728	49cf747a4e75	parallel	test-render-memories.sh	ok	25	0
1789499686	49cf747a4e75	parallel	test-conf.sh	ok	24	0
1789499686	49cf747a4e75	parallel	test-containment.sh	ok	22	0
1789499705	49cf747a4e75	parallel	test-host-unit-names.sh	skip	0	0
1789499671	49cf747a4e75	parallel	test-bd-resolve.sh	ok	8	0
1789499717	49cf747a4e75	parallel	test-ready.sh	ok	52	0
1789600562	49e263838de5	parallel	test-pilgrimage.sh	ok	23	0
1789600534	49e263838de5	parallel	test-migrate-ask.sh	ok	14	0
1789539541	4a21d8cf4525	parallel	test-landed-stays-landed.sh	ok	14	0
1789539514	4a21d8cf4525	parallel	test-aeon-sweep.sh	ok	13	0
1789539572	4a21d8cf4525	parallel	test-aeon-verdict.sh	ok	41	0
1789598780	4af4568f44b2	parallel	test-bead-lint.sh	ok	10	0
1789531081	4b24993aa1fd	parallel	test-boundary.sh	ok	8	0
1789531083	4b24993aa1fd	parallel	test-skew-foreign.sh	ok	19	0
1789531081	4b24993aa1fd	parallel	test-skew-escalate.sh	ok	20	0
1789531081	4b24993aa1fd	parallel	test-skew-check-release.sh	ok	15	0
1789528401	4b43da433dd5	parallel	test-covers-entries.sh	red	0	1
1789453781	4c2190d11db2	parallel	test-events-nodolt.sh	red	5	19
1789520214	4c2f16b05e2a	parallel	test-citations.sh	ok	20	0
1789520123	4c2f16b05e2a	parallel	test-check5-delivers-check.sh	ok	15	0
1789520211	4c2f16b05e2a	parallel	test-sop.sh	ok	113	0
1789520295	4c2f16b05e2a	parallel	test-poison.sh	ok	44	0
1789520087	4c2f16b05e2a	parallel	test-aeon-ledger.sh	ok	47	0
1789520162	4c2f16b05e2a	parallel	test-maechen.sh	ok	45	0
1789520102	4c2f16b05e2a	parallel	test-attempts.sh	ok	49	0
# literal-ok: measurement data; the configured name is part of a suite FILENAME harvested from this tree, not a label read here.
1789520104	4c2f16b05e2a	parallel	test-aeon-world-stop.sh	ok	19	0
1789520049	4c2f16b05e2a	parallel	test-aeon-lease.sh	ok	15	0
1789520130	4c2f16b05e2a	parallel	test-ci-park.sh	ok	35	0
1789520047	4c2f16b05e2a	parallel	test-aeon-dirty-commit.sh	skip	0	0
1789520148	4c2f16b05e2a	parallel	test-thrash.sh	ok	18	0
1789520078	4c2f16b05e2a	parallel	test-aeon-prod-dirty.sh	ok	8	0
1789520132	4c2f16b05e2a	parallel	test-freshclone.sh	ok	7	0
1789520160	4c2f16b05e2a	parallel	test-chamber-repo-labels.sh	ok	6	0
1789520146	4c2f16b05e2a	parallel	test-gh-run-gate.sh	ok	18	0
1789520078	4c2f16b05e2a	parallel	test-aeon-resume.sh	ok	13	0
1789520229	4c2f16b05e2a	parallel	test-ops-closing.sh	ok	44	0
1789520177	4c2f16b05e2a	parallel	test-requeue.sh	ok	25	0
1789520204	4c2f16b05e2a	parallel	test-spike.sh	ok	88	0
1789520159	4c2f16b05e2a	parallel	test-set-state-writers.sh	ok	10	0
1789520119	4c2f16b05e2a	parallel	test-check4-events.sh	ok	21	0
1789520085	4c2f16b05e2a	parallel	test-aeon-sweep.sh	ok	13	0
1789520048	4c2f16b05e2a	parallel	test-aeon-heartbeat.sh	skip	0	0
1789520069	4c2f16b05e2a	parallel	test-aeon-exit.sh	ok	10	0
1789520170	4c2f16b05e2a	parallel	test-unmapped-repo-park.sh	ok	5	0
1789520134	4c2f16b05e2a	parallel	test-cross-repo.sh	ok	8	0
1789520080	4c2f16b05e2a	parallel	test-aeon-worktree-guard.sh	ok	7	0
1789520159	4c2f16b05e2a	parallel	test-timeout.sh	ok	22	0
1789520146	4c2f16b05e2a	parallel	test-aeon-verdict.sh	ok	41	0
1789520133	4c2f16b05e2a	parallel	test-event.sh	ok	36	0
1789657749	4c81dd818288	parallel	test-timer-templates.sh	ok	120	0
1789547484	4cc6f6e1bbef	serial	test-answers-silent-seed.sh	red	7	1
1789554937	4d4255140be3	serial	test-gate-check-stuck.sh	red	2	2
1789601802	4db5f9275fc4	parallel	test-attribution.sh	ok	27	0
1789601794	4db5f9275fc4	parallel	test-verdict.sh	ok	30	0
1789543051	4f03c9ec8677	parallel	test-cockpit-snap-absent.sh	ok	7	0
1789543055	4f03c9ec8677	parallel	test-now.sh	ok	88	0
1789512180	4f498ce32c6f	parallel	test-citations.sh	ok	20	0
1789512155	4f498ce32c6f	parallel	test-gate-verdict.sh	ok	36	0
1789512159	4f498ce32c6f	parallel	test-maechen.sh	ok	43	0
1789512134	4f498ce32c6f	parallel	test-cadence.sh	skip	0	0
1789512182	4f498ce32c6f	parallel	test-timer-templates.sh	ok	126	0
1789512161	4f498ce32c6f	parallel	test-promote.sh	ok	16	0
# literal-ok: measurement data; the configured name is part of a suite FILENAME harvested from this tree, not a label read here.
1789512148	4f498ce32c6f	parallel	test-aeon-world-stop.sh	ok	19	0
1789512187	4f498ce32c6f	parallel	test-owned.sh	ok	18	0
1789512138	4f498ce32c6f	parallel	test-configure.sh	ok	18	0
1789512148	4f498ce32c6f	parallel	test-fayth-predicates.sh	ok	23	0
1789512176	4f498ce32c6f	parallel	test-review.sh	ok	25	0
1789512160	4f498ce32c6f	parallel	test-maechen-trigger.sh	ok	45	0
1789512151	4f498ce32c6f	parallel	test-groom-trigger.sh	ok	18	0
1789512135	4f498ce32c6f	parallel	test-cockpit-runtime-path.sh	ok	8	0
1789512132	4f498ce32c6f	parallel	test-bin-manifest.sh	ok	9	0
1789512147	4f498ce32c6f	parallel	test-doctor-unit-dup.sh	ok	10	0
1789512158	4f498ce32c6f	parallel	test-install-self-test.sh	ok	9	0
1789512165	4f498ce32c6f	parallel	test-scope-label.sh	ok	14	0
1789512150	4f498ce32c6f	parallel	test-gate-missing-cmd.sh	ok	7	0
1789512128	4f498ce32c6f	parallel	test-bd-lock-retry.sh	ok	11	0
1789512143	4f498ce32c6f	parallel	test-beads-push-commit.sh	ok	6	0
1789512276	4f498ce32c6f	parallel	test-artifact-install.sh	ok	15	0
1789512154	4f498ce32c6f	parallel	test-freshclone.sh	ok	7	0
1789512186	4f498ce32c6f	parallel	test-pr-notify.sh	ok	46	0
1789512177	4f498ce32c6f	parallel	test-doctor-enable-drift.sh	ok	21	0
1789512146	4f498ce32c6f	parallel	test-doctor-schema.sh	ok	12	0
1789512125	4f498ce32c6f	parallel	test-activate.sh	ok	22	0
1789512152	4f498ce32c6f	parallel	test-groomer.sh	ok	38	0
1789512131	4f498ce32c6f	parallel	test-archivist.sh	ok	51	0
1789512127	4f498ce32c6f	parallel	test-batch-maxpar.sh	ok	6	0
1789512169	4f498ce32c6f	parallel	test-watchd-unit-name.sh	ok	17	0
1789512142	4f498ce32c6f	parallel	test-doctor-checkout-mode.sh	ok	15	0
1789512156	4f498ce32c6f	parallel	test-lanes.sh	ok	27	0
1789512133	4f498ce32c6f	parallel	test-budget-drift.sh	ok	3	0
1789512193	4f498ce32c6f	parallel	test-watch-notify.sh	ok	84	0
1789512167	4f498ce32c6f	parallel	test-testenv-registry.sh	ok	14	0
1789512168	4f498ce32c6f	parallel	test-unit-name.sh	ok	11	0
1789512170	4f498ce32c6f	parallel	test-work-services-exclusion.sh	ok	7	0
1789512166	4f498ce32c6f	parallel	test-testenv-image-tag.sh	ok	6	0
1789512161	4f498ce32c6f	parallel	test-install-exec.sh	ok	12	0
1789512173	4f498ce32c6f	parallel	test-render-memories.sh	ok	25	0
1789512136	4f498ce32c6f	parallel	test-conf.sh	ok	24	0
1789512139	4f498ce32c6f	parallel	test-containment.sh	ok	22	0
1789512153	4f498ce32c6f	parallel	test-host-unit-names.sh	skip	0	0
1789512129	4f498ce32c6f	parallel	test-bd-resolve.sh	ok	8	0
1789512163	4f498ce32c6f	parallel	test-ready.sh	ok	52	0
1789457923	51824742fc26	parallel	test-install-unit-directive.sh	red	10	1
1789457928	51824742fc26	parallel	test-install-migrate.sh	red	15	1
1789515166	51871ac6cb77	parallel	test-citations.sh	ok	20	0
1789515137	51871ac6cb77	parallel	test-sending-unlanded-guard.sh	ok	10	0
1789515124	51871ac6cb77	parallel	test-poison.sh	red	18	26
1789514897	51871ac6cb77	parallel	test-aeon-ledger.sh	red	7	40
1789514998	51871ac6cb77	parallel	test-incident-cause.sh	ok	2	0
1789515041	51871ac6cb77	parallel	test-promote.sh	ok	16	0
1789514918	51871ac6cb77	parallel	test-attempts.sh	red	48	1
1789515025	51871ac6cb77	parallel	test-incident-recur-cause.sh	ok	11	0
1789514934	51871ac6cb77	parallel	test-census-watermark.sh	ok	11	0
1789514871	51871ac6cb77	parallel	test-scratch-fence.sh	ok	15	0
1789514996	51871ac6cb77	parallel	test-fayth.sh	ok	9	0
1789514881	51871ac6cb77	parallel	test-aeon-lease.sh	red	14	1
1789515038	51871ac6cb77	parallel	test-maechen-blind-window.sh	ok	5	0
1789515155	51871ac6cb77	parallel	test-worktree-absent.sh	ok	6	0
1789515122	51871ac6cb77	parallel	test-review.sh	ok	25	0
1789515023	51871ac6cb77	parallel	test-landed-stays-landed.sh	red	12	2
1789514878	51871ac6cb77	parallel	test-literal-lint.sh	ok	31	0
1789514875	51871ac6cb77	parallel	test-orphan-test.sh	ok	17	0
1789515160	51871ac6cb77	parallel	test-suites-containment.sh	skip	0	0
1789514906	51871ac6cb77	parallel	test-builder-qa-proposed.sh	ok	4	0
1789514976	51871ac6cb77	parallel	test-cockpit-fuse.sh	ok	18	0
1789514994	51871ac6cb77	parallel	test-fayth-free.sh	ok	10	0
1789515090	51871ac6cb77	parallel	test-repo.sh	ok	4	0
1789514940	51871ac6cb77	parallel	test-check2-reclaim.sh	ok	10	0
1789515167	51871ac6cb77	parallel	test-testenv-stdin.sh	skip	5	0
1789514978	51871ac6cb77	parallel	test-concierge.sh	ok	10	0
1789515153	51871ac6cb77	parallel	test-unclaimable-cycle.sh	ok	3	0
1789515077	51871ac6cb77	parallel	test-release.sh	ok	22	0
1789515135	51871ac6cb77	parallel	test-landing.sh	ok	142	0
1789514983	51871ac6cb77	parallel	test-ci-park.sh	red	19	16
1789515158	51871ac6cb77	parallel	test-unclaimable-bead.sh	ok	16	0
1789514921	51871ac6cb77	parallel	test-census-blind.sh	ok	14	0
1789514990	51871ac6cb77	parallel	test-elastic-ceiling.sh	ok	13	0
1789514991	51871ac6cb77	parallel	test-doctor-events-probe.sh	ok	11	0
1789515010	51871ac6cb77	parallel	test-hold.sh	ok	21	0
1789514994	51871ac6cb77	parallel	test-events-nodolt.sh	ok	24	0
1789514984	51871ac6cb77	parallel	test-destroy-branch.sh	ok	12	0
1789515117	51871ac6cb77	parallel	test-scope-label.sh	ok	14	0
1789515142	51871ac6cb77	parallel	test-thrash.sh	ok	18	0
1789515173	51871ac6cb77	parallel	test-testenv-mode.sh	skip	3	0
1789515128	51871ac6cb77	parallel	test-sending-empty-commit.sh	red	6	4
1789515186	51871ac6cb77	parallel	test-slay.sh	ok	47	0
1789514932	51871ac6cb77	parallel	test-census-events.sh	ok	9	0
1789514894	51871ac6cb77	parallel	test-sop-lint.sh	ok	28	0
1789515143	51871ac6cb77	parallel	test-sentinel.sh	ok	3	0
1789514869	51871ac6cb77	parallel	test-freshclone.sh	ok	7	0
1789514952	51871ac6cb77	parallel	test-check5-body-search.sh	red	7	2
1789515104	51871ac6cb77	parallel	test-requeue-cap.sh	red	1	1
1789514992	51871ac6cb77	parallel	test-content-landed-empty-branch.sh	red	7	3
1789514987	51871ac6cb77	parallel	test-destructive-bead.sh	ok	38	0
1789515075	51871ac6cb77	parallel	test-livelock.sh	ok	45	0
1789514872	51871ac6cb77	parallel	test-select.sh	ok	46	0
1789515140	51871ac6cb77	parallel	test-sentinel-capacity.sh	ok	6	0
1789515159	51871ac6cb77	parallel	test-batch-maxpar.sh	ok	6	0
1789515159	51871ac6cb77	parallel	test-parallel-isolation.sh	skip	0	0
1789514866	51871ac6cb77	parallel	test-requires.sh	skip-req	0	0
1789515003	51871ac6cb77	parallel	test-install-landref.sh	ok	14	0
1789514981	51871ac6cb77	parallel	test-check5-nopayload.sh	red	12	12
1789515165	51871ac6cb77	parallel	test-testenv-batch.sh	skip	11	0
1789515058	51871ac6cb77	parallel	test-reclaim-escalated.sh	ok	10	0
1789515010	51871ac6cb77	parallel	test-focus-close-guard.sh	ok	19	0
1789515014	51871ac6cb77	parallel	test-lanes.sh	ok	27	0
1789515152	51871ac6cb77	parallel	test-superseded.sh	red	9	9
1789515115	51871ac6cb77	parallel	test-requeue.sh	red	9	18
1789515088	51871ac6cb77	parallel	test-repo-label.sh	ok	15	0
1789514979	51871ac6cb77	parallel	test-check8-progressed.sh	ok	4	0
1789515085	51871ac6cb77	parallel	test-reclaim-slay-branch-guard.sh	ok	23	0
1789514965	51871ac6cb77	parallel	test-check4-events.sh	red	17	4
1789515168	51871ac6cb77	parallel	test-testenv-suites.sh	skip	5	0
1789514908	51871ac6cb77	parallel	test-aeon-sweep.sh	red	10	3
1789515168	51871ac6cb77	parallel	test-testenv-timeout.sh	skip	0	0
1789514959	51871ac6cb77	parallel	test-check5-content-landed.sh	red	10	2
1789514879	51871ac6cb77	parallel	test-aeon-heartbeat.sh	skip	0	0
1789514970	51871ac6cb77	parallel	test-check5-drop.sh	red	10	3
1789515164	51871ac6cb77	parallel	test-testenv-batch-fence.sh	ok	20	0
1789515132	51871ac6cb77	parallel	test-sending-squash-merged.sh	red	5	4
1789515093	51871ac6cb77	parallel	test-render-memories.sh	ok	25	0
1789514873	51871ac6cb77	parallel	test-suite-cleanup.sh	ok	5	0
1789514980	51871ac6cb77	parallel	test-containment.sh	red	12	10
1789514905	51871ac6cb77	parallel	test-aeon-exit.sh	ok	10	0
1789515033	51871ac6cb77	parallel	test-now.sh	ok	88	0
1789515165	51871ac6cb77	parallel	test-unmapped-repo-park.sh	ok	5	0
1789514994	51871ac6cb77	parallel	test-cross-repo.sh	red	3	5
1789515154	51871ac6cb77	parallel	test-timeout.sh	ok	22	0
1789514989	51871ac6cb77	parallel	test-drain-expiry.sh	ok	13	0
1789515012	51871ac6cb77	parallel	test-lane-ceiling.sh	ok	9	0
1789514961	51871ac6cb77	parallel	test-suites.sh	ok	75	0
1789515000	51871ac6cb77	parallel	test-event.sh	red	14	22
1789587372	51ae0dd2ca4b	parallel	test-gate-retry.sh	ok	11	0
1789587386	51ae0dd2ca4b	parallel	test-gate-check-red-twice.sh	ok	7	0
1789582307	51b419432d29	parallel	test-concierge.sh	ok	20	0
1789471637	520599b86c07	parallel	test-citations.sh	ok	20	0
1789471379	520599b86c07	parallel	test-check5-delivers-check.sh	ok	15	0
1789471611	520599b86c07	parallel	test-sending-unlanded-guard.sh	ok	10	0
1789471664	520599b86c07	parallel	test-poison.sh	ok	44	0
1789471344	520599b86c07	parallel	test-aeon-ledger.sh	ok	47	0
1789471488	520599b86c07	parallel	test-incident-cause.sh	ok	2	0
1789471539	520599b86c07	parallel	test-promote.sh	ok	16	0
1789471360	520599b86c07	parallel	test-attempts.sh	ok	49	0
# literal-ok: measurement data; the configured name is part of a suite FILENAME harvested from this tree, not a label read here.
1789471359	520599b86c07	parallel	test-aeon-world-stop.sh	ok	19	0
1789471509	520599b86c07	parallel	test-incident-recur-cause.sh	ok	11	0
1789471440	520599b86c07	parallel	test-census-watermark.sh	ok	11	0
1789471487	520599b86c07	parallel	test-fayth.sh	ok	9	0
1789471305	520599b86c07	parallel	test-aeon-lease.sh	ok	15	0
1789471522	520599b86c07	parallel	test-maechen-blind-window.sh	ok	5	0
1789471626	520599b86c07	parallel	test-worktree-absent.sh	ok	6	0
1789471587	520599b86c07	parallel	test-review.sh	ok	25	0
1789471537	520599b86c07	parallel	test-landed-stays-landed.sh	ok	14	0
1789471658	520599b86c07	parallel	test-suites-fixture-fault.sh	ok	19	0
1789471626	520599b86c07	parallel	test-orphan-test.sh	ok	17	0
1789471416	520599b86c07	parallel	test-builder-qa-proposed.sh	ok	4	0
1789471472	520599b86c07	parallel	test-cockpit-fuse.sh	ok	18	0
1789471486	520599b86c07	parallel	test-fayth-free.sh	ok	10	0
1789471572	520599b86c07	parallel	test-repo.sh	ok	4	0
1789471444	520599b86c07	parallel	test-check2-reclaim.sh	ok	10	0
1789471473	520599b86c07	parallel	test-concierge.sh	ok	10	0
1789471625	520599b86c07	parallel	test-unclaimable-cycle.sh	ok	3	0
1789471558	520599b86c07	parallel	test-release.sh	ok	22	0
1789471599	520599b86c07	parallel	test-landing.sh	ok	142	0
1789471386	520599b86c07	parallel	test-ci-park.sh	ok	35	0
1789471624	520599b86c07	parallel	test-unclaimable-bead.sh	ok	16	0
1789471428	520599b86c07	parallel	test-census-blind.sh	red	14	2
1789471485	520599b86c07	parallel	test-elastic-ceiling.sh	ok	13	0
1789471484	520599b86c07	parallel	test-doctor-events-probe.sh	ok	6	0
1789471303	520599b86c07	parallel	test-aeon-dirty-commit.sh	skip	0	0
1789471498	520599b86c07	parallel	test-hold.sh	ok	21	0
1789471486	520599b86c07	parallel	test-events-nodolt.sh	ok	24	0
1789471480	520599b86c07	parallel	test-destroy-branch.sh	ok	12	0
1789471588	520599b86c07	parallel	test-scope-label.sh	ok	14	0
1789471404	520599b86c07	parallel	test-thrash.sh	ok	18	0
1789471599	520599b86c07	parallel	test-sending-empty-commit.sh	ok	10	0
1789471333	520599b86c07	parallel	test-aeon-prod-dirty.sh	ok	8	0
1789471656	520599b86c07	parallel	test-slay.sh	ok	47	0
1789471442	520599b86c07	parallel	test-census-events.sh	ok	9	0
1789471611	520599b86c07	parallel	test-sentinel.sh	ok	3	0
1789471387	520599b86c07	parallel	test-freshclone.sh	ok	7	0
1789471465	520599b86c07	parallel	test-check5-body-search.sh	ok	9	0
1789471587	520599b86c07	parallel	test-requeue-cap.sh	ok	2	0
1789471399	520599b86c07	parallel	test-gh-run-gate.sh	ok	18	0
1789471334	520599b86c07	parallel	test-aeon-resume.sh	ok	13	0
1789471487	520599b86c07	parallel	test-content-landed-empty-branch.sh	ok	10	0
1789471681	520599b86c07	parallel	test-testenv-scratch.sh	ok	15	0
1789471483	520599b86c07	parallel	test-ops-closing.sh	ok	44	0
1789471482	520599b86c07	parallel	test-destructive-bead.sh	ok	38	0
1789471557	520599b86c07	parallel	test-livelock.sh	ok	45	0
1789471610	520599b86c07	parallel	test-sentinel-capacity.sh	ok	6	0
1789471499	520599b86c07	parallel	test-install-landref.sh	ok	14	0
1789471509	520599b86c07	parallel	test-check5-nopayload.sh	ok	24	0
1789471551	520599b86c07	parallel	test-reclaim-escalated.sh	ok	10	0
1789471499	520599b86c07	parallel	test-focus-close-guard.sh	ok	19	0
1789471511	520599b86c07	parallel	test-lanes.sh	ok	27	0
1789471631	520599b86c07	parallel	test-superseded.sh	ok	18	0
1789471430	520599b86c07	parallel	test-requeue.sh	ok	27	0
1789471571	520599b86c07	parallel	test-repo-label.sh	ok	15	0
1789471479	520599b86c07	parallel	test-check8-progressed.sh	ok	4	0
1789471571	520599b86c07	parallel	test-reclaim-slay-branch-guard.sh	ok	23	0
1789471412	520599b86c07	parallel	test-set-state-writers.sh	ok	10	0
1789471373	520599b86c07	parallel	test-check4-events.sh	ok	21	0
1789471342	520599b86c07	parallel	test-aeon-sweep.sh	ok	13	0
1789471467	520599b86c07	parallel	test-check5-content-landed.sh	ok	12	0
1789471304	520599b86c07	parallel	test-aeon-heartbeat.sh	skip	0	0
1789471464	520599b86c07	parallel	test-check5-drop.sh	ok	13	0
1789471601	520599b86c07	parallel	test-sending-squash-merged.sh	ok	9	0
1789471570	520599b86c07	parallel	test-render-memories.sh	ok	25	0
1789471651	520599b86c07	parallel	test-testdb-failsafe.sh	ok	48	0
1789471474	520599b86c07	parallel	test-containment.sh	ok	22	0
1789471326	520599b86c07	parallel	test-aeon-exit.sh	ok	10	0
1789471527	520599b86c07	parallel	test-now.sh	ok	88	0
1789471422	520599b86c07	parallel	test-unmapped-repo-park.sh	ok	4	0
1789471386	520599b86c07	parallel	test-cross-repo.sh	ok	8	0
1789471335	520599b86c07	parallel	test-aeon-worktree-guard.sh	ok	7	0
1789471415	520599b86c07	parallel	test-timeout.sh	ok	22	0
1789471403	520599b86c07	parallel	test-aeon-verdict.sh	ok	41	0
1789471484	520599b86c07	parallel	test-drain-expiry.sh	ok	13	0
1789471510	520599b86c07	parallel	test-lane-ceiling.sh	ok	9	0
1789471389	520599b86c07	parallel	test-event.sh	ok	36	0
1789623100	5294e35a46ba	parallel	test-incident-dedup.sh	ok	8	0
1789522684	52f46890de6e	parallel	test-doctor-enable-drift.sh	ok	23	0
1789527417	53cec7f6ace7	parallel	test-install-unit-directive.sh	ok	11	0
1789527410	53cec7f6ace7	parallel	test-cadence.sh	skip	0	0
1789527414	53cec7f6ace7	parallel	test-doctor-unit-dup.sh	ok	10	0
1789527425	53cec7f6ace7	parallel	test-install-migrate.sh	ok	16	0
1789527411	53cec7f6ace7	parallel	test-world-timer-names.sh	ok	11	0
1789527434	53cec7f6ace7	parallel	test-install-instance.sh	ok	20	0
1789527420	53cec7f6ace7	parallel	test-install-conflicts.sh	ok	21	0
1789527410	53cec7f6ace7	parallel	test-watchd-unit-name.sh	ok	17	0
1789527416	53cec7f6ace7	parallel	test-watch-refresh.sh	ok	81	0
1789527414	53cec7f6ace7	parallel	test-work-services-exclusion.sh	ok	7	0
1789527423	53cec7f6ace7	parallel	test-install-exec.sh	ok	12	0
1789527410	53cec7f6ace7	parallel	test-host-unit-names.sh	skip	0	0
1789527409	53cec7f6ace7	parallel	test-watch-unit-restart.sh	ok	5	0
1789527418	53cec7f6ace7	parallel	test-unit-drift.sh	ok	16	0
1789505727	5451f3bcee54	parallel	test-gh-intake.sh	ok	13	0
1789675561	5536bbb071ad	parallel	test-suites-hygiene.sh	ok	15	0
1789670772	5541a21a2778	parallel	test-cockpit-collector-tmp.sh	ok	8	0
1789665055	561a045bc6aa	parallel	test-deploy.sh	ok	61	0
1789523469	56d146347a7d	parallel	test-check5-delivers-check.sh	ok	15	0
1789523433	56d146347a7d	parallel	test-aeon-ledger.sh	ok	47	0
1789523448	56d146347a7d	parallel	test-attempts.sh	ok	49	0
# literal-ok: measurement data; the configured name is part of a suite FILENAME harvested from this tree, not a label read here.
1789523449	56d146347a7d	parallel	test-aeon-world-stop.sh	ok	19	0
1789523392	56d146347a7d	parallel	test-aeon-lease.sh	ok	15	0
1789523477	56d146347a7d	parallel	test-ci-park.sh	ok	35	0
1789523389	56d146347a7d	parallel	test-aeon-dirty-commit.sh	skip	0	0
1789523493	56d146347a7d	parallel	test-thrash.sh	ok	18	0
1789523423	56d146347a7d	parallel	test-aeon-prod-dirty.sh	ok	8	0
1789523479	56d146347a7d	parallel	test-freshclone.sh	ok	7	0
1789523491	56d146347a7d	parallel	test-gh-run-gate.sh	ok	18	0
1789523424	56d146347a7d	parallel	test-aeon-resume.sh	ok	13	0
1789523571	56d146347a7d	parallel	test-ops-closing.sh	ok	44	0
1789523521	56d146347a7d	parallel	test-requeue.sh	ok	25	0
1789523504	56d146347a7d	parallel	test-set-state-writers.sh	ok	10	0
1789523464	56d146347a7d	parallel	test-check4-events.sh	ok	21	0
1789523430	56d146347a7d	parallel	test-aeon-sweep.sh	ok	13	0
1789523391	56d146347a7d	parallel	test-aeon-heartbeat.sh	skip	0	0
1789523414	56d146347a7d	parallel	test-aeon-exit.sh	ok	10	0
1789523514	56d146347a7d	parallel	test-unmapped-repo-park.sh	ok	5	0
1789523477	56d146347a7d	parallel	test-cross-repo.sh	ok	8	0
1789523425	56d146347a7d	parallel	test-aeon-worktree-guard.sh	ok	7	0
1789523504	56d146347a7d	parallel	test-timeout.sh	ok	22	0
1789523492	56d146347a7d	parallel	test-aeon-verdict.sh	ok	41	0
1789523479	56d146347a7d	parallel	test-event.sh	ok	36	0
1789499643	57ddf4baa3ed	parallel	test-beads-push-verify.sh	ok	12	0
1789499643	57ddf4baa3ed	parallel	test-timer-templates.sh	ok	126	0
1789499654	57ddf4baa3ed	parallel	test-beads-push-commit.sh	ok	6	0
1789499645	57ddf4baa3ed	parallel	test-doctor-checkout-mode.sh	ok	15	0
1789559349	58203219e3b4	parallel	test-census-events.sh	ok	12	0
1789453141	584858fa86f5	parallel	test-requeue.sh	ok	27	0
1789506639	58643aecd9dd	parallel	test-suites.sh	ok	75	0
1789617772	587740c4ed2a	serial	test-testenv-scratch.sh	ok	15	0
1789584829	5945d4c9e59c	parallel	test-mail-deliver.sh	ok	10	0
1789584822	5945d4c9e59c	parallel	test-mail.sh	ok	40	0
1789560916	59c5b2adc3e3	parallel	test-strand-truncated.sh	ok	12	0
1789583694	59e64d5622cc	parallel	test-gate-check-flaky.sh	ok	5	0
1789585870	5a55aa697c26	parallel	test-mail-health.sh	ok	13	0
1789605397	5ab06cee3b21	parallel	test-unit-restart-limits.sh	ok	6	0
1789619781	5ab63acefe2d	serial	test-concierge.sh	ok	40	0
1789605381	5b0e3a5767b4	parallel	test-watchd-prune.sh	ok	13	0
1789603660	5b1221b15757	parallel	test-gate-workflow.sh	ok	56	0
1789480517	5b6ca9f900ae	parallel	test-citations.sh	ok	20	0
1789480518	5b6ca9f900ae	parallel	test-sop.sh	ok	113	0
1789480608	5b6ca9f900ae	parallel	test-poison.sh	ok	44	0
1789480476	5b6ca9f900ae	parallel	test-fayth-predicates.sh	ok	23	0
1789480474	5b6ca9f900ae	parallel	test-builder-qa-proposed.sh	ok	4	0
1789480475	5b6ca9f900ae	parallel	test-fayth-free.sh	ok	10	0
1789480478	5b6ca9f900ae	parallel	test-scope-label.sh	ok	14	0
1789480519	5b6ca9f900ae	parallel	test-freshclone.sh	ok	7	0
1789480475	5b6ca9f900ae	parallel	test-chamber-repo-labels.sh	ok	6	0
1789480507	5b6ca9f900ae	parallel	test-bd-stdin.sh	ok	6	0
1789480523	5b6ca9f900ae	parallel	test-livelock.sh	ok	45	0
1789480506	5b6ca9f900ae	parallel	test-spike.sh	ok	88	0
1789480520	5b6ca9f900ae	parallel	test-testenv-batch-fence.sh	ok	20	0
1789625201	5bc3d37c6a4d	parallel	test-certify.sh	ok	15	0
1789625187	5bc3d37c6a4d	parallel	test-batch.sh	red	24	5
1789625176	5bc3d37c6a4d	parallel	test-attribution.sh	ok	27	0
1789600989	5becb23b4071	parallel	test-certify.sh	ok	14	0
1789601375	5becb23b4071	parallel	test-poison.sh	ok	44	0
1789601089	5becb23b4071	parallel	test-incident-recur-cause.sh	ok	16	0
1789601343	5becb23b4071	parallel	test-strand-partition.sh	ok	18	0
1789601295	5becb23b4071	parallel	test-sin-exempt.sh	ok	11	0
1789601184	5becb23b4071	parallel	test-pilgrimage.sh	ok	23	0
1789601223	5becb23b4071	parallel	test-landing.sh	ok	147	0
1789601341	5becb23b4071	parallel	test-strand-lock.sh	ok	3	0
1789601153	5becb23b4071	parallel	test-migrate-ask.sh	ok	14	0
1789601054	5becb23b4071	parallel	test-incident-dedup.sh	ok	8	0
1789601387	5becb23b4071	parallel	test-suites-red-dedup.sh	ok	6	0
1789601297	5becb23b4071	parallel	test-skew-escalate.sh	ok	19	0
1789601260	5becb23b4071	parallel	test-sentinel.sh	ok	3	0
1789601250	5becb23b4071	parallel	test-requeue-cap.sh	ok	6	0
1789601421	5becb23b4071	parallel	test-verify-asks.sh	ok	22	0
1789601148	5becb23b4071	parallel	test-incident.sh	ok	21	0
1789601339	5becb23b4071	parallel	test-strand-capacity.sh	ok	5	0
1789601403	5becb23b4071	parallel	test-superseded.sh	ok	18	0
1789601151	5becb23b4071	parallel	test-mail.sh	ok	41	0
1789601433	5becb23b4071	parallel	test-watch-notify.sh	ok	118	0
1789601337	5becb23b4071	parallel	test-spike.sh	ok	88	0
1789601000	5becb23b4071	parallel	test-check4-events.sh	ok	21	0
1789601077	5becb23b4071	parallel	test-incident-recur-bounded.sh	ok	6	0
1789601415	5becb23b4071	parallel	test-unmapped-repo-park.sh	ok	5	0
1789601403	5becb23b4071	parallel	test-timeout.sh	ok	22	0
1789600999	5becb23b4071	parallel	test-event.sh	ok	36	0
1789515083	5c47e5d4933d	parallel	test-requeue.sh	red	23	2
1789603475	5c573541b6a5	parallel	test-census-watermark.sh	red	1	12
1789603505	5c573541b6a5	parallel	test-requeue-cap.sh	red	3	3
1789603489	5c573541b6a5	parallel	test-census.sh	red	5	16
1789668150	5c5aa0ba3c72	parallel	test-census-events.sh	ok	18	0
1789508569	5d540a8d0980	parallel	test-watchtower.sh	ok	153	0
1789508363	5d540a8d0980	parallel	test-watchtower-lapse.sh	ok	29	0
1789548086	5d770fd79c5d	parallel	test-artifact-install.sh	ok	15	0
1789565527	5dedfc379fc0	parallel	test-skew-foreign.sh	ok	19	0
1789565525	5dedfc379fc0	parallel	test-skew-escalate.sh	ok	20	0
1789565525	5dedfc379fc0	parallel	test-skew-check-release.sh	ok	15	0
1789580633	5e5c7b0938c4	parallel	test-citations.sh	ok	20	0
1789580596	5e5c7b0938c4	parallel	test-gate-verdict.sh	ok	36	0
1789580630	5e5c7b0938c4	parallel	test-testenv-systemctl.sh	skip	0	0
1789580609	5e5c7b0938c4	parallel	test-mail-deliver.sh	ok	7	0
1789580582	5e5c7b0938c4	parallel	test-doctor-bd-tag.sh	ok	16	0
1789580602	5e5c7b0938c4	parallel	test-maechen.sh	red	44	1
1789580572	5e5c7b0938c4	parallel	test-cadence.sh	skip	0	0
1789580646	5e5c7b0938c4	parallel	test-timer-templates.sh	ok	126	0
1789580613	5e5c7b0938c4	parallel	test-promote.sh	ok	19	0
# literal-ok: measurement data; the configured name is part of a suite FILENAME harvested from this tree, not a label read here.
1789580585	5e5c7b0938c4	parallel	test-aeon-world-stop.sh	ok	19	0
1789580585	5e5c7b0938c4	parallel	test-doctor-goal.sh	ok	8	0
1789580611	5e5c7b0938c4	parallel	test-priority-bands.sh	ok	6	0
1789580644	5e5c7b0938c4	parallel	test-owned.sh	ok	18	0
1789580576	5e5c7b0938c4	parallel	test-configure.sh	ok	18	0
1789580587	5e5c7b0938c4	parallel	test-fayth-predicates.sh	ok	22	0
1789580628	5e5c7b0938c4	parallel	test-review.sh	ok	25	0
1789580610	5e5c7b0938c4	parallel	test-maechen-trigger.sh	ok	48	0
1789580592	5e5c7b0938c4	parallel	test-groom-trigger.sh	ok	18	0
1789580573	5e5c7b0938c4	parallel	test-cockpit-runtime-path.sh	ok	8	0
1789580570	5e5c7b0938c4	parallel	test-bin-manifest.sh	ok	9	0
1789580589	5e5c7b0938c4	parallel	test-doctor-unit-dup.sh	ok	10	0
1789580597	5e5c7b0938c4	parallel	test-install-self-test.sh	ok	9	0
1789580617	5e5c7b0938c4	parallel	test-scope-label.sh	ok	14	0
1789580572	5e5c7b0938c4	parallel	test-cockpit-mouse.sh	ok	7	0
1789580590	5e5c7b0938c4	parallel	test-gate-missing-cmd.sh	ok	7	0
1789580565	5e5c7b0938c4	parallel	test-bd-lock-retry.sh	ok	11	0
1789580580	5e5c7b0938c4	parallel	test-beads-push-commit.sh	ok	6	0
1789580720	5e5c7b0938c4	parallel	test-artifact-install.sh	ok	15	0
1789580590	5e5c7b0938c4	parallel	test-freshclone.sh	ok	7	0
1789580646	5e5c7b0938c4	parallel	test-pr-notify.sh	ok	46	0
1789580636	5e5c7b0938c4	parallel	test-doctor-enable-drift.sh	ok	23	0
1789580587	5e5c7b0938c4	parallel	test-doctor-schema.sh	ok	12	0
1789580613	5e5c7b0938c4	parallel	test-loop-readonly.sh	ok	11	0
1789580562	5e5c7b0938c4	parallel	test-activate.sh	ok	22	0
1789580593	5e5c7b0938c4	parallel	test-groomer.sh	ok	38	0
1789580569	5e5c7b0938c4	parallel	test-archivist.sh	ok	51	0
1789580631	5e5c7b0938c4	parallel	test-testenv.sh	skip	0	0
1789580629	5e5c7b0938c4	parallel	test-testenv-doctor-check.sh	ok	13	0
1789580564	5e5c7b0938c4	parallel	test-batch-maxpar.sh	ok	6	0
1789580628	5e5c7b0938c4	parallel	test-install-rehearsal.sh	skip	0	0
1789580621	5e5c7b0938c4	parallel	test-watchd-unit-name.sh	ok	17	0
1789580583	5e5c7b0938c4	parallel	test-doctor-checkout-mode.sh	ok	15	0
1789580598	5e5c7b0938c4	parallel	test-lanes.sh	ok	27	0
1789580571	5e5c7b0938c4	parallel	test-budget-drift.sh	ok	3	0
1789580611	5e5c7b0938c4	parallel	test-mail.sh	ok	40	0
1789580646	5e5c7b0938c4	parallel	test-watch-notify.sh	ok	118	0
1789580619	5e5c7b0938c4	parallel	test-testenv-registry.sh	ok	14	0
1789580627	5e5c7b0938c4	parallel	test-covers-entries.sh	ok	2	0
1789580620	5e5c7b0938c4	parallel	test-unit-name.sh	ok	11	0
1789580623	5e5c7b0938c4	parallel	test-work-services-exclusion.sh	ok	7	0
1789580618	5e5c7b0938c4	parallel	test-testenv-image-tag.sh	ok	6	0
1789580601	5e5c7b0938c4	parallel	test-install-exec.sh	ok	12	0
1789580625	5e5c7b0938c4	parallel	test-render-memories.sh	ok	25	0
1789580575	5e5c7b0938c4	parallel	test-conf.sh	ok	28	0
1789580577	5e5c7b0938c4	parallel	test-containment.sh	ok	22	0
1789580593	5e5c7b0938c4	parallel	test-host-unit-names.sh	skip	0	0
1789580566	5e5c7b0938c4	parallel	test-bd-resolve.sh	ok	8	0
1789580616	5e5c7b0938c4	parallel	test-ready.sh	ok	59	0
1789688451	5eb63b8eaec0	parallel	test-attribution.sh	ok	27	0
1789604369	5f588b53e27b	parallel	test-cockpit.sh	ok	22	0
1789661124	5f9fb76caa4c	parallel	test-landing-modes.sh	ok	11	0
1789550611	5fa6f83c51b5	serial	test-gate-check-stuck.sh	red	2	2
1789581713	5fd1fb38249a	parallel	test-citations.sh	ok	20	0
1789581674	5fd1fb38249a	parallel	test-gate-verdict.sh	ok	36	0
1789581658	5fd1fb38249a	parallel	test-doctor-bd-tag.sh	ok	16	0
1789581680	5fd1fb38249a	parallel	test-maechen.sh	red	44	1
1789581643	5fd1fb38249a	parallel	test-cadence.sh	skip	0	0
1789581685	5fd1fb38249a	parallel	test-promote.sh	ok	19	0
# literal-ok: measurement data; the configured name is part of a suite FILENAME harvested from this tree, not a label read here.
1789581658	5fd1fb38249a	parallel	test-aeon-world-stop.sh	ok	19	0
1789581663	5fd1fb38249a	parallel	test-doctor-goal.sh	ok	8	0
1789581683	5fd1fb38249a	parallel	test-priority-bands.sh	ok	6	0
1789581651	5fd1fb38249a	parallel	test-configure.sh	ok	18	0
1789581665	5fd1fb38249a	parallel	test-fayth-predicates.sh	ok	22	0
1789581704	5fd1fb38249a	parallel	test-review.sh	ok	25	0
1789581688	5fd1fb38249a	parallel	test-maechen-trigger.sh	ok	48	0
1789581669	5fd1fb38249a	parallel	test-groom-trigger.sh	ok	18	0
1789581645	5fd1fb38249a	parallel	test-cockpit-runtime-path.sh	ok	8	0
1789581641	5fd1fb38249a	parallel	test-bin-manifest.sh	ok	9	0
1789581666	5fd1fb38249a	parallel	test-doctor-unit-dup.sh	ok	10	0
1789581675	5fd1fb38249a	parallel	test-install-self-test.sh	ok	9	0
1789581694	5fd1fb38249a	parallel	test-scope-label.sh	ok	14	0
1789581644	5fd1fb38249a	parallel	test-cockpit-mouse.sh	ok	7	0
1789581668	5fd1fb38249a	parallel	test-gate-missing-cmd.sh	ok	7	0
1789581637	5fd1fb38249a	parallel	test-bd-lock-retry.sh	ok	11	0
1789581656	5fd1fb38249a	parallel	test-beads-push-commit.sh	ok	6	0
1789581790	5fd1fb38249a	parallel	test-artifact-install.sh	ok	15	0
1789581668	5fd1fb38249a	parallel	test-freshclone.sh	ok	7	0
1789581664	5fd1fb38249a	parallel	test-doctor-schema.sh	ok	12	0
1789581692	5fd1fb38249a	parallel	test-loop-readonly.sh	ok	11	0
1789581633	5fd1fb38249a	parallel	test-activate.sh	ok	22	0
1789581670	5fd1fb38249a	parallel	test-groomer.sh	ok	38	0
1789581640	5fd1fb38249a	parallel	test-archivist.sh	ok	51	0
1789581636	5fd1fb38249a	parallel	test-batch-maxpar.sh	ok	6	0
1789581701	5fd1fb38249a	parallel	test-watchd-unit-name.sh	ok	17	0
1789581660	5fd1fb38249a	parallel	test-doctor-checkout-mode.sh	ok	15	0
1789581676	5fd1fb38249a	parallel	test-lanes.sh	ok	27	0
1789581642	5fd1fb38249a	parallel	test-budget-drift.sh	ok	3	0
1789581682	5fd1fb38249a	parallel	test-mail.sh	ok	40	0
1789581698	5fd1fb38249a	parallel	test-testenv-registry.sh	ok	14	0
1789581705	5fd1fb38249a	parallel	test-covers-entries.sh	ok	2	0
1789581699	5fd1fb38249a	parallel	test-unit-name.sh	ok	11	0
1789581702	5fd1fb38249a	parallel	test-work-services-exclusion.sh	ok	7	0
1789581696	5fd1fb38249a	parallel	test-testenv-image-tag.sh	ok	6	0
1789581678	5fd1fb38249a	parallel	test-install-exec.sh	ok	12	0
1789581702	5fd1fb38249a	parallel	test-render-memories.sh	ok	32	0
1789581647	5fd1fb38249a	parallel	test-conf.sh	ok	28	0
1789581653	5fd1fb38249a	parallel	test-containment.sh	ok	22	0
1789581670	5fd1fb38249a	parallel	test-host-unit-names.sh	skip	0	0
1789581638	5fd1fb38249a	parallel	test-bd-resolve.sh	ok	8	0
1789581689	5fd1fb38249a	parallel	test-ready.sh	ok	59	0
1789595431	5ff974d7257c	parallel	test-poison.sh	ok	44	0
1789595292	5ff974d7257c	parallel	test-incident-recur-cause.sh	ok	16	0
1789595328	5ff974d7257c	parallel	test-incident-recur-bounded.sh	ok	6	0
1789479969	60644c57835f	parallel	test-citations.sh	ok	20	0
1789479947	60644c57835f	parallel	test-gate-verdict.sh	ok	36	0
1789479948	60644c57835f	parallel	test-maechen.sh	ok	43	0
1789479921	60644c57835f	parallel	test-cadence.sh	skip	0	0
1789479950	60644c57835f	parallel	test-promote.sh	ok	16	0
# literal-ok: measurement data; the configured name is part of a suite FILENAME harvested from this tree, not a label read here.
1789479937	60644c57835f	parallel	test-aeon-world-stop.sh	ok	19	0
1789479924	60644c57835f	parallel	test-configure.sh	ok	18	0
1789479932	60644c57835f	parallel	test-fayth-predicates.sh	ok	23	0
1789479966	60644c57835f	parallel	test-review.sh	ok	25	0
1789479948	60644c57835f	parallel	test-maechen-trigger.sh	ok	45	0
1789479942	60644c57835f	parallel	test-groom-trigger.sh	ok	18	0
1789479922	60644c57835f	parallel	test-cockpit-runtime-path.sh	ok	8	0
1789479934	60644c57835f	parallel	test-doctor-unit-dup.sh	ok	10	0
1789479954	60644c57835f	parallel	test-scope-label.sh	ok	14	0
1789479941	60644c57835f	parallel	test-gate-missing-cmd.sh	ok	7	0
1789479915	60644c57835f	parallel	test-bd-lock-retry.sh	ok	11	0
1789479930	60644c57835f	parallel	test-beads-push-commit.sh	ok	6	0
1789480064	60644c57835f	parallel	test-artifact-install.sh	ok	15	0
1789479934	60644c57835f	parallel	test-freshclone.sh	ok	7	0
1789479930	60644c57835f	parallel	test-doctor-schema.sh	ok	12	0
1789479912	60644c57835f	parallel	test-activate.sh	ok	22	0
1789479943	60644c57835f	parallel	test-groomer.sh	ok	38	0
1789479919	60644c57835f	parallel	test-archivist.sh	ok	51	0
1789479914	60644c57835f	parallel	test-batch-maxpar.sh	ok	6	0
1789479957	60644c57835f	parallel	test-watchd-unit-name.sh	ok	17	0
1789479945	60644c57835f	parallel	test-lanes.sh	ok	27	0
1789479920	60644c57835f	parallel	test-budget-drift.sh	ok	3	0
1789479956	60644c57835f	parallel	test-unit-name.sh	ok	11	0
1789479959	60644c57835f	parallel	test-work-services-exclusion.sh	ok	7	0
1789479955	60644c57835f	parallel	test-testenv-image-tag.sh	ok	5	0
1789479951	60644c57835f	parallel	test-install-exec.sh	ok	12	0
1789479963	60644c57835f	parallel	test-render-memories.sh	ok	25	0
1789479923	60644c57835f	parallel	test-conf.sh	ok	24	0
1789479926	60644c57835f	parallel	test-containment.sh	ok	22	0
1789479943	60644c57835f	parallel	test-host-unit-names.sh	skip	0	0
1789479916	60644c57835f	parallel	test-bd-resolve.sh	ok	8	0
1789479953	60644c57835f	parallel	test-ready.sh	ok	52	0
1789585304	60ba9e4dda42	parallel	test-session-hook.sh	ok	104	0
1789520232	60f10355d57c	parallel	test-sentinel.sh	ok	3	0
1789520264	60f10355d57c	parallel	test-requeue.sh	ok	27	0
1789520238	60f10355d57c	parallel	test-aeon-sweep.sh	red	11	2
1789582294	61296e04c3c7	parallel	test-maechen.sh	ok	45	0
1789582294	61296e04c3c7	parallel	test-gate-base-selection.sh	ok	5	0
1789658744	6151a5754dba	parallel	test-mail-aeon.sh	ok	23	0
1789582223	6160d4e9c089	parallel	test-gate-verdict.sh	ok	36	0
1789582218	6160d4e9c089	parallel	test-gate-missing-cmd.sh	ok	7	0
1789582217	6160d4e9c089	parallel	test-testenv-batch.sh	skip	11	0
1789582228	6160d4e9c089	parallel	test-gate-tree.sh	ok	14	0
1789582216	6160d4e9c089	parallel	test-gate-base-selection.sh	red	2	3
1789622292	62144b8062a7	serial	test-sending-certified-guard.sh	ok	9	0
1789622301	62144b8062a7	serial	test-batch-certified-orphan.sh	ok	6	0
1789593091	629b02f3678c	parallel	test-ask-help.sh	red	18	10
1789593458	629b02f3678c	parallel	test-poison.sh	ok	44	0
1789593191	629b02f3678c	parallel	test-incident-recur-cause.sh	ok	16	0
1789593426	629b02f3678c	parallel	test-strand-partition.sh	ok	18	0
1789593394	629b02f3678c	parallel	test-sin-exempt.sh	ok	11	0
1789593295	629b02f3678c	parallel	test-pilgrimage.sh	red	15	8
1789593314	629b02f3678c	parallel	test-landing.sh	ok	147	0
1789593425	629b02f3678c	parallel	test-strand-lock.sh	ok	3	0
1789593268	629b02f3678c	parallel	test-migrate-ask.sh	ok	14	0
1789593156	629b02f3678c	parallel	test-incident-dedup.sh	ok	8	0
1789593463	629b02f3678c	parallel	test-suites-red-dedup.sh	ok	6	0
1789593395	629b02f3678c	parallel	test-skew-escalate.sh	ok	19	0
1789593351	629b02f3678c	parallel	test-sentinel.sh	ok	3	0
1789593339	629b02f3678c	parallel	test-requeue-cap.sh	ok	6	0
1789593512	629b02f3678c	parallel	test-verify-asks.sh	ok	22	0
1789593266	629b02f3678c	parallel	test-incident.sh	ok	21	0
1789593086	629b02f3678c	parallel	test-ask-law.sh	red	1	11
1789593423	629b02f3678c	parallel	test-strand-capacity.sh	ok	5	0
1789593488	629b02f3678c	parallel	test-superseded.sh	ok	18	0
1789593517	629b02f3678c	parallel	test-watch-notify.sh	red	114	4
1789593422	629b02f3678c	parallel	test-spike.sh	ok	88	0
1789593115	629b02f3678c	parallel	test-check4-events.sh	ok	21	0
1789593192	629b02f3678c	parallel	test-incident-recur-bounded.sh	ok	6	0
1789593496	629b02f3678c	parallel	test-unmapped-repo-park.sh	ok	5	0
1789593479	629b02f3678c	parallel	test-timeout.sh	ok	22	0
1789593101	629b02f3678c	parallel	test-event.sh	ok	36	0
1789585391	637ae6476263	parallel	test-session-hook.sh	ok	104	0
1789549267	637c599bbcf2	parallel	test-citations.sh	ok	20	0
1789549260	637c599bbcf2	parallel	test-freshclone.sh	ok	7	0
1789549260	637c599bbcf2	parallel	test-covers-entries.sh	ok	2	0
1789594445	63d07f3d6869	parallel	test-certify.sh	ok	14	0
1789592482	63ee2019c154	parallel	test-mail.sh	ok	40	0
1789565516	648d881e1b56	parallel	test-gate-workflow.sh	ok	37	0
1789695499	656f482d9639	parallel	test-attribution.sh	ok	27	0
1789540589	66b62bc7f708	parallel	test-citations.sh	ok	20	0
1789540534	66b62bc7f708	parallel	test-sending-unlanded-guard.sh	ok	10	0
1789540604	66b62bc7f708	parallel	test-poison.sh	ok	44	0
1789540314	66b62bc7f708	parallel	test-aeon-ledger.sh	ok	47	0
1789540384	66b62bc7f708	parallel	test-incident-cause.sh	ok	2	0
1789540447	66b62bc7f708	parallel	test-promote.sh	ok	16	0
1789540293	66b62bc7f708	parallel	test-attempts.sh	ok	49	0
1789540423	66b62bc7f708	parallel	test-incident-recur-cause.sh	ok	16	0
1789540307	66b62bc7f708	parallel	test-census-watermark.sh	ok	11	0
1789540378	66b62bc7f708	parallel	test-fayth.sh	ok	9	0
1789540274	66b62bc7f708	parallel	test-aeon-lease.sh	ok	15	0
1789540444	66b62bc7f708	parallel	test-maechen-blind-window.sh	ok	5	0
1789540577	66b62bc7f708	parallel	test-worktree-absent.sh	ok	6	0
1789540521	66b62bc7f708	parallel	test-review.sh	ok	25	0
1789540432	66b62bc7f708	parallel	test-landed-stays-landed.sh	ok	14	0
1789540290	66b62bc7f708	parallel	test-builder-qa-proposed.sh	ok	4	0
1789540351	66b62bc7f708	parallel	test-cockpit-fuse.sh	ok	18	0
1789540377	66b62bc7f708	parallel	test-fayth-free.sh	ok	10	0
1789540475	66b62bc7f708	parallel	test-repo.sh	ok	4	0
1789540320	66b62bc7f708	parallel	test-check2-reclaim.sh	ok	10	0
1789540353	66b62bc7f708	parallel	test-concierge.sh	ok	10	0
1789540562	66b62bc7f708	parallel	test-unclaimable-cycle.sh	red	0	3
1789540463	66b62bc7f708	parallel	test-release.sh	ok	22	0
1789540505	66b62bc7f708	parallel	test-landing.sh	ok	142	0
1789540370	66b62bc7f708	parallel	test-ci-park.sh	ok	35	0
1789540574	66b62bc7f708	parallel	test-unclaimable-bead.sh	ok	20	0
1789540304	66b62bc7f708	parallel	test-census-blind.sh	ok	14	0
1789540374	66b62bc7f708	parallel	test-elastic-ceiling.sh	ok	13	0
1789540376	66b62bc7f708	parallel	test-doctor-events-probe.sh	ok	11	0
1789540393	66b62bc7f708	parallel	test-hold.sh	ok	21	0
1789540376	66b62bc7f708	parallel	test-events-nodolt.sh	ok	24	0
1789540368	66b62bc7f708	parallel	test-destroy-branch.sh	ok	12	0
1789540507	66b62bc7f708	parallel	test-scope-label.sh	ok	14	0
1789540546	66b62bc7f708	parallel	test-thrash.sh	ok	18	0
1789540520	66b62bc7f708	parallel	test-sending-empty-commit.sh	ok	10	0
1789540585	66b62bc7f708	parallel	test-slay.sh	ok	47	0
1789540313	66b62bc7f708	parallel	test-census-events.sh	ok	9	0
1789540545	66b62bc7f708	parallel	test-sentinel.sh	ok	3	0
1789540380	66b62bc7f708	parallel	test-freshclone.sh	ok	7	0
1789540343	66b62bc7f708	parallel	test-check5-body-search.sh	ok	9	0
1789540506	66b62bc7f708	parallel	test-requeue-cap.sh	ok	6	0
1789540439	66b62bc7f708	parallel	test-loop-readonly.sh	ok	11	0
1789540367	66b62bc7f708	parallel	test-content-landed-empty-branch.sh	ok	10	0
1789540371	66b62bc7f708	parallel	test-destructive-bead.sh	ok	38	0
1789540448	66b62bc7f708	parallel	test-livelock.sh	ok	45	0
1789540539	66b62bc7f708	parallel	test-sentinel-capacity.sh	ok	6	0
1789540389	66b62bc7f708	parallel	test-install-landref.sh	ok	14	0
1789540387	66b62bc7f708	parallel	test-check5-nopayload.sh	ok	24	0
1789540291	66b62bc7f708	parallel	test-capacity-probe.sh	ok	11	0
1789540461	66b62bc7f708	parallel	test-reclaim-escalated.sh	ok	10	0
1789540391	66b62bc7f708	parallel	test-focus-close-guard.sh	ok	19	0
1789540396	66b62bc7f708	parallel	test-lanes.sh	ok	27	0
1789540561	66b62bc7f708	parallel	test-superseded.sh	ok	18	0
1789540528	66b62bc7f708	parallel	test-requeue.sh	ok	25	0
1789540472	66b62bc7f708	parallel	test-repo-label.sh	ok	15	0
1789540357	66b62bc7f708	parallel	test-check8-progressed.sh	ok	4	0
1789540471	66b62bc7f708	parallel	test-reclaim-slay-branch-guard.sh	ok	23	0
1789540583	66b62bc7f708	parallel	test-covers-entries.sh	ok	2	0
1789540342	66b62bc7f708	parallel	test-check4-events.sh	ok	21	0
1789540289	66b62bc7f708	parallel	test-aeon-sweep.sh	ok	13	0
1789540343	66b62bc7f708	parallel	test-check5-content-landed.sh	ok	12	0
1789540273	66b62bc7f708	parallel	test-aeon-heartbeat.sh	skip	0	0
1789540346	66b62bc7f708	parallel	test-check5-drop.sh	ok	13	0
1789540535	66b62bc7f708	parallel	test-sending-squash-merged.sh	ok	9	0
1789540479	66b62bc7f708	parallel	test-render-memories.sh	ok	25	0
1789540354	66b62bc7f708	parallel	test-containment.sh	ok	22	0
1789540294	66b62bc7f708	parallel	test-aeon-exit.sh	ok	10	0
1789540445	66b62bc7f708	parallel	test-now.sh	ok	88	0
1789540574	66b62bc7f708	parallel	test-unmapped-repo-park.sh	ok	5	0
1789540371	66b62bc7f708	parallel	test-cross-repo.sh	ok	8	0
1789540558	66b62bc7f708	parallel	test-timeout.sh	ok	22	0
1789540373	66b62bc7f708	parallel	test-drain-expiry.sh	ok	13	0
1789540394	66b62bc7f708	parallel	test-lane-ceiling.sh	ok	9	0
1789540383	66b62bc7f708	parallel	test-event.sh	ok	36	0
1789459556	6703e94c498a	parallel	test-citations.sh	ok	20	0
1789459537	6703e94c498a	parallel	test-gate-verdict.sh	ok	36	0
1789459536	6703e94c498a	parallel	test-maechen.sh	ok	43	0
1789459588	6703e94c498a	parallel	test-install-unit-directive.sh	ok	11	0
1789459516	6703e94c498a	parallel	test-cadence.sh	skip	0	0
1789459539	6703e94c498a	parallel	test-promote.sh	ok	16	0
1789459579	6703e94c498a	parallel	test-install-aeons.sh	ok	25	0
# literal-ok: measurement data; the configured name is part of a suite FILENAME harvested from this tree, not a label read here.
1789459531	6703e94c498a	parallel	test-aeon-world-stop.sh	ok	19	0
1789459564	6703e94c498a	parallel	test-install-halt.sh	ok	6	0
1789459518	6703e94c498a	parallel	test-configure.sh	ok	18	0
1789459528	6703e94c498a	parallel	test-fayth-predicates.sh	ok	23	0
1789459593	6703e94c498a	parallel	test-session-hook.sh	ok	93	0
1789459554	6703e94c498a	parallel	test-review.sh	ok	25	0
1789459538	6703e94c498a	parallel	test-maechen-trigger.sh	ok	45	0
1789459532	6703e94c498a	parallel	test-groom-trigger.sh	ok	18	0
1789459511	6703e94c498a	parallel	test-cockpit-runtime-path.sh	ok	8	0
1789459533	6703e94c498a	parallel	test-doctor-unit-dup.sh	ok	10	0
1789459542	6703e94c498a	parallel	test-scope-label.sh	ok	14	0
1789459594	6703e94c498a	parallel	test-install-paths.sh	ok	12	0
1789459530	6703e94c498a	parallel	test-gate-missing-cmd.sh	ok	7	0
1789459513	6703e94c498a	parallel	test-bd-lock-retry.sh	ok	11	0
1789459583	6703e94c498a	parallel	test-install-migrate.sh	ok	16	0
1789459527	6703e94c498a	parallel	test-beads-push-commit.sh	ok	6	0
1789459530	6703e94c498a	parallel	test-freshclone.sh	ok	7	0
1789459512	6703e94c498a	parallel	test-resolve-output.sh	ok	7	0
1789459527	6703e94c498a	parallel	test-doctor-schema.sh	ok	12	0
1789459533	6703e94c498a	parallel	test-groomer.sh	ok	38	0
1789459581	6703e94c498a	parallel	test-install-instance.sh	ok	20	0
1789459514	6703e94c498a	parallel	test-archivist.sh	ok	51	0
1789459594	6703e94c498a	parallel	test-uninstall.sh	ok	23	0
1789459512	6703e94c498a	parallel	test-batch-maxpar.sh	ok	6	0
1789459571	6703e94c498a	parallel	test-install-landref.sh	ok	14	0
1789459581	6703e94c498a	parallel	test-install-rehearsal.sh	skip	0	0
1789459544	6703e94c498a	parallel	test-watchd-unit-name.sh	ok	17	0
1789459535	6703e94c498a	parallel	test-lanes.sh	ok	27	0
1789459515	6703e94c498a	parallel	test-budget-drift.sh	ok	3	0
1789459605	6703e94c498a	parallel	test-watch-notify.sh	ok	84	0
1789459544	6703e94c498a	parallel	test-unit-name.sh	ok	11	0
1789459570	6703e94c498a	parallel	test-install-conf-seed.sh	ok	11	0
1789459580	6703e94c498a	parallel	test-install-idempotent.sh	ok	15	0
1789459546	6703e94c498a	parallel	test-work-services-exclusion.sh	ok	7	0
1789459584	6703e94c498a	parallel	test-suites-timer.sh	ok	13	0
1789459543	6703e94c498a	parallel	test-testenv-image-tag.sh	ok	5	0
1789459541	6703e94c498a	parallel	test-install-exec.sh	ok	12	0
1789459562	6703e94c498a	parallel	test-ctrl.sh	ok	45	0
1789459551	6703e94c498a	parallel	test-render-memories.sh	ok	25	0
1789459517	6703e94c498a	parallel	test-conf.sh	ok	24	0
1789459519	6703e94c498a	parallel	test-containment.sh	ok	22	0
1789459533	6703e94c498a	parallel	test-host-unit-names.sh	skip	0	0
1789459514	6703e94c498a	parallel	test-bd-resolve.sh	ok	8	0
1789459541	6703e94c498a	parallel	test-ready.sh	ok	52	0
1789459597	6703e94c498a	parallel	test-unit-drift.sh	ok	16	0
1789571303	6757fa76ae6b	serial	test-census-watermark.sh	red	10	2
1789516248	67bffabfe65e	parallel	test-incident-delivers-satisfiable.sh	ok	7	0
1789579923	67ed5688d4d6	parallel	test-citations.sh	ok	20	0
1789579799	67ed5688d4d6	parallel	test-gate-verdict.sh	ok	36	0
1789579917	67ed5688d4d6	parallel	test-testenv-systemctl.sh	skip	0	0
1789579854	67ed5688d4d6	parallel	test-mail-deliver.sh	ok	7	0
1789579788	67ed5688d4d6	parallel	test-doctor-bd-tag.sh	ok	16	0
1789579811	67ed5688d4d6	parallel	test-maechen.sh	red	44	1
1789579781	67ed5688d4d6	parallel	test-cadence.sh	skip	0	0
1789579924	67ed5688d4d6	parallel	test-timer-templates.sh	ok	126	0
1789579855	67ed5688d4d6	parallel	test-promote.sh	ok	19	0
# literal-ok: measurement data; the configured name is part of a suite FILENAME harvested from this tree, not a label read here.
1789579725	67ed5688d4d6	parallel	test-aeon-world-stop.sh	ok	19	0
1789579789	67ed5688d4d6	parallel	test-doctor-goal.sh	ok	8	0
1789579814	67ed5688d4d6	parallel	test-priority-bands.sh	ok	6	0
1789579930	67ed5688d4d6	parallel	test-owned.sh	ok	18	0
1789579784	67ed5688d4d6	parallel	test-configure.sh	ok	18	0
1789579790	67ed5688d4d6	parallel	test-fayth-predicates.sh	ok	22	0
1789579900	67ed5688d4d6	parallel	test-review.sh	ok	25	0
1789579812	67ed5688d4d6	parallel	test-maechen-trigger.sh	ok	48	0
1789579794	67ed5688d4d6	parallel	test-groom-trigger.sh	ok	18	0
1789579783	67ed5688d4d6	parallel	test-cockpit-runtime-path.sh	ok	8	0
1789579780	67ed5688d4d6	parallel	test-bin-manifest.sh	ok	9	0
1789579793	67ed5688d4d6	parallel	test-doctor-unit-dup.sh	ok	10	0
1789579800	67ed5688d4d6	parallel	test-install-self-test.sh	ok	9	0
1789579911	67ed5688d4d6	parallel	test-scope-label.sh	ok	14	0
1789579782	67ed5688d4d6	parallel	test-cockpit-mouse.sh	ok	7	0
1789579794	67ed5688d4d6	parallel	test-gate-missing-cmd.sh	ok	7	0
1789579742	67ed5688d4d6	parallel	test-bd-lock-retry.sh	ok	11	0
1789579783	67ed5688d4d6	parallel	test-beads-push-commit.sh	ok	6	0
1789579909	67ed5688d4d6	parallel	test-artifact-install.sh	ok	15	0
1789579792	67ed5688d4d6	parallel	test-freshclone.sh	ok	7	0
1789579931	67ed5688d4d6	parallel	test-pr-notify.sh	ok	46	0
1789579922	67ed5688d4d6	parallel	test-doctor-enable-drift.sh	ok	23	0
1789579792	67ed5688d4d6	parallel	test-doctor-schema.sh	ok	12	0
1789579853	67ed5688d4d6	parallel	test-loop-readonly.sh	ok	11	0
1789579584	67ed5688d4d6	parallel	test-activate.sh	ok	22	0
1789579795	67ed5688d4d6	parallel	test-groomer.sh	ok	38	0
1789579704	67ed5688d4d6	parallel	test-archivist.sh	ok	51	0
1789579917	67ed5688d4d6	parallel	test-testenv.sh	skip	0	0
1789579916	67ed5688d4d6	parallel	test-testenv-doctor-check.sh	ok	13	0
1789579738	67ed5688d4d6	parallel	test-batch-maxpar.sh	ok	6	0
1789579915	67ed5688d4d6	parallel	test-install-rehearsal.sh	skip	0	0
1789579913	67ed5688d4d6	parallel	test-watchd-unit-name.sh	ok	17	0
1789579788	67ed5688d4d6	parallel	test-doctor-checkout-mode.sh	ok	15	0
1789579800	67ed5688d4d6	parallel	test-lanes.sh	ok	27	0
1789579781	67ed5688d4d6	parallel	test-budget-drift.sh	ok	3	0
1789579813	67ed5688d4d6	parallel	test-mail.sh	ok	40	0
1789579933	67ed5688d4d6	parallel	test-watch-notify.sh	ok	118	0
1789579912	67ed5688d4d6	parallel	test-testenv-registry.sh	ok	14	0
1789579916	67ed5688d4d6	parallel	test-covers-entries.sh	ok	2	0
1789579912	67ed5688d4d6	parallel	test-unit-name.sh	ok	11	0
1789579914	67ed5688d4d6	parallel	test-work-services-exclusion.sh	ok	7	0
1789579911	67ed5688d4d6	parallel	test-testenv-image-tag.sh	ok	6	0
1789579809	67ed5688d4d6	parallel	test-install-exec.sh	ok	12	0
1789579910	67ed5688d4d6	parallel	test-render-memories.sh	ok	25	0
1789579784	67ed5688d4d6	parallel	test-conf.sh	ok	28	0
1789579784	67ed5688d4d6	parallel	test-containment.sh	ok	22	0
1789579795	67ed5688d4d6	parallel	test-host-unit-names.sh	skip	0	0
1789579768	67ed5688d4d6	parallel	test-bd-resolve.sh	ok	8	0
1789579864	67ed5688d4d6	parallel	test-ready.sh	ok	59	0
1789528884	685256c46bbd	parallel	test-select.sh	ok	67	0
1789587124	68b2e26ca5e5	parallel	test-gate-retry.sh	ok	11	0
1789584589	69819c0077cf	parallel	test-mail-fence.sh	ok	25	0
1789665000	6a038475ed1c	parallel	test-aeon-fence.sh	ok	20	0
1789665040	6a038475ed1c	parallel	test-batch.sh	ok	36	0
1789665023	6a038475ed1c	parallel	test-concierge.sh	ok	36	0
1789665018	6a038475ed1c	parallel	test-check5-landstate.sh	ok	13	0
1789665048	6a038475ed1c	parallel	test-reclaim-slay-branch-guard.sh	ok	23	0
1789665025	6a038475ed1c	parallel	test-forge-check-status.sh	ok	7	0
1789592053	6a31a1b85d75	parallel	test-ask-help.sh	red	18	10
1789592376	6a31a1b85d75	parallel	test-poison.sh	ok	44	0
1789592147	6a31a1b85d75	parallel	test-incident-recur-cause.sh	ok	16	0
1789592351	6a31a1b85d75	parallel	test-strand-partition.sh	ok	18	0
1789592320	6a31a1b85d75	parallel	test-sin-exempt.sh	ok	11	0
1789592228	6a31a1b85d75	parallel	test-pilgrimage.sh	red	15	8
1789592248	6a31a1b85d75	parallel	test-landing.sh	ok	147	0
1789592350	6a31a1b85d75	parallel	test-strand-lock.sh	ok	3	0
1789592206	6a31a1b85d75	parallel	test-migrate-ask.sh	ok	14	0
1789592114	6a31a1b85d75	parallel	test-incident-dedup.sh	ok	8	0
1789592382	6a31a1b85d75	parallel	test-suites-red-dedup.sh	ok	6	0
1789592321	6a31a1b85d75	parallel	test-skew-escalate.sh	ok	19	0
1789592283	6a31a1b85d75	parallel	test-sentinel.sh	ok	3	0
1789592271	6a31a1b85d75	parallel	test-requeue-cap.sh	ok	6	0
1789592412	6a31a1b85d75	parallel	test-verify-asks.sh	ok	22	0
1789592205	6a31a1b85d75	parallel	test-incident.sh	ok	21	0
1789592048	6a31a1b85d75	parallel	test-ask-law.sh	red	1	11
1789592348	6a31a1b85d75	parallel	test-strand-capacity.sh	ok	5	0
1789592396	6a31a1b85d75	parallel	test-superseded.sh	ok	18	0
1789592420	6a31a1b85d75	parallel	test-watch-notify.sh	red	114	4
1789592347	6a31a1b85d75	parallel	test-spike.sh	ok	88	0
1789592078	6a31a1b85d75	parallel	test-check4-events.sh	ok	21	0
1789592150	6a31a1b85d75	parallel	test-incident-recur-bounded.sh	ok	6	0
1789592404	6a31a1b85d75	parallel	test-unmapped-repo-park.sh	ok	5	0
1789592393	6a31a1b85d75	parallel	test-timeout.sh	ok	22	0
1789592063	6a31a1b85d75	parallel	test-event.sh	ok	36	0
1789572629	6bc944a8a443	parallel	test-citations.sh	ok	20	0
1789572622	6bc944a8a443	parallel	test-freshclone.sh	ok	7	0
1789572622	6bc944a8a443	parallel	test-covers-entries.sh	ok	2	0
1789662776	6bd4f113fc37	parallel	test-landing-race.sh	ok	25	0
1789510178	6c17031f7591	parallel	test-install-self-test.sh	ok	9	0
1789541459	6c40a0f091d6	parallel	test-citations.sh	ok	20	0
1789541450	6c40a0f091d6	parallel	test-runner-deps.sh	ok	13	0
1789541450	6c40a0f091d6	parallel	test-freshclone.sh	ok	7	0
1789541451	6c40a0f091d6	parallel	test-covers-entries.sh	ok	2	0
1789514428	6c941319932d	parallel	test-literal-lint.sh	ok	31	0
1789514410	6c941319932d	parallel	test-select.sh	ok	46	0
1789514475	6c941319932d	parallel	test-suites.sh	ok	75	0
1789511499	6c9dd43e4403	parallel	test-owned.sh	ok	18	0
1789582486	6cb4855125d7	parallel	test-citations.sh	ok	20	0
1789582477	6cb4855125d7	parallel	test-covers-entries.sh	ok	2	0
1789540437	6d400188a9cd	parallel	test-doctor-cargo.sh	ok	11	0
1789540435	6d400188a9cd	parallel	test-doctor-enable-drift.sh	ok	23	0
1789540433	6d400188a9cd	parallel	test-doctor-dolt.sh	ok	13	0
1789540433	6d400188a9cd	parallel	test-doctor-schema.sh	ok	12	0
1789540433	6d400188a9cd	parallel	test-doctor-checkout-mode.sh	ok	15	0
1789479763	6d6753567b85	serial	test-artifact-install.sh	ok	15	0
1789570590	6da01e4cf2aa	parallel	test-cockpit-tiered-collector.sh	ok	32	0
1789570583	6da01e4cf2aa	parallel	test-freshclone.sh	ok	7	0
1789463320	6db0232c78f9	parallel	test-citations.sh	ok	20	0
1789463057	6db0232c78f9	parallel	test-check5-delivers-check.sh	ok	15	0
1789463293	6db0232c78f9	parallel	test-sending-unlanded-guard.sh	ok	10	0
1789463349	6db0232c78f9	parallel	test-poison.sh	ok	44	0
1789463021	6db0232c78f9	parallel	test-aeon-ledger.sh	ok	47	0
1789463175	6db0232c78f9	parallel	test-incident-cause.sh	ok	2	0
1789463223	6db0232c78f9	parallel	test-promote.sh	ok	16	0
1789463036	6db0232c78f9	parallel	test-attempts.sh	ok	49	0
# literal-ok: measurement data; the configured name is part of a suite FILENAME harvested from this tree, not a label read here.
1789463038	6db0232c78f9	parallel	test-aeon-world-stop.sh	ok	19	0
1789463198	6db0232c78f9	parallel	test-incident-recur-cause.sh	ok	11	0
1789463120	6db0232c78f9	parallel	test-census-watermark.sh	ok	11	0
1789463174	6db0232c78f9	parallel	test-fayth.sh	ok	9	0
1789462982	6db0232c78f9	parallel	test-aeon-lease.sh	ok	15	0
1789463210	6db0232c78f9	parallel	test-maechen-blind-window.sh	ok	5	0
1789463310	6db0232c78f9	parallel	test-worktree-absent.sh	ok	6	0
1789463270	6db0232c78f9	parallel	test-review.sh	ok	25	0
1789463221	6db0232c78f9	parallel	test-landed-stays-landed.sh	ok	14	0
1789463095	6db0232c78f9	parallel	test-builder-qa-proposed.sh	ok	4	0
1789463153	6db0232c78f9	parallel	test-cockpit-fuse.sh	ok	18	0
1789463168	6db0232c78f9	parallel	test-fayth-free.sh	ok	10	0
1789463254	6db0232c78f9	parallel	test-repo.sh	ok	4	0
1789463123	6db0232c78f9	parallel	test-check2-reclaim.sh	ok	10	0
1789463154	6db0232c78f9	parallel	test-concierge.sh	ok	10	0
1789463309	6db0232c78f9	parallel	test-unclaimable-cycle.sh	ok	3	0
1789463239	6db0232c78f9	parallel	test-release.sh	ok	22	0
1789463281	6db0232c78f9	parallel	test-landing.sh	ok	142	0
1789463065	6db0232c78f9	parallel	test-ci-park.sh	ok	35	0
1789463308	6db0232c78f9	parallel	test-unclaimable-bead.sh	ok	16	0
1789463108	6db0232c78f9	parallel	test-census-blind.sh	red	13	3
1789463166	6db0232c78f9	parallel	test-elastic-ceiling.sh	ok	13	0
1789463166	6db0232c78f9	parallel	test-doctor-events-probe.sh	ok	6	0
1789462979	6db0232c78f9	parallel	test-aeon-dirty-commit.sh	skip	0	0
1789463181	6db0232c78f9	parallel	test-hold.sh	ok	21	0
1789463168	6db0232c78f9	parallel	test-events-nodolt.sh	ok	24	0
1789463161	6db0232c78f9	parallel	test-destroy-branch.sh	ok	12	0
1789463272	6db0232c78f9	parallel	test-scope-label.sh	ok	14	0
1789463083	6db0232c78f9	parallel	test-thrash.sh	ok	18	0
1789463283	6db0232c78f9	parallel	test-sending-empty-commit.sh	ok	10	0
1789463011	6db0232c78f9	parallel	test-aeon-prod-dirty.sh	ok	8	0
1789463339	6db0232c78f9	parallel	test-slay.sh	ok	47	0
1789463123	6db0232c78f9	parallel	test-census-events.sh	ok	9	0
1789463295	6db0232c78f9	parallel	test-sentinel.sh	ok	3	0
1789463067	6db0232c78f9	parallel	test-freshclone.sh	ok	7	0
1789463145	6db0232c78f9	parallel	test-check5-body-search.sh	ok	9	0
1789463270	6db0232c78f9	parallel	test-requeue-cap.sh	ok	2	0
1789463079	6db0232c78f9	parallel	test-gh-run-gate.sh	ok	18	0
1789463012	6db0232c78f9	parallel	test-aeon-resume.sh	ok	13	0
1789463169	6db0232c78f9	parallel	test-content-landed-empty-branch.sh	ok	10	0
1789463163	6db0232c78f9	parallel	test-ops-closing.sh	ok	44	0
1789463163	6db0232c78f9	parallel	test-destructive-bead.sh	ok	38	0
1789463238	6db0232c78f9	parallel	test-livelock.sh	ok	45	0
1789463294	6db0232c78f9	parallel	test-sentinel-capacity.sh	ok	6	0
1789463183	6db0232c78f9	parallel	test-install-landref.sh	ok	14	0
1789463189	6db0232c78f9	parallel	test-check5-nopayload.sh	ok	24	0
1789463235	6db0232c78f9	parallel	test-reclaim-escalated.sh	ok	10	0
1789463182	6db0232c78f9	parallel	test-focus-close-guard.sh	ok	19	0
1789463191	6db0232c78f9	parallel	test-lanes.sh	ok	27	0
1789463314	6db0232c78f9	parallel	test-superseded.sh	ok	18	0
1789463109	6db0232c78f9	parallel	test-requeue.sh	ok	27	0
1789463253	6db0232c78f9	parallel	test-repo-label.sh	ok	15	0
1789463159	6db0232c78f9	parallel	test-check8-progressed.sh	ok	4	0
1789463255	6db0232c78f9	parallel	test-reclaim-slay-branch-guard.sh	ok	23	0
1789463092	6db0232c78f9	parallel	test-set-state-writers.sh	ok	10	0
1789463052	6db0232c78f9	parallel	test-check4-events.sh	ok	21	0
1789463018	6db0232c78f9	parallel	test-aeon-sweep.sh	ok	13	0
1789463148	6db0232c78f9	parallel	test-check5-content-landed.sh	ok	12	0
1789462981	6db0232c78f9	parallel	test-aeon-heartbeat.sh	skip	0	0
1789463144	6db0232c78f9	parallel	test-check5-drop.sh	ok	13	0
1789463285	6db0232c78f9	parallel	test-sending-squash-merged.sh	ok	9	0
1789463252	6db0232c78f9	parallel	test-render-memories.sh	ok	25	0
1789463156	6db0232c78f9	parallel	test-containment.sh	ok	22	0
1789463002	6db0232c78f9	parallel	test-aeon-exit.sh	ok	10	0
1789463215	6db0232c78f9	parallel	test-now.sh	ok	88	0
1789463103	6db0232c78f9	parallel	test-unmapped-repo-park.sh	ok	4	0
1789463065	6db0232c78f9	parallel	test-cross-repo.sh	ok	8	0
1789463013	6db0232c78f9	parallel	test-aeon-worktree-guard.sh	ok	7	0
1789463094	6db0232c78f9	parallel	test-timeout.sh	ok	22	0
1789463082	6db0232c78f9	parallel	test-aeon-verdict.sh	ok	41	0
1789463165	6db0232c78f9	parallel	test-drain-expiry.sh	ok	13	0
1789463190	6db0232c78f9	parallel	test-lane-ceiling.sh	ok	9	0
1789463067	6db0232c78f9	parallel	test-event.sh	ok	36	0
1789513318	6dcc4148e2cf	parallel	test-auron.sh	ok	63	0
1789452990	6e5397405dd0	parallel	test-requeue.sh	red	21	6
1789603183	6eae32112060	parallel	test-census-events.sh	ok	17	0
1789584517	6eb3b9cba55e	parallel	test-gate-touched.sh	ok	3	0
1789539005	6f23bd53ef91	parallel	test-landed-stays-landed.sh	ok	14	0
1789538976	6f23bd53ef91	parallel	test-aeon-sweep.sh	ok	13	0
1789539038	6f23bd53ef91	parallel	test-aeon-verdict.sh	ok	41	0
1789677724	6f2415a8293f	parallel	test-deploy.sh	ok	31	0
1789677724	6f2415a8293f	parallel	test-lane-ceiling.sh	ok	9	0
1789561549	6f75c9fe521a	parallel	test-doctor-bd-tag.sh	ok	16	0
1789595562	7000c4f4c92d	parallel	test-certify.sh	ok	14	0
1789662903	70811768a15a	parallel	test-aeon-fence.sh	ok	20	0
1789582424	709ee940d1cb	parallel	test-mail.sh	ok	40	0
1789583925	71209c42658e	parallel	test-mail-kinds.sh	ok	44	0
1789583925	71209c42658e	parallel	test-mail.sh	red	38	2
1789458241	71273c37b6bd	parallel	test-citations.sh	ok	20	0
1789458224	71273c37b6bd	parallel	test-gate-verdict.sh	ok	36	0
1789458225	71273c37b6bd	parallel	test-maechen.sh	ok	43	0
1789458271	71273c37b6bd	parallel	test-install-unit-directive.sh	ok	11	0
1789458209	71273c37b6bd	parallel	test-cadence.sh	skip	0	0
1789458226	71273c37b6bd	parallel	test-promote.sh	ok	16	0
1789458264	71273c37b6bd	parallel	test-install-aeons.sh	ok	25	0
# literal-ok: measurement data; the configured name is part of a suite FILENAME harvested from this tree, not a label read here.
1789458230	71273c37b6bd	parallel	test-aeon-world-stop.sh	ok	19	0
1789458249	71273c37b6bd	parallel	test-install-halt.sh	ok	6	0
1789458211	71273c37b6bd	parallel	test-configure.sh	ok	18	0
1789458217	71273c37b6bd	parallel	test-fayth-predicates.sh	ok	23	0
1789458276	71273c37b6bd	parallel	test-session-hook.sh	ok	93	0
1789458242	71273c37b6bd	parallel	test-review.sh	ok	25	0
1789458225	71273c37b6bd	parallel	test-maechen-trigger.sh	ok	45	0
1789458219	71273c37b6bd	parallel	test-groom-trigger.sh	ok	18	0
1789458206	71273c37b6bd	parallel	test-cockpit-runtime-path.sh	ok	8	0
1789458216	71273c37b6bd	parallel	test-doctor-unit-dup.sh	ok	10	0
1789458229	71273c37b6bd	parallel	test-scope-label.sh	ok	14	0
1789458278	71273c37b6bd	parallel	test-install-paths.sh	ok	12	0
1789458218	71273c37b6bd	parallel	test-gate-missing-cmd.sh	ok	7	0
1789458208	71273c37b6bd	parallel	test-bd-lock-retry.sh	ok	11	0
1789458270	71273c37b6bd	parallel	test-install-migrate.sh	red	15	1
1789458220	71273c37b6bd	parallel	test-beads-push-commit.sh	ok	6	0
1789458218	71273c37b6bd	parallel	test-freshclone.sh	ok	7	0
1789458207	71273c37b6bd	parallel	test-resolve-output.sh	ok	7	0
1789458216	71273c37b6bd	parallel	test-doctor-schema.sh	ok	12	0
1789458220	71273c37b6bd	parallel	test-groomer.sh	ok	38	0
1789458266	71273c37b6bd	parallel	test-install-instance.sh	ok	20	0
1789458213	71273c37b6bd	parallel	test-archivist.sh	ok	51	0
1789458280	71273c37b6bd	parallel	test-uninstall.sh	ok	23	0
1789458208	71273c37b6bd	parallel	test-batch-maxpar.sh	ok	6	0
1789458258	71273c37b6bd	parallel	test-install-landref.sh	ok	14	0
1789458265	71273c37b6bd	parallel	test-install-rehearsal.sh	skip	0	0
1789458231	71273c37b6bd	parallel	test-watchd-unit-name.sh	ok	17	0
1789458222	71273c37b6bd	parallel	test-lanes.sh	ok	27	0
1789458209	71273c37b6bd	parallel	test-budget-drift.sh	ok	3	0
1789458288	71273c37b6bd	parallel	test-watch-notify.sh	ok	84	0
1789458231	71273c37b6bd	parallel	test-unit-name.sh	ok	11	0
1789458256	71273c37b6bd	parallel	test-install-conf-seed.sh	ok	11	0
1789458264	71273c37b6bd	parallel	test-install-idempotent.sh	ok	15	0
1789458232	71273c37b6bd	parallel	test-work-services-exclusion.sh	ok	7	0
1789458270	71273c37b6bd	parallel	test-suites-timer.sh	ok	13	0
1789458230	71273c37b6bd	parallel	test-testenv-image-tag.sh	ok	5	0
1789458228	71273c37b6bd	parallel	test-install-exec.sh	ok	12	0
1789458247	71273c37b6bd	parallel	test-ctrl.sh	ok	45	0
1789458238	71273c37b6bd	parallel	test-render-memories.sh	ok	25	0
1789458210	71273c37b6bd	parallel	test-conf.sh	ok	24	0
1789458212	71273c37b6bd	parallel	test-containment.sh	ok	22	0
1789458221	71273c37b6bd	parallel	test-host-unit-names.sh	skip	0	0
1789458209	71273c37b6bd	parallel	test-bd-resolve.sh	ok	8	0
1789458228	71273c37b6bd	parallel	test-ready.sh	ok	52	0
1789458280	71273c37b6bd	parallel	test-unit-drift.sh	ok	16	0
1789597954	71631eaf66be	parallel	test-batch.sh	ok	10	0
1789544327	71fbd43eef69	parallel	test-build-tarball.sh	ok	11	0
1789594181	71fc7220ce60	parallel	test-mail-sendmail.sh	ok	16	0
1789604232	735519254f70	parallel	test-governor-host-cores.sh	red	0	0
1789451477	738061f59378	parallel	test-citations.sh	ok	20	0
1789451450	738061f59378	parallel	test-gate-verdict.sh	ok	36	0
1789451456	738061f59378	parallel	test-maechen.sh	ok	43	0
1789451507	738061f59378	parallel	test-install-unit-directive.sh	red	10	1
1789451432	738061f59378	parallel	test-cadence.sh	skip	0	0
1789451457	738061f59378	parallel	test-promote.sh	ok	16	0
1789451496	738061f59378	parallel	test-install-aeons.sh	ok	25	0
# literal-ok: measurement data; the configured name is part of a suite FILENAME harvested from this tree, not a label read here.
1789451450	738061f59378	parallel	test-aeon-world-stop.sh	ok	19	0
1789451485	738061f59378	parallel	test-install-halt.sh	ok	6	0
1789451435	738061f59378	parallel	test-configure.sh	ok	18	0
1789451440	738061f59378	parallel	test-fayth-predicates.sh	ok	23	0
1789451513	738061f59378	parallel	test-session-hook.sh	ok	93	0
1789451474	738061f59378	parallel	test-review.sh	ok	25	0
1789451456	738061f59378	parallel	test-maechen-trigger.sh	ok	45	0
1789451446	738061f59378	parallel	test-groom-trigger.sh	ok	18	0
1789451426	738061f59378	parallel	test-cockpit-runtime-path.sh	ok	8	0
1789451444	738061f59378	parallel	test-doctor-unit-dup.sh	ok	10	0
1789451462	738061f59378	parallel	test-scope-label.sh	ok	14	0
1789451511	738061f59378	parallel	test-install-paths.sh	ok	12	0
1789451444	738061f59378	parallel	test-gate-missing-cmd.sh	ok	7	0
1789451429	738061f59378	parallel	test-bd-lock-retry.sh	ok	11	0
1789451503	738061f59378	parallel	test-install-migrate.sh	red	15	1
1789451442	738061f59378	parallel	test-beads-push-commit.sh	ok	6	0
1789451442	738061f59378	parallel	test-freshclone.sh	ok	7	0
1789451426	738061f59378	parallel	test-resolve-output.sh	ok	7	0
1789451439	738061f59378	parallel	test-doctor-schema.sh	ok	12	0
1789451446	738061f59378	parallel	test-groomer.sh	ok	38	0
1789451502	738061f59378	parallel	test-install-instance.sh	ok	20	0
1789451433	738061f59378	parallel	test-archivist.sh	ok	51	0
1789451514	738061f59378	parallel	test-uninstall.sh	ok	23	0
1789451428	738061f59378	parallel	test-batch-maxpar.sh	ok	6	0
1789451491	738061f59378	parallel	test-install-landref.sh	ok	14	0
1789451501	738061f59378	parallel	test-install-rehearsal.sh	skip	0	0
1789451466	738061f59378	parallel	test-watchd-unit-name.sh	ok	17	0
1789451452	738061f59378	parallel	test-lanes.sh	ok	27	0
1789451431	738061f59378	parallel	test-budget-drift.sh	ok	3	0
1789451522	738061f59378	parallel	test-watch-notify.sh	ok	84	0
1789451465	738061f59378	parallel	test-unit-name.sh	ok	11	0
1789451489	738061f59378	parallel	test-install-conf-seed.sh	ok	11	0
1789451500	738061f59378	parallel	test-install-idempotent.sh	ok	15	0
1789451467	738061f59378	parallel	test-work-services-exclusion.sh	ok	7	0
1789451503	738061f59378	parallel	test-suites-timer.sh	ok	13	0
1789451464	738061f59378	parallel	test-testenv-image-tag.sh	ok	5	0
1789451455	738061f59378	parallel	test-install-exec.sh	ok	12	0
1789451483	738061f59378	parallel	test-ctrl.sh	ok	45	0
1789451470	738061f59378	parallel	test-render-memories.sh	ok	25	0
1789451433	738061f59378	parallel	test-conf.sh	ok	24	0
1789451435	738061f59378	parallel	test-containment.sh	ok	22	0
1789451447	738061f59378	parallel	test-host-unit-names.sh	skip	0	0
1789451430	738061f59378	parallel	test-bd-resolve.sh	ok	8	0
1789451461	738061f59378	parallel	test-ready.sh	ok	52	0
1789451517	738061f59378	parallel	test-unit-drift.sh	ok	16	0
1789524189	73e6eeefa0d2	parallel	test-suites-fixture-fault.sh	ok	19	0
1789524164	73e6eeefa0d2	parallel	test-incident-delivers-satisfiable.sh	ok	7	0
1789524163	73e6eeefa0d2	parallel	test-cockpit-mouse.sh	ok	7	0
1789522768	73f8c82bd033	parallel	test-citations.sh	ok	20	0
1789522738	73f8c82bd033	parallel	test-check5-delivers-check.sh	ok	15	0
1789522685	73f8c82bd033	parallel	test-sending-unlanded-guard.sh	ok	10	0
1789522739	73f8c82bd033	parallel	test-poison.sh	ok	44	0
1789522487	73f8c82bd033	parallel	test-aeon-ledger.sh	ok	47	0
1789522553	73f8c82bd033	parallel	test-incident-cause.sh	ok	2	0
1789522601	73f8c82bd033	parallel	test-promote.sh	ok	16	0
1789522469	73f8c82bd033	parallel	test-attempts.sh	ok	49	0
1789522585	73f8c82bd033	parallel	test-incident-recur-cause.sh	ok	16	0
1789522482	73f8c82bd033	parallel	test-census-watermark.sh	ok	11	0
1789522546	73f8c82bd033	parallel	test-fayth.sh	ok	9	0
1789522758	73f8c82bd033	parallel	test-check5-sweep-delivers.sh	ok	15	0
1789522448	73f8c82bd033	parallel	test-aeon-lease.sh	ok	15	0
1789522596	73f8c82bd033	parallel	test-maechen-blind-window.sh	ok	5	0
1789522719	73f8c82bd033	parallel	test-worktree-absent.sh	ok	6	0
1789522668	73f8c82bd033	parallel	test-review.sh	ok	25	0
1789522595	73f8c82bd033	parallel	test-landed-stays-landed.sh	ok	14	0
1789522754	73f8c82bd033	parallel	test-check5-landed-assert.sh	ok	11	0
1789522466	73f8c82bd033	parallel	test-builder-qa-proposed.sh	ok	4	0
1789522520	73f8c82bd033	parallel	test-cockpit-fuse.sh	ok	18	0
1789522545	73f8c82bd033	parallel	test-fayth-free.sh	ok	10	0
1789522755	73f8c82bd033	parallel	test-check5-landed-no-delivers.sh	ok	9	0
1789522629	73f8c82bd033	parallel	test-repo.sh	ok	4	0
1789522787	73f8c82bd033	parallel	test-sentinel-escalation-dedup.sh	ok	23	0
1789522493	73f8c82bd033	parallel	test-check2-reclaim.sh	ok	10	0
1789522522	73f8c82bd033	parallel	test-concierge.sh	ok	10	0
1789522706	73f8c82bd033	parallel	test-unclaimable-cycle.sh	ok	3	0
1789522614	73f8c82bd033	parallel	test-release.sh	ok	22	0
1789522655	73f8c82bd033	parallel	test-landing.sh	ok	142	0
1789522540	73f8c82bd033	parallel	test-ci-park.sh	ok	35	0
1789522718	73f8c82bd033	parallel	test-unclaimable-bead.sh	ok	16	0
1789522479	73f8c82bd033	parallel	test-census-blind.sh	ok	14	0
1789522542	73f8c82bd033	parallel	test-elastic-ceiling.sh	ok	13	0
1789522544	73f8c82bd033	parallel	test-doctor-events-probe.sh	ok	11	0
1789522559	73f8c82bd033	parallel	test-hold.sh	ok	21	0
1789522544	73f8c82bd033	parallel	test-events-nodolt.sh	ok	24	0
1789522537	73f8c82bd033	parallel	test-destroy-branch.sh	ok	12	0
1789522657	73f8c82bd033	parallel	test-scope-label.sh	ok	14	0
1789522693	73f8c82bd033	parallel	test-thrash.sh	ok	18	0
1789522758	73f8c82bd033	parallel	test-wire-token.sh	ok	6	0
1789522673	73f8c82bd033	parallel	test-sending-empty-commit.sh	ok	10	0
1789522744	73f8c82bd033	parallel	test-check5-delivers-falls-through.sh	ok	7	0
1789522731	73f8c82bd033	parallel	test-slay.sh	ok	47	0
1789522488	73f8c82bd033	parallel	test-census-events.sh	ok	9	0
1789522691	73f8c82bd033	parallel	test-sentinel.sh	ok	3	0
1789522548	73f8c82bd033	parallel	test-freshclone.sh	ok	7	0
1789522511	73f8c82bd033	parallel	test-check5-body-search.sh	ok	9	0
1789522654	73f8c82bd033	parallel	test-requeue-cap.sh	ok	6	0
1789522767	73f8c82bd033	parallel	test-gh-run-gate.sh	ok	18	0
1789522536	73f8c82bd033	parallel	test-content-landed-empty-branch.sh	ok	10	0
1789522539	73f8c82bd033	parallel	test-destructive-bead.sh	ok	38	0
1789522609	73f8c82bd033	parallel	test-livelock.sh	ok	45	0
1789522684	73f8c82bd033	parallel	test-sentinel-capacity.sh	ok	6	0
1789522557	73f8c82bd033	parallel	test-install-landref.sh	ok	14	0
1789522555	73f8c82bd033	parallel	test-check5-nopayload.sh	ok	24	0
1789522467	73f8c82bd033	parallel	test-capacity-probe.sh	ok	11	0
1789522613	73f8c82bd033	parallel	test-reclaim-escalated.sh	ok	10	0
1789522558	73f8c82bd033	parallel	test-focus-close-guard.sh	ok	19	0
1789522562	73f8c82bd033	parallel	test-lanes.sh	ok	27	0
1789522705	73f8c82bd033	parallel	test-superseded.sh	ok	18	0
1789522672	73f8c82bd033	parallel	test-requeue.sh	ok	25	0
1789522628	73f8c82bd033	parallel	test-repo-label.sh	ok	15	0
1789522527	73f8c82bd033	parallel	test-check8-progressed.sh	ok	4	0
1789522630	73f8c82bd033	parallel	test-reclaim-slay-branch-guard.sh	ok	23	0
1789522511	73f8c82bd033	parallel	test-check4-events.sh	ok	21	0
1789522465	73f8c82bd033	parallel	test-aeon-sweep.sh	ok	13	0
1789522513	73f8c82bd033	parallel	test-check5-content-landed.sh	ok	12	0
1789522447	73f8c82bd033	parallel	test-aeon-heartbeat.sh	skip	0	0
1789522513	73f8c82bd033	parallel	test-check5-drop.sh	ok	13	0
1789522682	73f8c82bd033	parallel	test-sending-squash-merged.sh	ok	9	0
1789522626	73f8c82bd033	parallel	test-render-memories.sh	ok	25	0
1789522523	73f8c82bd033	parallel	test-containment.sh	ok	22	0
1789522469	73f8c82bd033	parallel	test-aeon-exit.sh	ok	10	0
1789522600	73f8c82bd033	parallel	test-now.sh	ok	88	0
1789522768	73f8c82bd033	parallel	test-content-landed-no-reopen.sh	ok	10	0
1789522723	73f8c82bd033	parallel	test-unmapped-repo-park.sh	ok	5	0
1789522540	73f8c82bd033	parallel	test-cross-repo.sh	ok	8	0
1789522704	73f8c82bd033	parallel	test-timeout.sh	ok	22	0
1789522542	73f8c82bd033	parallel	test-drain-expiry.sh	ok	13	0
1789522560	73f8c82bd033	parallel	test-lane-ceiling.sh	ok	9	0
1789522552	73f8c82bd033	parallel	test-event.sh	ok	36	0
1789524838	73f9d11dab71	parallel	test-testenv-tmux-isolation.sh	ok	3	0
1789549475	74378a2fb253	parallel	test-install-unit-directive.sh	ok	11	0
1789547841	749aaa63e1ed	parallel	test-citations.sh	ok	20	0
1789547838	749aaa63e1ed	parallel	test-answers-silent-seed.sh	ok	8	0
1789547853	749aaa63e1ed	parallel	test-ask-suit.sh	ok	22	0
1789547830	749aaa63e1ed	parallel	test-cockpit-runtime-path.sh	ok	8	0
1789547842	749aaa63e1ed	parallel	test-freshclone.sh	ok	7	0
1789547840	749aaa63e1ed	parallel	test-covers-entries.sh	ok	2	0
1789547841	749aaa63e1ed	parallel	test-answers-premise-rejected.sh	ok	17	0
1789584205	74e73042ed14	parallel	test-citations.sh	ok	20	0
1789584093	74e73042ed14	parallel	test-gate-verdict.sh	ok	36	0
1789584193	74e73042ed14	parallel	test-gate-check-stuck.sh	ok	4	0
1789584046	74e73042ed14	parallel	test-doctor-bd-tag.sh	ok	16	0
1789584148	74e73042ed14	parallel	test-maechen.sh	ok	45	0
1789584036	74e73042ed14	parallel	test-cadence.sh	skip	0	0
1789584153	74e73042ed14	parallel	test-promote.sh	ok	19	0
# literal-ok: measurement data; the configured name is part of a suite FILENAME harvested from this tree, not a label read here.
1789584017	74e73042ed14	parallel	test-aeon-world-stop.sh	ok	19	0
1789584053	74e73042ed14	parallel	test-doctor-goal.sh	ok	8	0
1789584151	74e73042ed14	parallel	test-priority-bands.sh	ok	6	0
1789584040	74e73042ed14	parallel	test-configure.sh	ok	18	0
1789584063	74e73042ed14	parallel	test-fayth-predicates.sh	ok	22	0
1789584180	74e73042ed14	parallel	test-review.sh	ok	25	0
1789584146	74e73042ed14	parallel	test-maechen-trigger.sh	ok	48	0
1789584094	74e73042ed14	parallel	test-groom-trigger.sh	ok	18	0
1789584038	74e73042ed14	parallel	test-cockpit-runtime-path.sh	ok	8	0
1789584034	74e73042ed14	parallel	test-bin-manifest.sh	ok	9	0
1789584062	74e73042ed14	parallel	test-doctor-unit-dup.sh	ok	10	0
1789584108	74e73042ed14	parallel	test-install-self-test.sh	ok	9	0
1789584175	74e73042ed14	parallel	test-scope-label.sh	ok	14	0
1789584037	74e73042ed14	parallel	test-cockpit-mouse.sh	ok	7	0
1789584081	74e73042ed14	parallel	test-gate-missing-cmd.sh	ok	7	0
1789584019	74e73042ed14	parallel	test-bd-lock-retry.sh	ok	11	0
1789584033	74e73042ed14	parallel	test-beads-push-commit.sh	ok	6	0
1789584152	74e73042ed14	parallel	test-artifact-install.sh	ok	15	0
1789584065	74e73042ed14	parallel	test-freshclone.sh	ok	7	0
1789584058	74e73042ed14	parallel	test-doctor-schema.sh	ok	12	0
1789584126	74e73042ed14	parallel	test-loop-readonly.sh	ok	11	0
1789584207	74e73042ed14	parallel	test-gh-run-gate.sh	ok	18	0
1789583994	74e73042ed14	parallel	test-activate.sh	ok	22	0
1789584095	74e73042ed14	parallel	test-groomer.sh	ok	38	0
1789584000	74e73042ed14	parallel	test-archivist.sh	ok	51	0
1789584018	74e73042ed14	parallel	test-batch-maxpar.sh	ok	6	0
1789584181	74e73042ed14	parallel	test-watchd-unit-name.sh	ok	17	0
1789584050	74e73042ed14	parallel	test-doctor-checkout-mode.sh	ok	15	0
1789584109	74e73042ed14	parallel	test-lanes.sh	ok	27	0
1789584035	74e73042ed14	parallel	test-budget-drift.sh	ok	3	0
1789584150	74e73042ed14	parallel	test-mail.sh	ok	40	0
1789584178	74e73042ed14	parallel	test-testenv-registry.sh	ok	14	0
1789584207	74e73042ed14	parallel	test-covers-entries.sh	ok	2	0
1789584179	74e73042ed14	parallel	test-unit-name.sh	ok	11	0
1789584182	74e73042ed14	parallel	test-work-services-exclusion.sh	ok	7	0
1789584193	74e73042ed14	parallel	test-gate-discover-branch.sh	ok	5	0
1789584176	74e73042ed14	parallel	test-testenv-image-tag.sh	ok	6	0
1789584104	74e73042ed14	parallel	test-install-exec.sh	ok	12	0
1789584173	74e73042ed14	parallel	test-render-memories.sh	ok	32	0
1789584039	74e73042ed14	parallel	test-conf.sh	ok	28	0
1789584042	74e73042ed14	parallel	test-containment.sh	ok	22	0
1789584096	74e73042ed14	parallel	test-host-unit-names.sh	skip	0	0
1789584020	74e73042ed14	parallel	test-bd-resolve.sh	ok	8	0
1789584079	74e73042ed14	parallel	test-gate-check-flaky.sh	ok	5	0
1789584160	74e73042ed14	parallel	test-ready.sh	ok	59	0
1789584192	74e73042ed14	parallel	test-event.sh	ok	36	0
1789537931	74fadc9b1fe8	parallel	test-concierge.sh	ok	10	0
1789480159	75bec368dfb9	parallel	test-citations.sh	ok	20	0
1789480161	75bec368dfb9	parallel	test-sop.sh	ok	113	0
1789480254	75bec368dfb9	parallel	test-poison.sh	ok	44	0
1789480120	75bec368dfb9	parallel	test-fayth-predicates.sh	ok	23	0
1789480119	75bec368dfb9	parallel	test-builder-qa-proposed.sh	ok	4	0
1789480120	75bec368dfb9	parallel	test-fayth-free.sh	ok	10	0
1789480121	75bec368dfb9	parallel	test-scope-label.sh	ok	14	0
1789480161	75bec368dfb9	parallel	test-freshclone.sh	ok	7	0
1789480119	75bec368dfb9	parallel	test-chamber-repo-labels.sh	ok	6	0
1789480149	75bec368dfb9	parallel	test-bd-stdin.sh	ok	6	0
1789480166	75bec368dfb9	parallel	test-livelock.sh	ok	45	0
1789480148	75bec368dfb9	parallel	test-spike.sh	ok	88	0
1789480163	75bec368dfb9	parallel	test-testenv-batch-fence.sh	ok	20	0
1789516533	75dc8026645d	parallel	test-capacity-probe.sh	ok	11	0
1789516576	75dc8026645d	parallel	test-requeue.sh	red	26	1
1789602012	76aefcd9d1d9	parallel	test-attribution.sh	ok	27	0
1789544499	76bc73ae8908	parallel	test-build-tarball.sh	ok	11	0
1789544501	76bc73ae8908	parallel	test-freshclone.sh	ok	7	0
1789596958	76dd4963df3a	parallel	test-suite-state.sh	ok	0	0
1789667666	771ddaa76f7b	parallel	test-bin-manifest.sh	red	17	2
1789510845	772fb5093119	serial	test-landing.sh	red	139	3
1789668160	77c60c448ca1	parallel	test-deploy.sh	ok	61	0
1789668126	77c60c448ca1	parallel	test-batch-lock.sh	ok	13	0
1789668155	77c60c448ca1	parallel	test-cockpit-queue.sh	ok	18	0
1789668213	77c60c448ca1	parallel	test-slay.sh	ok	60	0
1789668144	77c60c448ca1	parallel	test-cockpit-queue-section.sh	ok	21	0
1789668139	77c60c448ca1	parallel	test-aeon-resume.sh	ok	19	0
1789668166	77c60c448ca1	parallel	test-cockpit-unlanded.sh	ok	11	0
1789668161	77c60c448ca1	parallel	test-lane-ceiling.sh	ok	13	0
1789516546	77e0977de4a6	parallel	test-citations.sh	ok	20	0
1789516538	77e0977de4a6	parallel	test-freshclone.sh	ok	7	0
1789584674	780b4fc916d1	parallel	test-gate-touched.sh	ok	3	0
1789660798	797f4ef1639a	parallel	test-certify.sh	ok	14	0
1789660789	797f4ef1639a	parallel	test-batch.sh	ok	11	0
1789660775	797f4ef1639a	parallel	test-queue-flush.sh	ok	12	0
1789660774	797f4ef1639a	parallel	test-verdict.sh	ok	30	0
1789660763	797f4ef1639a	parallel	test-landing-modes.sh	ok	11	0
1789563942	7a667053eabe	parallel	test-incident-delivers-satisfiable.sh	ok	7	0
1789597211	7b67aa3115ec	parallel	test-release.sh	ok	29	0
1789597210	7b67aa3115ec	parallel	test-release-workflow.sh	ok	9	0
1789597209	7b67aa3115ec	parallel	test-gate-workflow.sh	ok	49	0
1789599852	7be5a82cd0cb	parallel	test-bead-lint.sh	ok	10	0
1789450895	7c8cae78f934	serial	test-cockpit-runtime-path.sh	red	0	0
1789450895	7c8cae78f934	serial	test-install-migrate.sh	ok	16	0
1789450877	7c8cae78f934	serial	test-install-instance.sh	red	19	1
1789621631	7ccfd09c18c2	parallel	test-poison.sh	ok	44	0
1789621364	7ccfd09c18c2	parallel	test-attempts.sh	ok	49	0
1789621438	7ccfd09c18c2	parallel	test-incident-recur-cause.sh	ok	16	0
1789621391	7ccfd09c18c2	parallel	test-census-watermark.sh	ok	13	0
1789621463	7ccfd09c18c2	parallel	test-maechen-blind-window.sh	ok	5	0
1789621683	7ccfd09c18c2	parallel	test-sin-exempt.sh	ok	11	0
1789621574	7ccfd09c18c2	parallel	test-landing.sh	ok	147	0
1789621677	7ccfd09c18c2	parallel	test-requeue-cap.sh	ok	6	0
1789621371	7ccfd09c18c2	parallel	test-census.sh	ok	21	0
1789621633	7ccfd09c18c2	parallel	test-requeue.sh	ok	25	0
1789621424	7ccfd09c18c2	parallel	test-check4-events.sh	ok	21	0
1789621695	7ccfd09c18c2	parallel	test-timeout.sh	ok	22	0
1789602005	7cd90277d8f8	parallel	test-doctor-unit-dup.sh	ok	10	0
1789602001	7cd90277d8f8	parallel	test-doctor-dolt.sh	ok	13	0
1789602003	7cd90277d8f8	parallel	test-install-exec.sh	ok	12	0
1789601997	7cd90277d8f8	parallel	test-install-dolt.sh	ok	16	0
1789604754	7cf36e36a2d1	parallel	test-governor-host-cores.sh	ok	5	0
1789555543	7d773fbe2f7e	parallel	test-citations.sh	ok	20	0
1789555556	7d773fbe2f7e	parallel	test-schema-apply.sh	ok	16	0
1789555531	7d773fbe2f7e	parallel	test-fayth-predicates.sh	ok	22	0
1789555535	7d773fbe2f7e	parallel	test-schema.sh	ok	28	0
1789555533	7d773fbe2f7e	parallel	test-freshclone.sh	ok	7	0
1789555535	7d773fbe2f7e	parallel	test-covers-entries.sh	ok	2	0
1789589009	7ddfee98f894	parallel	test-auron.sh	ok	77	0
1789540012	7dfb50ddde6b	parallel	test-cockpit-unclaimable.sh	ok	13	0
1789540019	7dfb50ddde6b	parallel	test-sentinel.sh	ok	3	0
1789558701	7e87b1069f90	parallel	test-livelock.sh	ok	53	0
1789619911	7eaac62db8b4	parallel	test-concierge.sh	ok	40	0
1789623887	7f53825bf9ae	parallel	test-dependents.sh	ok	10	0
1789670821	80646c0243ae	parallel	test-cockpit-tiered-collector.sh	ok	35	0
1789540410	808b8ee88a88	parallel	test-doctor-goal.sh	ok	8	0
1789623997	81a34958ebc5	parallel	test-bd-schema-stamp.sh	ok	10	0
1789623996	81a34958ebc5	parallel	test-doctor-events-probe.sh	ok	5	0
1789623994	81a34958ebc5	parallel	test-bd-lock-retry.sh	ok	7	0
1789624023	81a34958ebc5	parallel	test-census-events.sh	ok	14	0
1789521074	81ba4669c643	parallel	test-incident-recur-cause.sh	ok	16	0
1789521070	81ba4669c643	parallel	test-sin-exempt.sh	ok	11	0
1789453843	822ad0331487	parallel	test-concierge.sh	red	14	6
1789453853	822ad0331487	parallel	test-census-blind.sh	red	11	9
1789453843	822ad0331487	parallel	test-doctor-events-probe.sh	red	5	1
1789515588	825bd6bd0c65	parallel	test-incident-delivers-satisfiable.sh	ok	7	0
1789515677	825bd6bd0c65	parallel	test-incident.sh	ok	24	0
1789617718	8278b6e5a98c	serial	test-attempts.sh	red	47	2
1789617701	8278b6e5a98c	serial	test-timeout.sh	red	21	1
1789606421	835869f0a022	parallel	test-cockpit-unit-notify.sh	ok	6	0
1789501118	8372e5fcf74a	parallel	test-build-tarball.sh	ok	11	0
1789501134	8372e5fcf74a	parallel	test-review.sh	ok	25	0
1789501119	8372e5fcf74a	parallel	test-release.sh	ok	22	0
1789501132	8372e5fcf74a	parallel	test-deploy.sh	ok	20	0
1789501265	8372e5fcf74a	parallel	test-artifact-install.sh	ok	15	0
1789501119	8372e5fcf74a	parallel	test-release-workflow.sh	ok	9	0
1789501118	8372e5fcf74a	parallel	test-activate.sh	ok	22	0
1789501118	8372e5fcf74a	parallel	test-gate-workflow.sh	ok	16	0
1789501129	8372e5fcf74a	parallel	test-released-defects.sh	ok	11	0
1789601685	839bd66dd7f7	parallel	test-bd-schema-stamp.sh	ok	10	0
1789601687	839bd66dd7f7	parallel	test-doctor-embedded.sh	ok	4	0
1789601688	839bd66dd7f7	parallel	test-doctor-events-probe.sh	ok	5	0
1789601684	839bd66dd7f7	parallel	test-bd-lock-retry.sh	ok	7	0
1789601688	839bd66dd7f7	parallel	test-conf.sh	ok	28	0
1789618469	8427d6bed577	serial	test-watchd-halt-health.sh	red	6	1
1789618511	8427d6bed577	serial	test-testenv-scratch.sh	ok	15	0
1789618468	8427d6bed577	serial	test-watchd-tail.sh	ok	15	0
1789618480	8427d6bed577	serial	test-timeout.sh	ok	22	0
1789556870	8453c5d03158	parallel	test-gh-run-gate.sh	ok	18	0
1789556855	8453c5d03158	parallel	test-gate-discover-branch.sh	ok	5	0
1789579963	846aa6d3734c	parallel	test-install-unit-directive.sh	ok	11	0
1789579958	846aa6d3734c	parallel	test-concierge.sh	ok	15	0
1789579966	846aa6d3734c	parallel	test-unit-drift.sh	ok	16	0
1789570627	847631a4546f	parallel	test-answers-silent-seed.sh	ok	8	0
1789570629	847631a4546f	parallel	test-session-hook.sh	ok	95	0
1789570628	847631a4546f	parallel	test-concierge.sh	ok	13	0
1789570633	847631a4546f	parallel	test-watch-notify.sh	ok	118	0
1789570639	847631a4546f	parallel	test-answers-premise-rejected.sh	ok	20	0
1789540500	849a298c8a1f	parallel	test-sentinel-escalation-dedup.sh	ok	23	0
1789540468	849a298c8a1f	parallel	test-sentinel.sh	ok	3	0
1789540470	849a298c8a1f	parallel	test-sentinel-capacity.sh	ok	6	0
1789507208	84e555a44b3e	parallel	test-suites.sh	ok	75	0
1789620292	8541a67414df	parallel	test-concierge.sh	ok	40	0
1789537847	8545d7a02a13	parallel	test-concierge.sh	ok	10	0
1789624915	854a6d4d8a89	serial	test-attribution.sh	ok	27	0
1789659964	856f5c0371b8	parallel	test-verdict.sh	ok	40	0
1789555338	864dc3ef3662	parallel	test-fayth-predicates.sh	ok	22	0
1789569073	86d58d00e39b	parallel	test-ask-help.sh	ok	28	0
1789569057	86d58d00e39b	parallel	test-priority-bands.sh	ok	6	0
1789569059	86d58d00e39b	parallel	test-gh-intake.sh	ok	22	0
1789569057	86d58d00e39b	parallel	test-chamber-repo-labels.sh	ok	6	0
1789569078	86d58d00e39b	parallel	test-ask-default.sh	ok	23	0
1789599750	871dd37d465d	parallel	test-bd-schema-stamp.sh	ok	10	0
1789671835	87b98abc4c0f	parallel	test-cockpit-landed.sh	ok	5	0
1789671819	87b98abc4c0f	parallel	test-bin-manifest.sh	ok	18	0
1789671856	87b98abc4c0f	parallel	test-deploy.sh	red	47	3
1789671814	87b98abc4c0f	parallel	test-batch-lock.sh	ok	13	0
1789671851	87b98abc4c0f	parallel	test-cockpit-queue.sh	ok	18	0
1789671917	87b98abc4c0f	parallel	test-slay.sh	ok	60	0
1789671852	87b98abc4c0f	parallel	test-cockpit-queue-section.sh	ok	21	0
1789671827	87b98abc4c0f	parallel	test-aeon-resume.sh	ok	19	0
1789671873	87b98abc4c0f	parallel	test-cockpit-unlanded.sh	ok	11	0
1789671834	87b98abc4c0f	parallel	test-cockpit-probe-fault.sh	ok	43	0
1789671857	87b98abc4c0f	parallel	test-lane-ceiling.sh	ok	13	0
1789671859	87b98abc4c0f	parallel	test-skew-check-release.sh	ok	22	0
1789662195	88387b225706	parallel	test-census-events.sh	ok	20	0
1789602802	88713a9bcc68	parallel	test-cockpit-queue.sh	ok	21	0
1789614768	8892447b921f	parallel	test-queue-flush.sh	ok	7	0
1789566054	894a23b45b40	parallel	test-citations.sh	ok	20	0
1789566046	894a23b45b40	parallel	test-freshclone.sh	ok	7	0
1789566045	894a23b45b40	parallel	test-covers-entries.sh	ok	2	0
1789583700	8972ec6c649a	parallel	test-cockpit-unit-notify.sh	red	1	1
1789583809	89d9b09ae346	parallel	test-mail-kinds.sh	red	0	0
1789583809	89d9b09ae346	parallel	test-mail.sh	ok	40	0
1789606172	89ed808ba585	parallel	test-sending-content-label.sh	ok	4	0
1789623668	8a7f8c58a551	parallel	test-certify.sh	ok	14	0
1789623687	8a7f8c58a551	parallel	test-batch.sh	ok	10	0
1789623685	8a7f8c58a551	parallel	test-queue-flush.sh	ok	12	0
1789623656	8a7f8c58a551	parallel	test-suites-hygiene.sh	ok	11	0
1789623684	8a7f8c58a551	parallel	test-submit.sh	ok	15	0
1789623643	8a7f8c58a551	parallel	test-suite-state.sh	ok	0	0
1789617192	8a977af9b6ea	parallel	test-mail-sendmail.sh	ok	23	0
1789617166	8a977af9b6ea	parallel	test-mail-decision-ask.sh	ok	14	0
1789617171	8a977af9b6ea	parallel	test-aeon-decision-blocked.sh	ok	7	0
1789452799	8acff95e55c1	parallel	test-requeue.sh	red	21	6
1789688786	8b26d2cec507	parallel	test-attribution.sh	ok	27	0
1789688776	8b26d2cec507	parallel	test-testdb-concurrent.sh	red	4	1
1789559755	8b42897a6054	parallel	test-id-prefix.sh	ok	6	0
1789525785	8c2b5359493d	parallel	test-requeue.sh	ok	25	0
1789603233	8caffb87f437	parallel	test-census-watermark.sh	ok	13	0
1789603219	8caffb87f437	parallel	test-census-blind.sh	ok	14	0
1789603257	8caffb87f437	parallel	test-requeue-cap.sh	ok	6	0
1789603234	8caffb87f437	parallel	test-census.sh	ok	21	0
1789623717	8cd27cc32b0f	parallel	test-gate-verdict.sh	ok	36	0
1789623723	8cd27cc32b0f	parallel	test-release.sh	ok	29	0
1789623730	8cd27cc32b0f	parallel	test-attribution.sh	ok	27	0
1789623721	8cd27cc32b0f	parallel	test-release-workflow.sh	ok	9	0
1789623721	8cd27cc32b0f	parallel	test-gate-workflow.sh	ok	56	0
1789623720	8cd27cc32b0f	parallel	test-queue-protect.sh	ok	12	0
1789548911	8da18582e7a8	parallel	test-citations.sh	ok	20	0
1789548916	8da18582e7a8	parallel	test-session-hook.sh	ok	93	0
1789548920	8da18582e7a8	parallel	test-watchd-health-ids.sh	ok	8	0
1789548904	8da18582e7a8	parallel	test-freshclone.sh	ok	7	0
1789548932	8da18582e7a8	parallel	test-watchd-tail.sh	ok	15	0
1789548920	8da18582e7a8	parallel	test-watch-notify.sh	ok	118	0
1789548903	8da18582e7a8	parallel	test-covers-entries.sh	ok	2	0
1789548904	8da18582e7a8	parallel	test-host-unit-names.sh	skip	0	0
1789548914	8da18582e7a8	parallel	test-answers-premise-rejected.sh	ok	17	0
1789595611	8dce61db5183	parallel	test-mail-deliver.sh	ok	10	0
1789595623	8dce61db5183	parallel	test-mail-sendmail.sh	ok	16	0
1789595607	8dce61db5183	parallel	test-mail-fence.sh	ok	25	0
1789595604	8dce61db5183	parallel	test-mail-health.sh	ok	13	0
1789595602	8dce61db5183	parallel	test-mail-kinds.sh	ok	44	0
1789595602	8dce61db5183	parallel	test-mail.sh	ok	40	0
1789616645	8e6fb2c633e9	parallel	test-aeon-ledger.sh	ok	47	0
1789616607	8e6fb2c633e9	parallel	test-aeon-lease.sh	ok	15	0
1789616628	8e6fb2c633e9	parallel	test-aeon-exit.sh	ok	10	0
1789617449	8f724a28ed65	serial	test-poison.sh	red	24	20
1789617118	8f724a28ed65	serial	test-attempts.sh	red	47	2
1789617212	8f724a28ed65	serial	test-incident-recur-cause.sh	red	11	5
1789617148	8f724a28ed65	serial	test-census-watermark.sh	red	1	12
1789617325	8f724a28ed65	serial	test-maechen-blind-window.sh	red	3	2
1789617539	8f724a28ed65	serial	test-sin-exempt.sh	red	6	5
1789617316	8f724a28ed65	serial	test-landing.sh	red	144	3
1789617578	8f724a28ed65	serial	test-watchd-halt-health.sh	red	6	1
1789617471	8f724a28ed65	serial	test-requeue-cap.sh	red	3	3
1789617138	8f724a28ed65	serial	test-census.sh	red	5	16
1789617568	8f724a28ed65	serial	test-testenv-scratch.sh	red	13	2
1789617606	8f724a28ed65	serial	test-watchd-tail.sh	red	7	8
1789617510	8f724a28ed65	serial	test-requeue.sh	red	19	6
1789617180	8f724a28ed65	serial	test-check4-events.sh	red	13	8
1789617578	8f724a28ed65	serial	test-timeout.sh	red	21	1
1789664079	900991da305d	parallel	test-check5-landstate.sh	ok	13	0
1789544184	90505597f7f3	parallel	test-cockpit-rebuild.sh	ok	23	0
1789598042	90aad7c754e3	parallel	test-submit.sh	ok	15	0
1789570654	911d2c5589b9	parallel	test-census-watermark.sh	red	6	5
1789570665	911d2c5589b9	parallel	test-maechen-blind-window.sh	red	3	2
1789570654	911d2c5589b9	parallel	test-census-blind.sh	ok	14	0
1789570656	911d2c5589b9	parallel	test-events-nodolt.sh	red	21	3
1789570661	911d2c5589b9	parallel	test-census-events.sh	red	8	4
1789570667	911d2c5589b9	parallel	test-census.sh	ok	21	0
1789657601	92396a2361d8	parallel	test-landing-race.sh	ok	25	0
1789670794	930cd5af3548	parallel	test-cockpit-landed.sh	ok	5	0
1789670789	930cd5af3548	parallel	test-cockpit-probe-fault.sh	ok	43	0
1789616692	93336ff505c6	parallel	test-gate-verdict.sh	ok	36	0
1789616693	93336ff505c6	parallel	test-host-reason.sh	ok	24	0
1789616709	93336ff505c6	parallel	test-attempts.sh	red	47	2
1789616719	93336ff505c6	parallel	test-scratch-fence.sh	ok	15	0
1789616718	93336ff505c6	parallel	test-literal-lint.sh	red	30	1
1789616720	93336ff505c6	parallel	test-gate-missing-cmd.sh	ok	7	0
1789616723	93336ff505c6	parallel	test-sop-lint.sh	ok	28	0
1789616710	93336ff505c6	parallel	test-yield.sh	ok	74	0
1789603953	935066f80e03	serial	test-queue-protect.sh	red	14	2
1789622637	93b30a67cfa0	parallel	test-sending-certified-guard.sh	ok	9	0
1789622634	93b30a67cfa0	parallel	test-batch-certified-orphan.sh	ok	6	0
1789600431	944b2791bff0	parallel	test-doctor-embedded.sh	ok	7	0
1789595858	94ba34041716	parallel	test-strand-partition.sh	ok	18	0
1789595853	94ba34041716	parallel	test-sin-exempt.sh	ok	11	0
1789595858	94ba34041716	parallel	test-strand-lock.sh	ok	3	0
1789595891	94ba34041716	parallel	test-suites-red-dedup.sh	ok	6	0
1789595817	94ba34041716	parallel	test-skew-escalate.sh	ok	20	0
1789595851	94ba34041716	parallel	test-strand-capacity.sh	ok	5	0
1789595880	94ba34041716	parallel	test-superseded.sh	ok	18	0
1789595845	94ba34041716	parallel	test-spike.sh	ok	88	0
1789595902	94ba34041716	parallel	test-unmapped-repo-park.sh	ok	5	0
1789595891	94ba34041716	parallel	test-timeout.sh	ok	22	0
1789600003	952db49c4e44	parallel	test-doctor-embedded.sh	ok	4	0
1789600002	952db49c4e44	parallel	test-doctor-missing-store.sh	ok	4	0
1789592616	956f3d8905b2	serial	test-mail-sendmail.sh	red	8	8
1789624958	95b643d172fc	serial	test-queue-protect.sh	ok	12	0
1789523970	96709bdb26db	parallel	test-suites-cluster.sh	ok	17	0
1789605461	968c84e43bdb	parallel	test-watchd-prune.sh	ok	13	0
1789521820	969567f0fab9	parallel	test-activate.sh	ok	22	0
1789521820	969567f0fab9	parallel	test-rollback.sh	ok	7	0
1789524079	9750a239299c	parallel	test-citations.sh	ok	20	0
1789524072	9750a239299c	parallel	test-freshclone.sh	ok	7	0
1789533841	97e65f98dd6e	parallel	test-incident-recur-notes.sh	red	5	1
1789600538	9881084ad884	parallel	test-doctor-dolt.sh	ok	13	0
1789600225	98b53b58f6ce	parallel	test-migrate-ask.sh	red	13	1
1789602843	997f48f6e21d	parallel	test-bd-schema-stamp.sh	ok	10	0
1789602847	997f48f6e21d	parallel	test-doctor-events-probe.sh	ok	5	0
1789602842	997f48f6e21d	parallel	test-bd-lock-retry.sh	ok	7	0
1789602863	997f48f6e21d	parallel	test-census-events.sh	skip	0	0
1789600682	998bad684c83	parallel	test-doctor-embedded.sh	ok	7	0
1789482203	9a3f93a2126a	parallel	test-suites.sh	ok	73	0
1789491540	9a7041c05de0	parallel	test-build.sh	ok	14	0
1789624255	9b74f69be45d	parallel	test-poison.sh	ok	44	0
1789624088	9b74f69be45d	parallel	test-attempts.sh	ok	49	0
1789624232	9b74f69be45d	parallel	test-landing.sh	ok	147	0
1789624095	9b74f69be45d	parallel	test-census.sh	ok	21	0
1789624115	9b74f69be45d	parallel	test-timeout.sh	ok	22	0
1789604113	9bb2e4714bb4	parallel	test-census-events.sh	skip	0	0
1789520617	9be02ea701a1	parallel	test-sentinel-capacity.sh	ok	6	0
1789520606	9be02ea701a1	parallel	test-capacity-probe.sh	ok	11	0
1789520620	9be02ea701a1	parallel	test-aeon-sweep.sh	ok	13	0
1789525363	9c3c9560cd5f	parallel	test-drain-expiry.sh	ok	13	0
1789525364	9c3c9560cd5f	parallel	test-world.sh	ok	36	0
1789513604	9c548236644a	parallel	test-unmapped-repo-park.sh	ok	5	0
1789605581	9c69ff205bb1	parallel	test-watchd-prune.sh	ok	13	0
1789595816	9d2ba4df1312	serial	test-batch.sh	red	7	3
1789599224	9e6a778be1b8	serial	test-install-dolt-mode.sh	red	6	1
1789469896	9f1f20bae232	parallel	test-citations.sh	ok	20	0
1789469637	9f1f20bae232	parallel	test-check5-delivers-check.sh	ok	15	0
1789469870	9f1f20bae232	parallel	test-sending-unlanded-guard.sh	ok	10	0
1789469924	9f1f20bae232	parallel	test-poison.sh	ok	44	0
1789469602	9f1f20bae232	parallel	test-aeon-ledger.sh	ok	47	0
1789469746	9f1f20bae232	parallel	test-incident-cause.sh	ok	2	0
1789469797	9f1f20bae232	parallel	test-promote.sh	ok	16	0
1789469618	9f1f20bae232	parallel	test-attempts.sh	ok	49	0
# literal-ok: measurement data; the configured name is part of a suite FILENAME harvested from this tree, not a label read here.
1789469617	9f1f20bae232	parallel	test-aeon-world-stop.sh	ok	19	0
1789469768	9f1f20bae232	parallel	test-incident-recur-cause.sh	ok	11	0
1789469700	9f1f20bae232	parallel	test-census-watermark.sh	ok	11	0
1789469745	9f1f20bae232	parallel	test-fayth.sh	ok	9	0
1789469562	9f1f20bae232	parallel	test-aeon-lease.sh	ok	15	0
1789469780	9f1f20bae232	parallel	test-maechen-blind-window.sh	ok	5	0
1789469885	9f1f20bae232	parallel	test-worktree-absent.sh	ok	6	0
1789469846	9f1f20bae232	parallel	test-review.sh	ok	25	0
1789469796	9f1f20bae232	parallel	test-landed-stays-landed.sh	ok	14	0
1789469918	9f1f20bae232	parallel	test-suites-fixture-fault.sh	ok	19	0
1789469886	9f1f20bae232	parallel	test-orphan-test.sh	ok	17	0
1789469675	9f1f20bae232	parallel	test-builder-qa-proposed.sh	ok	4	0
1789469730	9f1f20bae232	parallel	test-cockpit-fuse.sh	ok	18	0
1789469744	9f1f20bae232	parallel	test-fayth-free.sh	ok	10	0
1789469831	9f1f20bae232	parallel	test-repo.sh	ok	4	0
1789469703	9f1f20bae232	parallel	test-check2-reclaim.sh	ok	10	0
1789469731	9f1f20bae232	parallel	test-concierge.sh	ok	10	0
1789469884	9f1f20bae232	parallel	test-unclaimable-cycle.sh	ok	3	0
1789469817	9f1f20bae232	parallel	test-release.sh	ok	22	0
1789469858	9f1f20bae232	parallel	test-landing.sh	ok	142	0
1789469644	9f1f20bae232	parallel	test-ci-park.sh	ok	35	0
1789469883	9f1f20bae232	parallel	test-unclaimable-bead.sh	ok	16	0
1789469687	9f1f20bae232	parallel	test-census-blind.sh	red	14	2
1789469744	9f1f20bae232	parallel	test-elastic-ceiling.sh	ok	13	0
1789469743	9f1f20bae232	parallel	test-doctor-events-probe.sh	ok	6	0
1789469561	9f1f20bae232	parallel	test-aeon-dirty-commit.sh	skip	0	0
1789469757	9f1f20bae232	parallel	test-hold.sh	ok	21	0
1789469744	9f1f20bae232	parallel	test-events-nodolt.sh	ok	24	0
1789469739	9f1f20bae232	parallel	test-destroy-branch.sh	ok	12	0
1789469847	9f1f20bae232	parallel	test-scope-label.sh	ok	14	0
1789469663	9f1f20bae232	parallel	test-thrash.sh	ok	18	0
1789469858	9f1f20bae232	parallel	test-sending-empty-commit.sh	ok	10	0
1789469591	9f1f20bae232	parallel	test-aeon-prod-dirty.sh	ok	8	0
1789469917	9f1f20bae232	parallel	test-slay.sh	ok	47	0
1789469701	9f1f20bae232	parallel	test-census-events.sh	ok	9	0
1789469870	9f1f20bae232	parallel	test-sentinel.sh	ok	3	0
1789469646	9f1f20bae232	parallel	test-freshclone.sh	ok	7	0
1789469724	9f1f20bae232	parallel	test-check5-body-search.sh	ok	9	0
1789469846	9f1f20bae232	parallel	test-requeue-cap.sh	ok	2	0
1789469658	9f1f20bae232	parallel	test-gh-run-gate.sh	ok	18	0
1789469592	9f1f20bae232	parallel	test-aeon-resume.sh	ok	13	0
1789469745	9f1f20bae232	parallel	test-content-landed-empty-branch.sh	ok	10	0
1789469941	9f1f20bae232	parallel	test-testenv-scratch.sh	ok	15	0
1789469742	9f1f20bae232	parallel	test-ops-closing.sh	ok	44	0
1789469741	9f1f20bae232	parallel	test-destructive-bead.sh	ok	38	0
1789469816	9f1f20bae232	parallel	test-livelock.sh	ok	45	0
1789469869	9f1f20bae232	parallel	test-sentinel-capacity.sh	ok	6	0
1789469758	9f1f20bae232	parallel	test-install-landref.sh	ok	14	0
1789469768	9f1f20bae232	parallel	test-check5-nopayload.sh	ok	24	0
1789469810	9f1f20bae232	parallel	test-reclaim-escalated.sh	ok	10	0
1789469757	9f1f20bae232	parallel	test-focus-close-guard.sh	ok	19	0
1789469769	9f1f20bae232	parallel	test-lanes.sh	ok	27	0
1789469890	9f1f20bae232	parallel	test-superseded.sh	ok	18	0
1789469689	9f1f20bae232	parallel	test-requeue.sh	ok	27	0
1789469830	9f1f20bae232	parallel	test-repo-label.sh	ok	15	0
1789469738	9f1f20bae232	parallel	test-check8-progressed.sh	ok	4	0
1789469829	9f1f20bae232	parallel	test-reclaim-slay-branch-guard.sh	ok	23	0
1789469671	9f1f20bae232	parallel	test-set-state-writers.sh	ok	10	0
1789469632	9f1f20bae232	parallel	test-check4-events.sh	ok	21	0
1789469599	9f1f20bae232	parallel	test-aeon-sweep.sh	ok	13	0
1789469726	9f1f20bae232	parallel	test-check5-content-landed.sh	ok	12	0
1789469562	9f1f20bae232	parallel	test-aeon-heartbeat.sh	skip	0	0
1789469723	9f1f20bae232	parallel	test-check5-drop.sh	ok	13	0
1789469861	9f1f20bae232	parallel	test-sending-squash-merged.sh	ok	9	0
1789469829	9f1f20bae232	parallel	test-render-memories.sh	ok	25	0
1789469910	9f1f20bae232	parallel	test-testdb-failsafe.sh	ok	48	0
1789469733	9f1f20bae232	parallel	test-containment.sh	ok	22	0
1789469584	9f1f20bae232	parallel	test-aeon-exit.sh	ok	10	0
1789469785	9f1f20bae232	parallel	test-now.sh	ok	88	0
1789469681	9f1f20bae232	parallel	test-unmapped-repo-park.sh	ok	4	0
1789469645	9f1f20bae232	parallel	test-cross-repo.sh	ok	8	0
1789469593	9f1f20bae232	parallel	test-aeon-worktree-guard.sh	ok	7	0
1789469674	9f1f20bae232	parallel	test-timeout.sh	ok	22	0
1789469662	9f1f20bae232	parallel	test-aeon-verdict.sh	ok	41	0
1789469743	9f1f20bae232	parallel	test-drain-expiry.sh	ok	13	0
1789469768	9f1f20bae232	parallel	test-lane-ceiling.sh	ok	9	0
1789469647	9f1f20bae232	parallel	test-event.sh	ok	36	0
1789566626	9facdcfe51c8	parallel	test-citations.sh	ok	20	0
1789566631	9facdcfe51c8	parallel	test-check5-sweep-delivers.sh	ok	15	0
1789566625	9facdcfe51c8	parallel	test-maechen-blind-window.sh	ok	5	0
1789566626	9facdcfe51c8	parallel	test-maechen-trigger.sh	ok	48	0
1789566615	9facdcfe51c8	parallel	test-freshclone.sh	ok	7	0
1789566627	9facdcfe51c8	parallel	test-covers-entries.sh	ok	2	0
1789619211	a058cfb3e64d	parallel	test-citations.sh	ok	20	0
1789619504	a058cfb3e64d	parallel	test-gate-sweep.sh	ok	6	0
1789619001	a058cfb3e64d	parallel	test-certify.sh	ok	14	0
1789618714	a058cfb3e64d	parallel	test-answers-silent-seed.sh	ok	8	0
1789618882	a058cfb3e64d	parallel	test-bd-schema-stamp.sh	ok	10	0
1789618910	a058cfb3e64d	parallel	test-beads-push-verify.sh	ok	12	0
1789619513	a058cfb3e64d	parallel	test-gate-verdict.sh	ok	36	0
1789619502	a058cfb3e64d	parallel	test-gate-check-stuck.sh	ok	4	0
1789619937	a058cfb3e64d	parallel	test-loom.sh	ok	2	0
1789619079	a058cfb3e64d	parallel	test-check5-delivers-check.sh	ok	15	0
1789619537	a058cfb3e64d	parallel	test-host-reason.sh	ok	24	0
1789620345	a058cfb3e64d	parallel	test-sop.sh	ok	113	0
1789620239	a058cfb3e64d	parallel	test-sending-unlanded-guard.sh	ok	10	0
1789620596	a058cfb3e64d	parallel	test-testenv-systemctl.sh	skip	0	0
1789619961	a058cfb3e64d	parallel	test-null-close-reason.sh	ok	19	0
1789619985	a058cfb3e64d	parallel	test-output-visibility.sh	ok	9	0
1789618911	a058cfb3e64d	parallel	test-build-tarball.sh	ok	11	0
1789619429	a058cfb3e64d	parallel	test-doctor-embedded.sh	ok	7	0
1789619947	a058cfb3e64d	parallel	test-mail-deliver.sh	ok	10	0
1789620215	a058cfb3e64d	parallel	test-schema-apply.sh	ok	16	0
1789620178	a058cfb3e64d	parallel	test-poison.sh	ok	44	0
1789618614	a058cfb3e64d	parallel	test-aeon-ledger.sh	ok	47	0
1789619413	a058cfb3e64d	parallel	test-doctor-bd-tag.sh	ok	16	0
1789619938	a058cfb3e64d	parallel	test-maechen.sh	ok	45	0
1789619757	a058cfb3e64d	parallel	test-install-unit-directive.sh	ok	11	0
1789620227	a058cfb3e64d	parallel	test-sending-landstate-assert.sh	ok	4	0
1789618912	a058cfb3e64d	parallel	test-cadence.sh	skip	0	0
1789620609	a058cfb3e64d	parallel	test-timer-templates.sh	ok	126	0
1789619535	a058cfb3e64d	parallel	test-incident-cause.sh	ok	2	0
1789620053	a058cfb3e64d	parallel	test-promote.sh	ok	19	0
1789618756	a058cfb3e64d	parallel	test-attempts.sh	ok	49	0
1789619679	a058cfb3e64d	parallel	test-install-aeons.sh	ok	25	0
# literal-ok: measurement data; the configured name is part of a suite FILENAME harvested from this tree, not a label read here.
1789618678	a058cfb3e64d	parallel	test-aeon-world-stop.sh	ok	19	0
1789619641	a058cfb3e64d	parallel	test-incident-recur-cause.sh	ok	16	0
1789619714	a058cfb3e64d	parallel	test-install-halt.sh	ok	6	0
1789618972	a058cfb3e64d	parallel	test-census-watermark.sh	ok	13	0
1789620199	a058cfb3e64d	parallel	test-scratch-fence.sh	ok	15	0
1789619452	a058cfb3e64d	parallel	test-fayth.sh	ok	9	0
1789619419	a058cfb3e64d	parallel	test-doctor-cargo.sh	ok	11	0
1789618911	a058cfb3e64d	parallel	test-boundary.sh	ok	8	0
1789620225	a058cfb3e64d	parallel	test-sending-metrics.sh	ok	14	0
1789619165	a058cfb3e64d	parallel	test-check5-sweep-delivers.sh	ok	15	0
1789619258	a058cfb3e64d	parallel	test-cockpit-landed.sh	ok	6	0
1789619792	a058cfb3e64d	parallel	test-landing-race.sh	ok	23	0
1789618881	a058cfb3e64d	parallel	test-bd-remember-guard.sh	ok	20	0
1789618566	a058cfb3e64d	parallel	test-aeon-lease.sh	ok	15	0
1789619439	a058cfb3e64d	parallel	test-doctor-goal.sh	ok	8	0
1789619937	a058cfb3e64d	parallel	test-maechen-blind-window.sh	ok	5	0
1789620359	a058cfb3e64d	parallel	test-strand-partition.sh	ok	18	0
1789620052	a058cfb3e64d	parallel	test-priority-bands.sh	ok	6	0
1789619954	a058cfb3e64d	parallel	test-model-switch-report.sh	ok	16	0
1789619997	a058cfb3e64d	parallel	test-owned.sh	ok	18	0
1789619357	a058cfb3e64d	parallel	test-configure.sh	ok	18	0
1789620751	a058cfb3e64d	parallel	test-worktree-absent.sh	ok	6	0
1789619451	a058cfb3e64d	parallel	test-fayth-predicates.sh	ok	22	0
1789620262	a058cfb3e64d	parallel	test-session-hook.sh	ok	94	0
1789619501	a058cfb3e64d	parallel	test-gate-fixture-diag.sh	ok	6	0
1789620193	a058cfb3e64d	parallel	test-review.sh	ok	25	0
1789619949	a058cfb3e64d	parallel	test-maechen-trigger.sh	ok	48	0
1789619521	a058cfb3e64d	parallel	test-groom-trigger.sh	ok	18	0
1789619814	a058cfb3e64d	parallel	test-landed-stays-landed.sh	ok	14	0
1789619832	a058cfb3e64d	parallel	test-literal-lint.sh	ok	31	0
1789619317	a058cfb3e64d	parallel	test-cockpit-sphere.sh	ok	12	0
1789620212	a058cfb3e64d	parallel	test-sending-content-label.sh	ok	4	0
1789619824	a058cfb3e64d	parallel	test-limits.sh	ok	85	0
1789619135	a058cfb3e64d	parallel	test-check5-landed-assert.sh	ok	11	0
1789620413	a058cfb3e64d	parallel	test-suites-fixture-fault.sh	ok	19	0
1789619518	a058cfb3e64d	parallel	test-gh-intake.sh	ok	23	0
1789619970	a058cfb3e64d	parallel	test-orphan-test.sh	ok	17	0
1789620387	a058cfb3e64d	parallel	test-suites-containment.sh	skip	0	0
1789620198	a058cfb3e64d	parallel	test-schema.sh	ok	28	0
1789620269	a058cfb3e64d	parallel	test-skew-foreign.sh	ok	19	0
1789618912	a058cfb3e64d	parallel	test-builder-qa-proposed.sh	ok	4	0
1789619969	a058cfb3e64d	parallel	test-mail-sendmail.sh	ok	20	0
1789618879	a058cfb3e64d	parallel	test-batch.sh	ok	10	0
1789619230	a058cfb3e64d	parallel	test-cockpit-fuse.sh	ok	18	0
1789620294	a058cfb3e64d	parallel	test-sin-exempt.sh	ok	11	0
1789619297	a058cfb3e64d	parallel	test-cockpit-snap-absent.sh	ok	7	0
1789619703	a058cfb3e64d	parallel	test-install-dolt-mode.sh	ok	7	0
1789619450	a058cfb3e64d	parallel	test-fayth-free.sh	ok	10	0
1789619125	a058cfb3e64d	parallel	test-check5-landed-no-delivers.sh	ok	9	0
1789619333	a058cfb3e64d	parallel	test-cockpit-unclaimable.sh	ok	13	0
1789619538	a058cfb3e64d	parallel	test-incident-delivers-satisfiable.sh	ok	7	0
1789620120	a058cfb3e64d	parallel	test-repo.sh	ok	4	0
1789619022	a058cfb3e64d	parallel	test-check2-reclaim.sh	ok	10	0
1789620594	a058cfb3e64d	parallel	test-testenv-stdin.sh	skip	5	0
1789619443	a058cfb3e64d	parallel	test-doctor-snap-fresh.sh	ok	9	0
1789620464	a058cfb3e64d	parallel	test-suites-timeout.sh	ok	23	0
1789620749	a058cfb3e64d	parallel	test-watchtower.sh	ok	161	0
1789620752	a058cfb3e64d	parallel	test-world-drain.sh	ok	13	0
1789619294	a058cfb3e64d	parallel	test-cockpit-runtime-path.sh	ok	8	0
1789619356	a058cfb3e64d	parallel	test-concierge.sh	ok	30	0
1789618910	a058cfb3e64d	parallel	test-bin-manifest.sh	ok	9	0
1789619535	a058cfb3e64d	parallel	test-id-prefix.sh	ok	6	0
1789620620	a058cfb3e64d	parallel	test-unclaimable-cycle.sh	ok	3	0
1789619765	a058cfb3e64d	parallel	test-inventory.sh	ok	29	0
1789619447	a058cfb3e64d	parallel	test-doctor-unit-dup.sh	ok	10	0
1789619404	a058cfb3e64d	parallel	test-dependents.sh	ok	10	0
1789620026	a058cfb3e64d	parallel	test-pilgrimage.sh	ok	23	0
1789620094	a058cfb3e64d	parallel	test-release.sh	ok	29	0
1789619907	a058cfb3e64d	parallel	test-landing.sh	ok	147	0
1789619753	a058cfb3e64d	parallel	test-install-self-test.sh	ok	9	0
1789619224	a058cfb3e64d	parallel	test-ci-park.sh	ok	35	0
1789620624	a058cfb3e64d	parallel	test-unclaimable-bead.sh	ok	20	0
1789619503	a058cfb3e64d	parallel	test-gate-retry.sh	ok	11	0
1789619908	a058cfb3e64d	parallel	test-loom-rebuild.sh	ok	6	0
1789620596	a058cfb3e64d	parallel	test-testenv-tmux-isolation.sh	ok	3	0
1789620195	a058cfb3e64d	parallel	test-schema-migration-guard.sh	ok	15	0
1789618925	a058cfb3e64d	parallel	test-census-blind.sh	ok	14	0
1789619949	a058cfb3e64d	parallel	test-mail-fence.sh	ok	25	0
1789618966	a058cfb3e64d	parallel	test-canary.sh	ok	42	0
1789618845	a058cfb3e64d	parallel	test-auron.sh	ok	77	0
1789619446	a058cfb3e64d	parallel	test-elastic-ceiling.sh	ok	13	0
1789620673	a058cfb3e64d	parallel	test-watchd-health-ids.sh	ok	8	0
1789619435	a058cfb3e64d	parallel	test-doctor-events-probe.sh	ok	11	0
1789618565	a058cfb3e64d	parallel	test-aeon-dirty-commit.sh	skip	0	0
1789620490	a058cfb3e64d	parallel	test-suites-watchdog-classify.sh	ok	6	0
1789619534	a058cfb3e64d	parallel	test-hold.sh	ok	21	0
1789619425	a058cfb3e64d	parallel	test-deploy.sh	ok	20	0
1789620386	a058cfb3e64d	parallel	test-suites-confirm-red.sh	ok	18	0
1789619449	a058cfb3e64d	parallel	test-events-nodolt.sh	ok	24	0
1789620360	a058cfb3e64d	parallel	test-strand-truncated.sh	ok	12	0
1789619405	a058cfb3e64d	parallel	test-destroy-branch.sh	ok	12	0
1789619327	a058cfb3e64d	parallel	test-cockpit-tiered-collector.sh	ok	35	0
1789619313	a058cfb3e64d	parallel	test-cockpit-sop.sh	ok	19	0
1789620198	a058cfb3e64d	parallel	test-scope-label.sh	ok	14	0
1789620358	a058cfb3e64d	parallel	test-strand-lock.sh	ok	3	0
1789619750	a058cfb3e64d	parallel	test-install-paths.sh	ok	12	0
1789620597	a058cfb3e64d	parallel	test-thrash.sh	ok	18	0
1789619244	a058cfb3e64d	parallel	test-cockpit-gate.sh	ok	20	0
1789620004	a058cfb3e64d	parallel	test-panel.sh	ok	1	0
1789620346	a058cfb3e64d	parallel	test-statusline.sh	ok	16	0
1789620594	a058cfb3e64d	parallel	test-testenv-mode.sh	skip	3	0
1789619953	a058cfb3e64d	parallel	test-migrate-ask.sh	ok	14	0
1789620664	a058cfb3e64d	parallel	test-watchd-halt-health.sh	ok	7	0
1789619349	a058cfb3e64d	parallel	test-cockpit-unsent.sh	ok	10	0
1789620749	a058cfb3e64d	parallel	test-wire-token.sh	ok	6	0
1789619258	a058cfb3e64d	parallel	test-cockpit-mouse.sh	ok	7	0
1789619590	a058cfb3e64d	parallel	test-incident-dedup.sh	ok	8	0
1789620224	a058cfb3e64d	parallel	test-sending-empty-commit.sh	ok	10	0
1789619276	a058cfb3e64d	parallel	test-cockpit-queue.sh	ok	21	0
1789619502	a058cfb3e64d	parallel	test-gate-missing-cmd.sh	ok	7	0
1789620588	a058cfb3e64d	parallel	test-suites-unreached.sh	ok	10	0
1789620444	a058cfb3e64d	parallel	test-suites-red-dedup.sh	ok	6	0
1789618879	a058cfb3e64d	parallel	test-bd-lock-retry.sh	ok	11	0
1789620610	a058cfb3e64d	parallel	test-tokens.sh	ok	11	0
1789619295	a058cfb3e64d	parallel	test-cockpit-rebuild.sh	ok	26	0
1789618630	a058cfb3e64d	parallel	test-aeon-prod-dirty.sh	ok	8	0
1789619101	a058cfb3e64d	parallel	test-check5-delivers-falls-through.sh	ok	7	0
1789620436	a058cfb3e64d	parallel	test-suites-result-files.sh	ok	9	0
1789620316	a058cfb3e64d	parallel	test-slay.sh	ok	47	0
1789619745	a058cfb3e64d	parallel	test-install-migrate.sh	ok	16	0
1789619212	a058cfb3e64d	parallel	test-cockpit-collector-watchdog.sh	ok	5	0
1789619896	a058cfb3e64d	parallel	test-loom-ops.sh	skip	0	0
1789618784	a058cfb3e64d	parallel	test-attribution.sh	ok	27	0
1789618953	a058cfb3e64d	parallel	test-census-events.sh	ok	17	0
1789618909	a058cfb3e64d	parallel	test-beads-push-commit.sh	ok	6	0
1789620267	a058cfb3e64d	parallel	test-skew-escalate.sh	ok	19	0
1789618896	a058cfb3e64d	parallel	test-artifact-install.sh	ok	15	0
1789620190	a058cfb3e64d	parallel	test-runner-deps.sh	ok	13	0
1789619498	a058cfb3e64d	parallel	test-gate-check-red-twice.sh	ok	7	0
1789620331	a058cfb3e64d	parallel	test-sop-lint.sh	ok	28	0
1789620248	a058cfb3e64d	parallel	test-sentinel.sh	ok	3	0
1789619459	a058cfb3e64d	parallel	test-freshclone.sh	ok	7	0
1789619058	a058cfb3e64d	parallel	test-check5-body-search.sh	ok	9	0
1789619462	a058cfb3e64d	parallel	test-gate-base-evidence.sh	ok	9	0
1789620052	a058cfb3e64d	parallel	test-pr-notify.sh	ok	46	0
1789619444	a058cfb3e64d	parallel	test-drain-banner.sh	ok	11	0
1789619332	a058cfb3e64d	parallel	test-cockpit-tmp.sh	ok	11	0
1789620357	a058cfb3e64d	parallel	test-strand-ghost-teardown.sh	ok	3	0
1789619435	a058cfb3e64d	parallel	test-doctor-enable-drift.sh	ok	23	0
1789620093	a058cfb3e64d	parallel	test-release-workflow.sh	ok	9	0
1789620146	a058cfb3e64d	parallel	test-requeue-cap.sh	ok	6	0
1789619002	a058cfb3e64d	parallel	test-chamber-repo-labels.sh	ok	6	0
1789620461	a058cfb3e64d	parallel	test-suites-setup-fault.sh	ok	18	0
1789619429	a058cfb3e64d	parallel	test-doctor-dolt.sh	ok	13	0
1789620179	a058cfb3e64d	parallel	test-resolve-output.sh	ok	7	0
1789619816	a058cfb3e64d	parallel	test-layout-guard.sh	ok	5	0
1789619443	a058cfb3e64d	parallel	test-doctor-schema.sh	ok	12	0
1789619926	a058cfb3e64d	parallel	test-loop-readonly.sh	ok	11	0
1789619530	a058cfb3e64d	parallel	test-gh-run-gate.sh	ok	18	0
1789620667	a058cfb3e64d	parallel	test-watchd-prune.sh	ok	13	0
1789618565	a058cfb3e64d	parallel	test-activate.sh	ok	22	0
1789618652	a058cfb3e64d	parallel	test-aeon-resume.sh	ok	13	0
1789620754	a058cfb3e64d	parallel	test-world-timer-names.sh	ok	11	0
1789620190	a058cfb3e64d	parallel	test-roster-warn.sh	ok	6	0
1789619370	a058cfb3e64d	parallel	test-content-landed-empty-branch.sh	ok	10	0
1789619355	a058cfb3e64d	parallel	test-cockpit-unlanded.sh	ok	23	0
1789620417	a058cfb3e64d	parallel	test-suites-hygiene.sh	ok	11	0
1789620659	a058cfb3e64d	parallel	test-verify-asks.sh	ok	22	0
1789620189	a058cfb3e64d	parallel	test-rollback.sh	ok	7	0
1789618895	a058cfb3e64d	parallel	test-bd-update-inflight-guard.sh	ok	21	0
1789619522	a058cfb3e64d	parallel	test-groomer.sh	ok	38	0
1789619333	a058cfb3e64d	parallel	test-cockpit-unit-notify.sh	ok	6	0
1789619004	a058cfb3e64d	parallel	test-census.sh	ok	21	0
1789619513	a058cfb3e64d	parallel	test-gate-workflow.sh	ok	56	0
1789620620	a058cfb3e64d	parallel	test-testenv-scratch.sh	ok	15	0
1789618882	a058cfb3e64d	parallel	test-bd-stdin.sh	ok	6	0
1789619731	a058cfb3e64d	parallel	test-install-instance.sh	ok	20	0
1789620043	a058cfb3e64d	parallel	test-ops-closing.sh	ok	44	0
1789620404	a058cfb3e64d	parallel	test-suites-cluster.sh	ok	17	0
1789620751	a058cfb3e64d	parallel	test-watchtower-lapse.sh	ok	29	0
1789619521	a058cfb3e64d	parallel	test-governor-host-cores.sh	ok	5	0
1789620752	a058cfb3e64d	parallel	test-world-start-revives-watchers.sh	ok	7	0
1789620684	a058cfb3e64d	parallel	test-watchd-tail.sh	ok	15	0
1789619701	a058cfb3e64d	parallel	test-install-conflicts.sh	ok	21	0
1789620356	a058cfb3e64d	parallel	test-statute-projection.sh	ok	16	0
1789619254	a058cfb3e64d	parallel	test-cockpit-layout-identity.sh	ok	5	0
1789618722	a058cfb3e64d	parallel	test-archivist.sh	ok	51	0
1789619407	a058cfb3e64d	parallel	test-destructive-bead.sh	ok	38	0
1789619252	a058cfb3e64d	parallel	test-cockpit-layout-conf.sh	ok	6	0
1789620105	a058cfb3e64d	parallel	test-released-defects.sh	ok	11	0
1789619895	a058cfb3e64d	parallel	test-livelock.sh	ok	57	0
1789620631	a058cfb3e64d	parallel	test-uninstall.sh	ok	23	0
1789619353	a058cfb3e64d	parallel	test-cockpit.sh	ok	22	0
1789619256	a058cfb3e64d	parallel	test-cockpit-layout-mail.sh	ok	12	0
1789620596	a058cfb3e64d	parallel	test-testenv.sh	skip	0	0
1789620200	a058cfb3e64d	parallel	test-select.sh	ok	67	0
1789620586	a058cfb3e64d	parallel	test-testenv-doctor-check.sh	ok	13	0
1789620249	a058cfb3e64d	parallel	test-sentinel-capacity.sh	ok	6	0
1789618909	a058cfb3e64d	parallel	test-bead-lint.sh	ok	10	0
1789618845	a058cfb3e64d	parallel	test-batch-maxpar.sh	ok	6	0
1789619329	a058cfb3e64d	parallel	test-cockpit-sweep.sh	ok	15	0
1789620004	a058cfb3e64d	parallel	test-parallel-isolation.sh	skip	0	0
1789619950	a058cfb3e64d	parallel	test-mail-health.sh	ok	13	0
1789618563	a058cfb3e64d	parallel	test-requires.sh	skip-req	0	0
1789620646	a058cfb3e64d	parallel	test-verdict.sh	ok	30	0
1789619732	a058cfb3e64d	parallel	test-install-landref.sh	ok	14	0
1789619749	a058cfb3e64d	parallel	test-install-rehearsal.sh	skip	0	0
1789619197	a058cfb3e64d	parallel	test-check5-nopayload.sh	ok	24	0
1789620674	a058cfb3e64d	parallel	test-watchd-unit-name.sh	ok	17	0
1789619705	a058cfb3e64d	parallel	test-incident.sh	ok	21	0
1789620585	a058cfb3e64d	parallel	test-testenv-batch.sh	skip	11	0
1789619423	a058cfb3e64d	parallel	test-doctor-checkout-mode.sh	ok	15	0
1789619951	a058cfb3e64d	parallel	test-mail-kinds.sh	ok	44	0
1789619249	a058cfb3e64d	parallel	test-cockpit-dup-refs.sh	ok	19	0
1789620356	a058cfb3e64d	parallel	test-strand-capacity.sh	ok	5	0
1789619437	a058cfb3e64d	parallel	test-doctor-missing-store.sh	ok	4	0
1789619748	a058cfb3e64d	parallel	test-install-prod-checkout.sh	ok	6	0
1789618913	a058cfb3e64d	parallel	test-capacity-probe.sh	ok	11	0
1789620072	a058cfb3e64d	parallel	test-reclaim-escalated.sh	ok	10	0
1789619296	a058cfb3e64d	parallel	test-cockpit-self.sh	ok	33	0
1789619471	a058cfb3e64d	parallel	test-focus-close-guard.sh	ok	19	0
1789619816	a058cfb3e64d	parallel	test-lanes.sh	ok	27	0
1789619516	a058cfb3e64d	parallel	test-gate-tree.sh	ok	14	0
1789618911	a058cfb3e64d	parallel	test-budget-drift.sh	ok	3	0
1789620569	a058cfb3e64d	parallel	test-superseded.sh	ok	18	0
1789620188	a058cfb3e64d	parallel	test-requeue.sh	ok	25	0
1789619952	a058cfb3e64d	parallel	test-mail.sh	ok	41	0
1789620609	a058cfb3e64d	parallel	test-tmux-env.sh	ok	13	0
1789620119	a058cfb3e64d	parallel	test-repo-label.sh	ok	15	0
1789620663	a058cfb3e64d	parallel	test-watch-notify.sh	ok	118	0
1789619261	a058cfb3e64d	parallel	test-cockpit-layout.sh	ok	7	0
1789620755	a058cfb3e64d	parallel	test-world-timer-service-result.sh	ok	10	0
1789620754	a058cfb3e64d	parallel	test-world-start-honours-ctrl.sh	ok	10	0
1789619186	a058cfb3e64d	parallel	test-check8-progressed.sh	ok	4	0
1789620056	a058cfb3e64d	parallel	test-queue-protect.sh	ok	12	0
1789618911	a058cfb3e64d	parallel	test-build.sh	ok	14	0
1789620092	a058cfb3e64d	parallel	test-reclaim-slay-branch-guard.sh	ok	23	0
1789620359	a058cfb3e64d	parallel	test-spike.sh	ok	88	0
1789620357	a058cfb3e64d	parallel	test-strand-deferred.sh	ok	7	0
1789620589	a058cfb3e64d	parallel	test-testenv-registry.sh	ok	14	0
1789620666	a058cfb3e64d	parallel	test-watch-refresh.sh	ok	81	0
1789619371	a058cfb3e64d	parallel	test-covers-entries.sh	ok	2	0
1789620265	a058cfb3e64d	parallel	test-set-state-writers.sh	ok	10	0
1789620315	a058cfb3e64d	parallel	test-soak.sh	ok	7	0
1789620631	a058cfb3e64d	parallel	test-unit-name.sh	ok	11	0
1789619050	a058cfb3e64d	parallel	test-check4-events.sh	ok	21	0
1789620595	a058cfb3e64d	parallel	test-testenv-suites.sh	skip	5	0
1789620632	a058cfb3e64d	parallel	test-unit-restart-limits.sh	ok	6	0
1789619696	a058cfb3e64d	parallel	test-install-conf-seed.sh	ok	11	0
1789619731	a058cfb3e64d	parallel	test-install-idempotent.sh	ok	15	0
1789620750	a058cfb3e64d	parallel	test-work-services-exclusion.sh	ok	7	0
1789619910	a058cfb3e64d	parallel	test-loom-page.sh	ok	46	0
1789619499	a058cfb3e64d	parallel	test-gate-discover-branch.sh	ok	5	0
1789618649	a058cfb3e64d	parallel	test-aeon-sweep.sh	ok	13	0
1789620596	a058cfb3e64d	parallel	test-testenv-timeout.sh	skip	0	0
1789620461	a058cfb3e64d	parallel	test-suites-timer.sh	ok	16	0
1789620586	a058cfb3e64d	parallel	test-testenv-image-tag.sh	ok	6	0
1789619077	a058cfb3e64d	parallel	test-check5-content-landed.sh	ok	12	0
1789618565	a058cfb3e64d	parallel	test-aeon-heartbeat.sh	skip	0	0
1789618909	a058cfb3e64d	parallel	test-beads-sparklines.sh	ok	15	0
1789619102	a058cfb3e64d	parallel	test-check5-drop.sh	ok	13	0
1789620585	a058cfb3e64d	parallel	test-testenv-batch-fence.sh	ok	20	0
1789620370	a058cfb3e64d	parallel	test-submit.sh	ok	15	0
1789619626	a058cfb3e64d	parallel	test-incident-recur-bounded.sh	ok	6	0
1789620772	a058cfb3e64d	parallel	test-yield.sh	ok	74	0
1789619386	a058cfb3e64d	parallel	test-ctx-pointer.sh	ok	22	0
1789620238	a058cfb3e64d	parallel	test-sending-squash-merged.sh	ok	9	0
1789619712	a058cfb3e64d	parallel	test-install-exec.sh	ok	12	0
# literal-ok: measurement data; the configured name is part of a suite FILENAME harvested from this tree, not a label read here.
1789620073	a058cfb3e64d	parallel	test-reclaim-needs-ryan.sh	ok	6	0
1789619503	a058cfb3e64d	parallel	test-gate-preflight.sh	ok	10	0
1789619402	a058cfb3e64d	parallel	test-ctrl.sh	ok	45	0
1789619705	a058cfb3e64d	parallel	test-install-dolt.sh	ok	16	0
1789620118	a058cfb3e64d	parallel	test-render-memories.sh	ok	32	0
1789620360	a058cfb3e64d	parallel	test-suite-cleanup.sh	ok	5	0
1789620583	a058cfb3e64d	parallel	test-testdb-failsafe.sh	ok	48	0
1789619356	a058cfb3e64d	parallel	test-conf.sh	ok	28	0
1789619357	a058cfb3e64d	parallel	test-containment.sh	ok	22	0
1789619281	a058cfb3e64d	parallel	test-cockpit-remote.sh	ok	14	0
1789619504	a058cfb3e64d	parallel	test-gate-touched.sh	ok	3	0
1789618588	a058cfb3e64d	parallel	test-aeon-exit.sh	ok	10	0
1789619959	a058cfb3e64d	parallel	test-now.sh	ok	88	0
1789619534	a058cfb3e64d	parallel	test-host-unit-names.sh	skip	0	0
1789618912	a058cfb3e64d	parallel	test-cadence-tool.sh	skip	0	0
1789620361	a058cfb3e64d	parallel	test-suite-state.sh	ok	0	0
1789619384	a058cfb3e64d	parallel	test-content-landed-no-reopen.sh	ok	10	0
1789619265	a058cfb3e64d	parallel	test-cockpit-probe-fault.sh	ok	43	0
1789618881	a058cfb3e64d	parallel	test-bd-resolve.sh	ok	8	0
1789620643	a058cfb3e64d	parallel	test-unmapped-repo-park.sh	ok	5	0
1789618700	a058cfb3e64d	parallel	test-answers-premise-rejected.sh	ok	20	0
1789619384	a058cfb3e64d	parallel	test-cross-repo.sh	ok	8	0
1789619484	a058cfb3e64d	parallel	test-gate-check-flaky.sh	ok	5	0
1789620060	a058cfb3e64d	parallel	test-ready.sh	ok	59	0
1789620663	a058cfb3e64d	parallel	test-watch-unit-restart.sh	ok	5	0
1789619463	a058cfb3e64d	parallel	test-gate-base-selection.sh	ok	5	0
1789618653	a058cfb3e64d	parallel	test-aeon-worktree-guard.sh	ok	7	0
1789620608	a058cfb3e64d	parallel	test-timeout.sh	ok	22	0
1789618911	a058cfb3e64d	parallel	test-branch-guard.sh	ok	14	0
1789619293	a058cfb3e64d	parallel	test-cockpit-repo-labels.sh	ok	16	0
1789618730	a058cfb3e64d	parallel	test-aeon-verdict.sh	ok	41	0
1789619445	a058cfb3e64d	parallel	test-drain-expiry.sh	ok	13	0
1789619815	a058cfb3e64d	parallel	test-lane-ceiling.sh	ok	9	0
1789619279	a058cfb3e64d	parallel	test-cockpit-ready-seeded.sh	ok	7	0
1789620003	a058cfb3e64d	parallel	test-pane-fyi.sh	ok	26	0
1789620634	a058cfb3e64d	parallel	test-unit-drift.sh	ok	16	0
1789620266	a058cfb3e64d	parallel	test-skew-check-release.sh	ok	15	0
1789620549	a058cfb3e64d	parallel	test-suites.sh	ok	75	0
1789619280	a058cfb3e64d	parallel	test-cockpit-ready.sh	ok	11	0
1789620757	a058cfb3e64d	parallel	test-world.sh	ok	36	0
1789619457	a058cfb3e64d	parallel	test-event.sh	ok	36	0
1789660558	a07044f3c834	parallel	test-verdict.sh	ok	40	0
1789589891	a0cf347a4851	parallel	test-migrate-ask.sh	red	1	13
1789546616	a10506bfd830	parallel	test-cockpit-mouse.sh	ok	7	0
1789657389	a14ea21e9f91	parallel	test-landing-race.sh	ok	25	0
1789542468	a1571992a569	parallel	test-promote.sh	ok	19	0
1789622666	a181238f00eb	parallel	test-gate-verdict.sh	ok	36	0
1789622666	a181238f00eb	parallel	test-host-reason.sh	ok	24	0
1789622719	a181238f00eb	parallel	test-attempts.sh	ok	49	0
1789622722	a181238f00eb	parallel	test-scratch-fence.sh	ok	15	0
1789622728	a181238f00eb	parallel	test-literal-lint.sh	ok	31	0
1789622724	a181238f00eb	parallel	test-gate-missing-cmd.sh	ok	7	0
1789622719	a181238f00eb	parallel	test-sop-lint.sh	ok	28	0
1789622687	a181238f00eb	parallel	test-yield.sh	ok	74	0
1789576882	a2171f2fa847	parallel	test-doctor-bd-tag.sh	ok	16	0
1789576883	a2171f2fa847	parallel	test-doctor-cargo.sh	ok	11	0
1789576892	a2171f2fa847	parallel	test-doctor-goal.sh	ok	8	0
1789576892	a2171f2fa847	parallel	test-doctor-snap-fresh.sh	ok	9	0
1789576878	a2171f2fa847	parallel	test-bin-manifest.sh	ok	9	0
1789576895	a2171f2fa847	parallel	test-doctor-unit-dup.sh	ok	10	0
1789576892	a2171f2fa847	parallel	test-doctor-events-probe.sh	ok	11	0
1789576889	a2171f2fa847	parallel	test-doctor-enable-drift.sh	ok	23	0
1789576883	a2171f2fa847	parallel	test-doctor-dolt.sh	ok	13	0
1789576893	a2171f2fa847	parallel	test-doctor-schema.sh	ok	12	0
1789576882	a2171f2fa847	parallel	test-doctor-checkout-mode.sh	ok	15	0
1789576878	a2171f2fa847	parallel	test-testenv-image-tag.sh	ok	6	0
1789596147	a4f8626a0db4	parallel	test-ask-help.sh	ok	28	0
1789596555	a4f8626a0db4	parallel	test-poison.sh	ok	44	0
1789596251	a4f8626a0db4	parallel	test-incident-recur-cause.sh	ok	16	0
1789596505	a4f8626a0db4	parallel	test-strand-partition.sh	ok	18	0
1789596470	a4f8626a0db4	parallel	test-sin-exempt.sh	ok	11	0
1789596385	a4f8626a0db4	parallel	test-pilgrimage.sh	ok	29	0
1789596389	a4f8626a0db4	parallel	test-landing.sh	ok	147	0
1789596503	a4f8626a0db4	parallel	test-strand-lock.sh	ok	3	0
1789596218	a4f8626a0db4	parallel	test-incident-dedup.sh	ok	8	0
1789596539	a4f8626a0db4	parallel	test-suites-red-dedup.sh	ok	6	0
1789596471	a4f8626a0db4	parallel	test-skew-escalate.sh	ok	20	0
1789596426	a4f8626a0db4	parallel	test-sentinel.sh	ok	3	0
1789596416	a4f8626a0db4	parallel	test-requeue-cap.sh	ok	6	0
1789596583	a4f8626a0db4	parallel	test-verify-asks.sh	ok	22	0
1789596346	a4f8626a0db4	parallel	test-incident.sh	ok	24	0
1789596144	a4f8626a0db4	parallel	test-ask-law.sh	ok	28	0
1789596501	a4f8626a0db4	parallel	test-strand-capacity.sh	ok	5	0
1789596560	a4f8626a0db4	parallel	test-superseded.sh	ok	18	0
1789596588	a4f8626a0db4	parallel	test-watch-notify.sh	red	114	4
1789596500	a4f8626a0db4	parallel	test-spike.sh	ok	88	0
1789596186	a4f8626a0db4	parallel	test-check4-events.sh	ok	21	0
1789596255	a4f8626a0db4	parallel	test-incident-recur-bounded.sh	ok	6	0
1789596571	a4f8626a0db4	parallel	test-unmapped-repo-park.sh	ok	5	0
1789596566	a4f8626a0db4	parallel	test-timeout.sh	ok	22	0
1789596160	a4f8626a0db4	parallel	test-event.sh	ok	36	0
1789500221	a536beda9c56	parallel	test-doctor-events-probe.sh	ok	11	0
1789514103	a572ce7a2cd2	parallel	test-watchtower.sh	ok	156	0
1789458743	a67773631967	parallel	test-citations.sh	ok	20	0
1789458726	a67773631967	parallel	test-gate-verdict.sh	ok	36	0
1789458727	a67773631967	parallel	test-maechen.sh	ok	43	0
1789458772	a67773631967	parallel	test-install-unit-directive.sh	ok	11	0
1789458711	a67773631967	parallel	test-cadence.sh	skip	0	0
1789458728	a67773631967	parallel	test-promote.sh	ok	16	0
1789458766	a67773631967	parallel	test-install-aeons.sh	ok	25	0
# literal-ok: measurement data; the configured name is part of a suite FILENAME harvested from this tree, not a label read here.
1789458731	a67773631967	parallel	test-aeon-world-stop.sh	ok	19	0
1789458752	a67773631967	parallel	test-install-halt.sh	ok	6	0
1789458713	a67773631967	parallel	test-configure.sh	ok	18	0
1789458719	a67773631967	parallel	test-fayth-predicates.sh	ok	23	0
1789458778	a67773631967	parallel	test-session-hook.sh	ok	93	0
1789458744	a67773631967	parallel	test-review.sh	ok	25	0
1789458726	a67773631967	parallel	test-maechen-trigger.sh	ok	45	0
1789458721	a67773631967	parallel	test-groom-trigger.sh	ok	18	0
1789458708	a67773631967	parallel	test-cockpit-runtime-path.sh	ok	8	0
1789458718	a67773631967	parallel	test-doctor-unit-dup.sh	ok	10	0
1789458731	a67773631967	parallel	test-scope-label.sh	ok	14	0
1789458780	a67773631967	parallel	test-install-paths.sh	ok	12	0
1789458720	a67773631967	parallel	test-gate-missing-cmd.sh	ok	7	0
1789458710	a67773631967	parallel	test-bd-lock-retry.sh	ok	11	0
1789458771	a67773631967	parallel	test-install-migrate.sh	red	15	1
1789458722	a67773631967	parallel	test-beads-push-commit.sh	ok	6	0
1789458720	a67773631967	parallel	test-freshclone.sh	ok	7	0
1789458708	a67773631967	parallel	test-resolve-output.sh	ok	7	0
1789458718	a67773631967	parallel	test-doctor-schema.sh	ok	12	0
1789458722	a67773631967	parallel	test-groomer.sh	ok	38	0
1789458768	a67773631967	parallel	test-install-instance.sh	ok	20	0
1789458714	a67773631967	parallel	test-archivist.sh	ok	51	0
1789458781	a67773631967	parallel	test-uninstall.sh	ok	23	0
1789458709	a67773631967	parallel	test-batch-maxpar.sh	ok	6	0
1789458759	a67773631967	parallel	test-install-landref.sh	ok	14	0
1789458767	a67773631967	parallel	test-install-rehearsal.sh	skip	0	0
1789458733	a67773631967	parallel	test-watchd-unit-name.sh	ok	17	0
1789458724	a67773631967	parallel	test-lanes.sh	ok	27	0
1789458711	a67773631967	parallel	test-budget-drift.sh	ok	3	0
1789458790	a67773631967	parallel	test-watch-notify.sh	ok	84	0
1789458733	a67773631967	parallel	test-unit-name.sh	ok	11	0
1789458758	a67773631967	parallel	test-install-conf-seed.sh	ok	11	0
1789458766	a67773631967	parallel	test-install-idempotent.sh	ok	15	0
1789458733	a67773631967	parallel	test-work-services-exclusion.sh	ok	7	0
1789458771	a67773631967	parallel	test-suites-timer.sh	ok	13	0
1789458732	a67773631967	parallel	test-testenv-image-tag.sh	ok	5	0
1789458730	a67773631967	parallel	test-install-exec.sh	ok	12	0
1789458749	a67773631967	parallel	test-ctrl.sh	ok	45	0
1789458740	a67773631967	parallel	test-render-memories.sh	ok	25	0
1789458712	a67773631967	parallel	test-conf.sh	ok	24	0
1789458714	a67773631967	parallel	test-containment.sh	ok	22	0
1789458723	a67773631967	parallel	test-host-unit-names.sh	skip	0	0
1789458710	a67773631967	parallel	test-bd-resolve.sh	ok	8	0
1789458730	a67773631967	parallel	test-ready.sh	ok	52	0
1789458781	a67773631967	parallel	test-unit-drift.sh	ok	16	0
1789452201	a7d5be0bc623	parallel	test-requeue.sh	red	21	6
1789663385	a80cfc1ba97d	parallel	test-aeon-fence.sh	ok	20	0
1789657149	a81ee3872a2f	parallel	test-deploy.sh	ok	31	0
1789473223	a84d3790ba8a	parallel	test-citations.sh	ok	20	0
1789472894	a84d3790ba8a	parallel	test-check5-delivers-check.sh	ok	15	0
1789473151	a84d3790ba8a	parallel	test-host-reason.sh	ok	24	0
1789473129	a84d3790ba8a	parallel	test-sending-unlanded-guard.sh	ok	10	0
1789473165	a84d3790ba8a	parallel	test-output-visibility.sh	ok	9	0
1789473182	a84d3790ba8a	parallel	test-poison.sh	ok	44	0
1789472858	a84d3790ba8a	parallel	test-aeon-ledger.sh	ok	47	0
1789473004	a84d3790ba8a	parallel	test-incident-cause.sh	ok	2	0
1789473056	a84d3790ba8a	parallel	test-promote.sh	ok	16	0
1789472874	a84d3790ba8a	parallel	test-attempts.sh	ok	49	0
# literal-ok: measurement data; the configured name is part of a suite FILENAME harvested from this tree, not a label read here.
1789472873	a84d3790ba8a	parallel	test-aeon-world-stop.sh	ok	19	0
1789473026	a84d3790ba8a	parallel	test-incident-recur-cause.sh	ok	11	0
1789472956	a84d3790ba8a	parallel	test-census-watermark.sh	ok	11	0
1789473003	a84d3790ba8a	parallel	test-fayth.sh	ok	9	0
1789472819	a84d3790ba8a	parallel	test-aeon-lease.sh	ok	15	0
1789473038	a84d3790ba8a	parallel	test-maechen-blind-window.sh	ok	5	0
1789473143	a84d3790ba8a	parallel	test-worktree-absent.sh	ok	6	0
1789473104	a84d3790ba8a	parallel	test-review.sh	ok	25	0
1789473054	a84d3790ba8a	parallel	test-landed-stays-landed.sh	ok	14	0
1789473202	a84d3790ba8a	parallel	test-suites-fixture-fault.sh	ok	19	0
1789473144	a84d3790ba8a	parallel	test-orphan-test.sh	ok	17	0
1789472931	a84d3790ba8a	parallel	test-builder-qa-proposed.sh	ok	4	0
1789472987	a84d3790ba8a	parallel	test-cockpit-fuse.sh	ok	18	0
1789473002	a84d3790ba8a	parallel	test-fayth-free.sh	ok	10	0
1789473089	a84d3790ba8a	parallel	test-repo.sh	ok	4	0
1789472960	a84d3790ba8a	parallel	test-check2-reclaim.sh	ok	10	0
1789473213	a84d3790ba8a	parallel	test-suites-timeout.sh	ok	23	0
1789472989	a84d3790ba8a	parallel	test-concierge.sh	ok	10	0
1789473142	a84d3790ba8a	parallel	test-unclaimable-cycle.sh	ok	3	0
1789473075	a84d3790ba8a	parallel	test-release.sh	ok	22	0
1789473116	a84d3790ba8a	parallel	test-landing.sh	ok	142	0
1789472901	a84d3790ba8a	parallel	test-ci-park.sh	ok	35	0
1789473142	a84d3790ba8a	parallel	test-unclaimable-bead.sh	ok	16	0
1789472944	a84d3790ba8a	parallel	test-census-blind.sh	red	14	2
1789473001	a84d3790ba8a	parallel	test-elastic-ceiling.sh	ok	13	0
1789473000	a84d3790ba8a	parallel	test-doctor-events-probe.sh	ok	6	0
1789472817	a84d3790ba8a	parallel	test-aeon-dirty-commit.sh	skip	0	0
1789473227	a84d3790ba8a	parallel	test-suites-watchdog-classify.sh	ok	6	0
1789473014	a84d3790ba8a	parallel	test-hold.sh	ok	21	0
1789473182	a84d3790ba8a	parallel	test-suites-confirm-red.sh	ok	18	0
1789473001	a84d3790ba8a	parallel	test-events-nodolt.sh	ok	24	0
1789472996	a84d3790ba8a	parallel	test-destroy-branch.sh	ok	12	0
1789473105	a84d3790ba8a	parallel	test-scope-label.sh	ok	14	0
1789472920	a84d3790ba8a	parallel	test-thrash.sh	ok	18	0
1789473116	a84d3790ba8a	parallel	test-sending-empty-commit.sh	ok	10	0
1789473326	a84d3790ba8a	parallel	test-suites-unreached.sh	ok	10	0
1789472847	a84d3790ba8a	parallel	test-aeon-prod-dirty.sh	ok	8	0
1789473201	a84d3790ba8a	parallel	test-suites-result-files.sh	ok	9	0
1789473175	a84d3790ba8a	parallel	test-slay.sh	ok	47	0
1789472958	a84d3790ba8a	parallel	test-census-events.sh	ok	9	0
1789473128	a84d3790ba8a	parallel	test-sentinel.sh	ok	3	0
1789472902	a84d3790ba8a	parallel	test-freshclone.sh	ok	7	0
1789472981	a84d3790ba8a	parallel	test-check5-body-search.sh	ok	9	0
1789473104	a84d3790ba8a	parallel	test-requeue-cap.sh	ok	2	0
1789473208	a84d3790ba8a	parallel	test-suites-setup-fault.sh	ok	18	0
1789472915	a84d3790ba8a	parallel	test-gh-run-gate.sh	ok	18	0
1789472848	a84d3790ba8a	parallel	test-aeon-resume.sh	ok	13	0
1789473003	a84d3790ba8a	parallel	test-content-landed-empty-branch.sh	ok	10	0
1789473258	a84d3790ba8a	parallel	test-testenv-scratch.sh	ok	15	0
1789472999	a84d3790ba8a	parallel	test-ops-closing.sh	ok	44	0
1789473192	a84d3790ba8a	parallel	test-suites-cluster.sh	ok	17	0
1789472998	a84d3790ba8a	parallel	test-destructive-bead.sh	ok	38	0
1789473074	a84d3790ba8a	parallel	test-livelock.sh	ok	45	0
1789473128	a84d3790ba8a	parallel	test-sentinel-capacity.sh	ok	6	0
1789473016	a84d3790ba8a	parallel	test-install-landref.sh	ok	14	0
1789473025	a84d3790ba8a	parallel	test-check5-nopayload.sh	ok	24	0
1789473068	a84d3790ba8a	parallel	test-reclaim-escalated.sh	ok	10	0
1789473015	a84d3790ba8a	parallel	test-focus-close-guard.sh	ok	19	0
1789473027	a84d3790ba8a	parallel	test-lanes.sh	ok	27	0
1789473144	a84d3790ba8a	parallel	test-budget-drift.sh	ok	3	0
1789473148	a84d3790ba8a	parallel	test-superseded.sh	ok	18	0
1789472945	a84d3790ba8a	parallel	test-requeue.sh	ok	27	0
1789473089	a84d3790ba8a	parallel	test-repo-label.sh	ok	15	0
1789472995	a84d3790ba8a	parallel	test-check8-progressed.sh	ok	4	0
1789473088	a84d3790ba8a	parallel	test-reclaim-slay-branch-guard.sh	ok	23	0
1789472928	a84d3790ba8a	parallel	test-set-state-writers.sh	ok	10	0
1789472888	a84d3790ba8a	parallel	test-check4-events.sh	ok	21	0
1789472855	a84d3790ba8a	parallel	test-aeon-sweep.sh	ok	13	0
1789472983	a84d3790ba8a	parallel	test-check5-content-landed.sh	ok	12	0
1789472818	a84d3790ba8a	parallel	test-aeon-heartbeat.sh	skip	0	0
1789472980	a84d3790ba8a	parallel	test-check5-drop.sh	ok	13	0
1789473119	a84d3790ba8a	parallel	test-sending-squash-merged.sh	ok	9	0
1789473088	a84d3790ba8a	parallel	test-render-memories.sh	ok	25	0
1789473151	a84d3790ba8a	parallel	test-suite-cleanup.sh	ok	5	0
1789473237	a84d3790ba8a	parallel	test-testdb-failsafe.sh	ok	48	0
1789472990	a84d3790ba8a	parallel	test-containment.sh	ok	22	0
1789472840	a84d3790ba8a	parallel	test-aeon-exit.sh	ok	10	0
1789473043	a84d3790ba8a	parallel	test-now.sh	ok	88	0
1789472938	a84d3790ba8a	parallel	test-unmapped-repo-park.sh	ok	4	0
1789472901	a84d3790ba8a	parallel	test-cross-repo.sh	ok	8	0
1789472849	a84d3790ba8a	parallel	test-aeon-worktree-guard.sh	ok	7	0
1789472931	a84d3790ba8a	parallel	test-timeout.sh	ok	22	0
1789472919	a84d3790ba8a	parallel	test-aeon-verdict.sh	ok	41	0
1789473000	a84d3790ba8a	parallel	test-drain-expiry.sh	ok	13	0
1789473026	a84d3790ba8a	parallel	test-lane-ceiling.sh	ok	9	0
1789473263	a84d3790ba8a	parallel	test-suites.sh	ok	73	0
1789472903	a84d3790ba8a	parallel	test-event.sh	ok	36	0
1789530822	a8520bba0ca5	parallel	test-install-conflicts.sh	ok	21	0
1789530821	a8520bba0ca5	parallel	test-doctor-checkout-mode.sh	ok	15	0
1789595194	a9119cad0855	parallel	test-incident-recur-bounded.sh	ok	6	0
1789548757	a9449a74a86d	parallel	test-watchd-health-ids.sh	ok	8	0
1789521986	a99b2b9046a3	parallel	test-citations.sh	ok	20	0
1789522125	a99b2b9046a3	parallel	test-artifact-install.sh	ok	15	0
1789521976	a99b2b9046a3	parallel	test-freshclone.sh	ok	7	0
1789521974	a99b2b9046a3	parallel	test-activate.sh	ok	22	0
1789521976	a99b2b9046a3	parallel	test-rollback.sh	ok	7	0
1789549444	a9a92322a4ed	parallel	test-world-timer-names.sh	ok	11	0
1789549443	a9a92322a4ed	parallel	test-world-timer-service-result.sh	ok	10	0
1789549449	a9a92322a4ed	parallel	test-world.sh	ok	36	0
1789587208	a9ad45e012c5	parallel	test-gate-check-flaky.sh	ok	5	0
1789566344	a9d12b6d82e7	serial	test-maechen-trigger.sh	red	46	2
1789616756	aa1d3597aa54	parallel	test-livelock.sh	ok	60	0
1789514165	aa3170983afc	parallel	test-gh-intake.sh	ok	18	0
1789514232	aa3170983afc	parallel	test-slay.sh	ok	47	0
1789521781	aa3d4a1c7d8c	parallel	test-activate.sh	ok	22	0
1789585093	aaef720e5822	parallel	test-mail-deliver.sh	ok	10	0
1789580224	ab022ad72cc0	parallel	test-citations.sh	ok	20	0
1789580188	ab022ad72cc0	parallel	test-gate-verdict.sh	ok	36	0
1789580169	ab022ad72cc0	parallel	test-doctor-bd-tag.sh	ok	16	0
1789580195	ab022ad72cc0	parallel	test-maechen.sh	red	44	1
1789580155	ab022ad72cc0	parallel	test-cadence.sh	skip	0	0
1789580200	ab022ad72cc0	parallel	test-promote.sh	ok	19	0
# literal-ok: measurement data; the configured name is part of a suite FILENAME harvested from this tree, not a label read here.
1789580177	ab022ad72cc0	parallel	test-aeon-world-stop.sh	ok	19	0
1789580175	ab022ad72cc0	parallel	test-doctor-goal.sh	ok	8	0
1789580198	ab022ad72cc0	parallel	test-priority-bands.sh	ok	6	0
1789580161	ab022ad72cc0	parallel	test-configure.sh	ok	18	0
1789580179	ab022ad72cc0	parallel	test-fayth-predicates.sh	ok	22	0
1789580218	ab022ad72cc0	parallel	test-review.sh	ok	25	0
1789580203	ab022ad72cc0	parallel	test-maechen-trigger.sh	ok	48	0
1789580184	ab022ad72cc0	parallel	test-groom-trigger.sh	ok	18	0
1789580157	ab022ad72cc0	parallel	test-cockpit-runtime-path.sh	ok	8	0
1789580153	ab022ad72cc0	parallel	test-bin-manifest.sh	ok	9	0
1789580181	ab022ad72cc0	parallel	test-doctor-unit-dup.sh	ok	10	0
1789580190	ab022ad72cc0	parallel	test-install-self-test.sh	ok	9	0
1789580208	ab022ad72cc0	parallel	test-scope-label.sh	ok	14	0
1789580156	ab022ad72cc0	parallel	test-cockpit-mouse.sh	ok	7	0
1789580182	ab022ad72cc0	parallel	test-gate-missing-cmd.sh	ok	7	0
1789580148	ab022ad72cc0	parallel	test-bd-lock-retry.sh	ok	11	0
1789580167	ab022ad72cc0	parallel	test-beads-push-commit.sh	ok	6	0
1789580307	ab022ad72cc0	parallel	test-artifact-install.sh	ok	15	0
1789580182	ab022ad72cc0	parallel	test-freshclone.sh	ok	7	0
1789580179	ab022ad72cc0	parallel	test-doctor-schema.sh	ok	12	0
1789580206	ab022ad72cc0	parallel	test-loop-readonly.sh	ok	11	0
1789580145	ab022ad72cc0	parallel	test-activate.sh	ok	22	0
1789580185	ab022ad72cc0	parallel	test-groomer.sh	ok	38	0
1789580152	ab022ad72cc0	parallel	test-archivist.sh	ok	51	0
1789580147	ab022ad72cc0	parallel	test-batch-maxpar.sh	ok	6	0
1789580212	ab022ad72cc0	parallel	test-watchd-unit-name.sh	ok	17	0
1789580172	ab022ad72cc0	parallel	test-doctor-checkout-mode.sh	ok	15	0
1789580190	ab022ad72cc0	parallel	test-lanes.sh	ok	27	0
1789580154	ab022ad72cc0	parallel	test-budget-drift.sh	ok	3	0
1789580197	ab022ad72cc0	parallel	test-mail.sh	ok	40	0
1789580210	ab022ad72cc0	parallel	test-testenv-registry.sh	ok	14	0
1789580217	ab022ad72cc0	parallel	test-covers-entries.sh	ok	2	0
1789580211	ab022ad72cc0	parallel	test-unit-name.sh	ok	11	0
1789580213	ab022ad72cc0	parallel	test-work-services-exclusion.sh	ok	7	0
1789580209	ab022ad72cc0	parallel	test-testenv-image-tag.sh	ok	6	0
1789580193	ab022ad72cc0	parallel	test-install-exec.sh	ok	12	0
1789580215	ab022ad72cc0	parallel	test-render-memories.sh	ok	25	0
1789580159	ab022ad72cc0	parallel	test-conf.sh	ok	28	0
1789580163	ab022ad72cc0	parallel	test-containment.sh	ok	22	0
1789580185	ab022ad72cc0	parallel	test-host-unit-names.sh	skip	0	0
1789580149	ab022ad72cc0	parallel	test-bd-resolve.sh	ok	8	0
1789580204	ab022ad72cc0	parallel	test-ready.sh	ok	59	0
1789504020	ab21e7668b4b	parallel	test-runner-deps.sh	ok	6	0
1789504020	ab21e7668b4b	parallel	test-gate-workflow.sh	ok	23	0
1789548798	ab30bc90cda6	parallel	test-watchd-health-ids.sh	ok	8	0
1789625314	ab3e63fce57d	parallel	test-certify.sh	ok	14	0
1789625293	ab3e63fce57d	parallel	test-batch.sh	ok	10	0
1789625290	ab3e63fce57d	parallel	test-attribution.sh	ok	27	0
1789594280	abc200ae5d96	parallel	test-ask-help.sh	red	18	10
1789594705	abc200ae5d96	parallel	test-poison.sh	ok	44	0
1789594405	abc200ae5d96	parallel	test-incident-recur-cause.sh	ok	16	0
1789594675	abc200ae5d96	parallel	test-strand-partition.sh	red	0	0
1789594641	abc200ae5d96	parallel	test-sin-exempt.sh	ok	11	0
1789594521	abc200ae5d96	parallel	test-pilgrimage.sh	red	15	8
1789594548	abc200ae5d96	parallel	test-landing.sh	ok	147	0
1789594674	abc200ae5d96	parallel	test-strand-lock.sh	red	0	0
1789594495	abc200ae5d96	parallel	test-migrate-ask.sh	ok	14	0
1789594367	abc200ae5d96	parallel	test-incident-dedup.sh	ok	8	0
1789594681	abc200ae5d96	parallel	test-suites-red-dedup.sh	red	0	0
1789594642	abc200ae5d96	parallel	test-skew-escalate.sh	ok	19	0
1789594593	abc200ae5d96	parallel	test-sentinel.sh	ok	3	0
1789594578	abc200ae5d96	parallel	test-requeue-cap.sh	ok	6	0
1789594734	abc200ae5d96	parallel	test-verify-asks.sh	ok	22	0
1789594492	abc200ae5d96	parallel	test-incident.sh	ok	21	0
1789594275	abc200ae5d96	parallel	test-ask-law.sh	red	1	11
1789594672	abc200ae5d96	parallel	test-strand-capacity.sh	red	0	0
1789594705	abc200ae5d96	parallel	test-superseded.sh	ok	18	0
1789594735	abc200ae5d96	parallel	test-watch-notify.sh	red	114	4
1789594671	abc200ae5d96	parallel	test-spike.sh	red	77	0
1789594316	abc200ae5d96	parallel	test-check4-events.sh	ok	21	0
1789594411	abc200ae5d96	parallel	test-incident-recur-bounded.sh	ok	6	0
1789594718	abc200ae5d96	parallel	test-unmapped-repo-park.sh	ok	5	0
1789594717	abc200ae5d96	parallel	test-timeout.sh	ok	22	0
1789594301	abc200ae5d96	parallel	test-event.sh	ok	36	0
1789526613	accb7c34d4c4	parallel	test-select.sh	ok	55	0
1789601914	acdf86415ae0	parallel	test-install-dolt.sh	ok	16	0
1789519671	ae5cab2e6f86	parallel	test-citations.sh	ok	20	0
1789519663	ae5cab2e6f86	parallel	test-freshclone.sh	ok	7	0
1789617997	af34e7f03fe2	serial	test-watchd-halt-health.sh	ok	7	0
1789617996	af34e7f03fe2	serial	test-watchd-tail.sh	red	7	8
1789520487	af94f32e85fd	parallel	test-aeon-sweep.sh	ok	13	0
1789617780	b08b3154fda7	parallel	test-concierge.sh	red	38	2
1789615033	b09e23e3cd90	parallel	test-queue-flush.sh	ok	12	0
1789566442	b1b809ea9715	parallel	test-maechen-trigger.sh	ok	48	0
1789624832	b2214475bfbd	serial	test-certify.sh	ok	14	0
1789660840	b396d7a483c4	parallel	test-landing-race.sh	ok	23	0
1789660919	b396d7a483c4	parallel	test-landing.sh	ok	147	0
1789660843	b396d7a483c4	parallel	test-queue-protect.sh	ok	12	0
1789676811	b405a0dfd370	parallel	test-aeon-fence.sh	ok	21	0
1789521645	b517201cdd75	parallel	test-citations.sh	ok	20	0
1789521497	b517201cdd75	parallel	test-incident-cause.sh	ok	2	0
1789521536	b517201cdd75	parallel	test-incident-recur-cause.sh	ok	16	0
1789521576	b517201cdd75	parallel	test-moot-sweep.sh	ok	36	0
1789521622	b517201cdd75	parallel	test-suites-fixture-fault.sh	ok	19	0
1789521593	b517201cdd75	parallel	test-sin-exempt.sh	ok	11	0
1789521498	b517201cdd75	parallel	test-incident-delivers-satisfiable.sh	ok	7	0
1789521643	b517201cdd75	parallel	test-suites-timeout.sh	ok	23	0
1789521639	b517201cdd75	parallel	test-landing.sh	ok	142	0
1789521601	b517201cdd75	parallel	test-suites-confirm-red.sh	ok	18	0
1789521548	b517201cdd75	parallel	test-incident-dedup.sh	ok	8	0
1789521634	b517201cdd75	parallel	test-suites-red-dedup.sh	ok	6	0
1789521498	b517201cdd75	parallel	test-freshclone.sh	ok	7	0
1789521621	b517201cdd75	parallel	test-suites-cluster.sh	ok	17	0
1789521582	b517201cdd75	parallel	test-incident.sh	ok	24	0
1789521533	b517201cdd75	parallel	test-cockpit-dup-refs.sh	ok	19	0
1789521562	b517201cdd75	parallel	test-set-state-writers.sh	ok	10	0
1789521674	b517201cdd75	parallel	test-suites.sh	ok	75	0
1789602512	b52155bafe2b	parallel	test-bd-schema-stamp.sh	ok	10	0
1789602513	b52155bafe2b	parallel	test-doctor-embedded.sh	ok	4	0
1789602514	b52155bafe2b	parallel	test-doctor-events-probe.sh	ok	5	0
1789602511	b52155bafe2b	parallel	test-bd-lock-retry.sh	ok	7	0
1789602534	b52155bafe2b	parallel	test-census-events.sh	skip	0	0
1789602514	b52155bafe2b	parallel	test-conf.sh	ok	28	0
1789657520	b5a4b0500928	parallel	test-doctor-checkout-mode.sh	ok	16	0
1789657517	b5a4b0500928	parallel	test-suites-timer.sh	ok	16	0
1789584954	ba2a9e070e69	parallel	test-mail-fence.sh	ok	25	0
1789592961	bac6d15d5ce8	parallel	test-mail-health.sh	ok	13	0
1789592963	bac6d15d5ce8	parallel	test-mail-kinds.sh	ok	44	0
1789592961	bac6d15d5ce8	parallel	test-mail.sh	ok	40	0
1789685406	bae512cfb6a0	parallel	test-cockpit-landed.sh	ok	5	0
1789685445	bae512cfb6a0	parallel	test-deploy.sh	ok	61	0
1789685441	bae512cfb6a0	parallel	test-cockpit-queue.sh	ok	18	0
1789685498	bae512cfb6a0	parallel	test-slay.sh	ok	60	0
1789685430	bae512cfb6a0	parallel	test-cockpit-queue-section.sh	ok	21	0
1789685407	bae512cfb6a0	parallel	test-cockpit-layout-ensure-focus.sh	ok	1	0
1789685426	bae512cfb6a0	parallel	test-aeon-resume.sh	ok	19	0
1789685450	bae512cfb6a0	parallel	test-cockpit-unlanded.sh	ok	11	0
1789685446	bae512cfb6a0	parallel	test-dummy.sh	ok	6	0
1789685413	bae512cfb6a0	parallel	test-cockpit-probe-fault.sh	ok	43	0
1789555020	bb1056e0cbda	parallel	test-gate-check-stuck.sh	ok	4	0
1789581101	bb18b67073cf	parallel	test-mail.sh	ok	40	0
1789527574	bbb629dd102c	serial	test-select.sh	red	56	11
1789580751	bc4846692479	parallel	test-literal-lint.sh	ok	31	0
1789580744	bc4846692479	parallel	test-mail.sh	ok	40	0
1789580745	bc4846692479	parallel	test-covers-entries.sh	ok	2	0
1789580745	bc4846692479	parallel	test-conf.sh	ok	28	0
1789665578	bce4f13caff6	parallel	test-slay.sh	ok	60	0
1789665556	bce4f13caff6	parallel	test-aeon-resume.sh	ok	19	0
1789530142	bd4a55cc4ec1	parallel	test-citations.sh	ok	20	0
1789530144	bd4a55cc4ec1	parallel	test-install-aeons.sh	ok	25	0
1789530114	bd4a55cc4ec1	parallel	test-boundary.sh	red	7	1
1789530136	bd4a55cc4ec1	parallel	test-ask-dedupe.sh	ok	17	0
1789530121	bd4a55cc4ec1	parallel	test-skew-foreign.sh	ok	19	0
1789530213	bd4a55cc4ec1	parallel	test-landing.sh	ok	142	0
1789530119	bd4a55cc4ec1	parallel	test-skew-escalate.sh	ok	20	0
1789530116	bd4a55cc4ec1	parallel	test-freshclone.sh	ok	7	0
1789530138	bd4a55cc4ec1	parallel	test-covers-entries.sh	ok	2	0
1789530131	bd4a55cc4ec1	parallel	test-unit-drift.sh	ok	16	0
1789530118	bd4a55cc4ec1	parallel	test-skew-check-release.sh	ok	15	0
1789665674	bdb197b7e106	parallel	test-elastic-ceiling.sh	ok	13	0
1789665685	bdb197b7e106	parallel	test-sentinel-capacity.sh	ok	6	0
1789665674	bdb197b7e106	parallel	test-lanes.sh	ok	27	0
1789657695	bdd6a4edcb0e	parallel	test-review.sh	ok	22	0
1789657684	bdd6a4edcb0e	parallel	test-release.sh	ok	29	0
1789657689	bdd6a4edcb0e	parallel	test-doctor-enable-drift.sh	ok	23	0
1789657683	bdd6a4edcb0e	parallel	test-doctor-checkout-mode.sh	ok	16	0
1789657680	bdd6a4edcb0e	parallel	test-suites-timer.sh	ok	16	0
1789657681	bdd6a4edcb0e	parallel	test-conf.sh	ok	26	0
1789509307	bdf65529f5b0	parallel	test-citations.sh	ok	20	0
1789509256	bdf65529f5b0	parallel	test-incident-cause.sh	ok	2	0
1789509275	bdf65529f5b0	parallel	test-landing-race.sh	ok	23	0
1789509568	bdf65529f5b0	parallel	test-watchtower.sh	ok	153	0
1789509359	bdf65529f5b0	parallel	test-landing.sh	red	139	3
1789509258	bdf65529f5b0	parallel	test-deploy.sh	ok	20	0
1789509255	bdf65529f5b0	parallel	test-freshclone.sh	ok	7	0
1789509271	bdf65529f5b0	parallel	test-aeon-resume.sh	ok	13	0
1789509297	bdf65529f5b0	parallel	test-superseded.sh	ok	18	0
1789509301	bdf65529f5b0	parallel	test-spike.sh	ok	88	0
1789509292	bdf65529f5b0	parallel	test-soak.sh	ok	7	0
1789509272	bdf65529f5b0	parallel	test-check4-events.sh	ok	21	0
1789509253	bdf65529f5b0	parallel	test-event.sh	ok	36	0
1789666244	c000d97b10fa	parallel	test-batch-lock.sh	ok	13	0
1789542116	c0335288521e	parallel	test-conf.sh	ok	28	0
1789594613	c12cfd735c5b	parallel	test-ask-help.sh	ok	28	0
1789594692	c12cfd735c5b	parallel	test-poison.sh	red	0	0
1789594678	c12cfd735c5b	parallel	test-incident-recur-cause.sh	red	0	0
1789594687	c12cfd735c5b	parallel	test-incident-dedup.sh	ok	8	0
1789594715	c12cfd735c5b	parallel	test-requeue-cap.sh	ok	6	0
1789594608	c12cfd735c5b	parallel	test-ask-law.sh	ok	28	0
1789594650	c12cfd735c5b	parallel	test-check4-events.sh	ok	21	0
1789594664	c12cfd735c5b	parallel	test-incident-recur-bounded.sh	red	0	0
1789594624	c12cfd735c5b	parallel	test-event.sh	ok	36	0
1789562100	c1302e97b8a8	parallel	test-suites-timer.sh	ok	16	0
1789527704	c1699d597847	parallel	test-select.sh	ok	67	0
1789583993	c1bd0b1a7484	parallel	test-mail-kinds.sh	ok	44	0
1789583993	c1bd0b1a7484	parallel	test-mail.sh	ok	40	0
1789603671	c1d5eb0d6428	parallel	test-cockpit-tiered-collector.sh	ok	35	0
1789519677	c21f34f7dfb1	parallel	test-session-hook.sh	ok	93	0
1789519683	c21f34f7dfb1	parallel	test-watchd-tail.sh	ok	15	0
1789519666	c21f34f7dfb1	parallel	test-watchd-unit-name.sh	ok	17	0
1789519681	c21f34f7dfb1	parallel	test-watch-notify.sh	ok	118	0
1789519673	c21f34f7dfb1	parallel	test-watch-refresh.sh	ok	81	0
1789519666	c21f34f7dfb1	parallel	test-host-unit-names.sh	skip	0	0
1789519685	c21f34f7dfb1	parallel	test-answers-premise-rejected.sh	ok	17	0
1789546981	c25b5c1b894b	parallel	test-loom-rebuild.sh	ok	6	0
1789546979	c25b5c1b894b	parallel	test-cockpit-mouse.sh	ok	7	0
1789546991	c25b5c1b894b	parallel	test-cockpit-rebuild.sh	ok	23	0
1789546976	c25b5c1b894b	parallel	test-cockpit-collector-watchdog.sh	ok	5	0
1789546980	c25b5c1b894b	parallel	test-layout-guard.sh	ok	5	0
1789546978	c25b5c1b894b	parallel	test-cockpit-layout-identity.sh	ok	5	0
1789546977	c25b5c1b894b	parallel	test-cockpit-layout-conf.sh	ok	6	0
1789546981	c25b5c1b894b	parallel	test-cockpit-layout.sh	ok	7	0
1789546982	c25b5c1b894b	parallel	test-unit-name.sh	ok	11	0
1789580474	c33f4c434869	parallel	test-mail.sh	ok	40	0
1789537197	c3623ddd5f56	parallel	test-incident-recur-bounded.sh	ok	6	0
1789613532	c429d85fe154	parallel	test-citations.sh	ok	20	0
1789613412	c429d85fe154	parallel	test-certify.sh	ok	14	0
1789613381	c429d85fe154	parallel	test-bd-schema-stamp.sh	ok	10	0
1789613451	c429d85fe154	parallel	test-gate-verdict.sh	ok	36	0
1789613480	c429d85fe154	parallel	test-mail-deliver.sh	ok	10	0
1789613431	c429d85fe154	parallel	test-doctor-bd-tag.sh	ok	16	0
1789613461	c429d85fe154	parallel	test-maechen.sh	ok	45	0
1789613394	c429d85fe154	parallel	test-cadence.sh	skip	0	0
1789613483	c429d85fe154	parallel	test-promote.sh	ok	19	0
# literal-ok: measurement data; the configured name is part of a suite FILENAME harvested from this tree, not a label read here.
1789613287	c429d85fe154	parallel	test-aeon-world-stop.sh	ok	19	0
1789613437	c429d85fe154	parallel	test-doctor-goal.sh	ok	8	0
1789613482	c429d85fe154	parallel	test-priority-bands.sh	ok	6	0
1789613427	c429d85fe154	parallel	test-configure.sh	ok	18	0
1789613441	c429d85fe154	parallel	test-fayth-predicates.sh	ok	22	0
1789613509	c429d85fe154	parallel	test-review.sh	ok	25	0
1789613472	c429d85fe154	parallel	test-maechen-trigger.sh	ok	48	0
1789613453	c429d85fe154	parallel	test-groom-trigger.sh	ok	18	0
1789613496	c429d85fe154	parallel	test-mail-sendmail.sh	ok	20	0
1789613379	c429d85fe154	parallel	test-batch.sh	ok	10	0
1789613426	c429d85fe154	parallel	test-cockpit-runtime-path.sh	ok	8	0
1789613393	c429d85fe154	parallel	test-bin-manifest.sh	ok	9	0
1789613444	c429d85fe154	parallel	test-doctor-unit-dup.sh	ok	10	0
1789613440	c429d85fe154	parallel	test-dependents.sh	ok	10	0
1789613459	c429d85fe154	parallel	test-install-self-test.sh	ok	9	0
1789613263	c429d85fe154	parallel	test-loom-rebuild.sh	ok	6	0
1789613358	c429d85fe154	parallel	test-auron.sh	ok	77	0
1789613503	c429d85fe154	parallel	test-scope-label.sh	ok	14	0
1789613261	c429d85fe154	parallel	test-cockpit-mouse.sh	ok	7	0
1789613425	c429d85fe154	parallel	test-cockpit-queue.sh	ok	21	0
1789613445	c429d85fe154	parallel	test-gate-missing-cmd.sh	ok	7	0
1789613380	c429d85fe154	parallel	test-bd-lock-retry.sh	ok	7	0
1789613273	c429d85fe154	parallel	test-cockpit-rebuild.sh	red	17	4
1789613256	c429d85fe154	parallel	test-cockpit-collector-watchdog.sh	ok	5	0
1789613306	c429d85fe154	parallel	test-attribution.sh	ok	27	0
1789613393	c429d85fe154	parallel	test-beads-push-commit.sh	ok	6	0
1789613426	c429d85fe154	parallel	test-artifact-install.sh	ok	15	0
1789613443	c429d85fe154	parallel	test-freshclone.sh	ok	7	0
1789613263	c429d85fe154	parallel	test-layout-guard.sh	ok	5	0
1789613440	c429d85fe154	parallel	test-doctor-schema.sh	ok	12	0
1789613475	c429d85fe154	parallel	test-loop-readonly.sh	ok	11	0
1789613265	c429d85fe154	parallel	test-activate.sh	ok	22	0
1789613521	c429d85fe154	parallel	test-suites-hygiene.sh	ok	11	0
1789613452	c429d85fe154	parallel	test-groomer.sh	ok	38	0
1789613258	c429d85fe154	parallel	test-cockpit-layout-identity.sh	ok	5	0
1789613279	c429d85fe154	parallel	test-archivist.sh	ok	51	0
1789613258	c429d85fe154	parallel	test-cockpit-layout-conf.sh	ok	6	0
1789613260	c429d85fe154	parallel	test-cockpit-layout-mail.sh	ok	12	0
1789613358	c429d85fe154	parallel	test-batch-maxpar.sh	ok	6	0
1789613476	c429d85fe154	parallel	test-mail-health.sh	ok	13	0
1789613526	c429d85fe154	parallel	test-verdict.sh	ok	30	0
1789613522	c429d85fe154	parallel	test-watchd-unit-name.sh	ok	17	0
1789613434	c429d85fe154	parallel	test-doctor-checkout-mode.sh	ok	15	0
1789613477	c429d85fe154	parallel	test-mail-kinds.sh	ok	44	0
1789613460	c429d85fe154	parallel	test-lanes.sh	ok	27	0
1789613393	c429d85fe154	parallel	test-budget-drift.sh	ok	3	0
1789613482	c429d85fe154	parallel	test-mail.sh	ok	41	0
1789613262	c429d85fe154	parallel	test-cockpit-layout.sh	ok	7	0
1789613486	c429d85fe154	parallel	test-queue-protect.sh	ok	12	0
1789613515	c429d85fe154	parallel	test-testenv-registry.sh	ok	14	0
1789613527	c429d85fe154	parallel	test-covers-entries.sh	ok	2	0
1789613264	c429d85fe154	parallel	test-unit-name.sh	ok	11	0
1789613523	c429d85fe154	parallel	test-work-services-exclusion.sh	ok	7	0
1789613514	c429d85fe154	parallel	test-testenv-image-tag.sh	ok	6	0
1789613514	c429d85fe154	parallel	test-submit.sh	ok	15	0
1789613460	c429d85fe154	parallel	test-install-exec.sh	ok	12	0
1789613503	c429d85fe154	parallel	test-render-memories.sh	ok	32	0
1789613427	c429d85fe154	parallel	test-conf.sh	ok	28	0
1789613427	c429d85fe154	parallel	test-containment.sh	ok	22	0
1789613453	c429d85fe154	parallel	test-host-unit-names.sh	skip	0	0
1789613380	c429d85fe154	parallel	test-bd-resolve.sh	ok	8	0
1789613456	c429d85fe154	parallel	test-gate-check-flaky.sh	ok	5	0
1789613490	c429d85fe154	parallel	test-ready.sh	ok	59	0
1789563604	c45b590b44c4	parallel	test-citations.sh	ok	20	0
1789563609	c45b590b44c4	parallel	test-session-hook.sh	ok	93	0
1789563615	c45b590b44c4	parallel	test-watchd-health-ids.sh	ok	8	0
1789563605	c45b590b44c4	parallel	test-watchd-halt-health.sh	ok	7	0
1789563598	c45b590b44c4	parallel	test-freshclone.sh	ok	7	0
1789563626	c45b590b44c4	parallel	test-watchd-tail.sh	ok	15	0
1789563614	c45b590b44c4	parallel	test-watch-notify.sh	ok	118	0
1789563597	c45b590b44c4	parallel	test-covers-entries.sh	ok	2	0
1789563598	c45b590b44c4	parallel	test-host-unit-names.sh	skip	0	0
1789563607	c45b590b44c4	parallel	test-answers-premise-rejected.sh	ok	17	0
1789622235	c4bb562e9193	parallel	test-queue-flush.sh	ok	12	0
1789622234	c4bb562e9193	parallel	test-forge-check-status.sh	ok	4	0
1789601901	c4d490d71315	parallel	test-census-events.sh	red	2	9
1789561900	c5141a7b4b1b	parallel	test-citations.sh	ok	20	0
1789561854	c5141a7b4b1b	parallel	test-gate-verdict.sh	ok	36	0
1789561815	c5141a7b4b1b	parallel	test-doctor-bd-tag.sh	ok	16	0
1789561860	c5141a7b4b1b	parallel	test-maechen.sh	ok	45	0
1789561826	c5141a7b4b1b	parallel	test-cadence.sh	skip	0	0
1789561862	c5141a7b4b1b	parallel	test-promote.sh	ok	19	0
# literal-ok: measurement data; the configured name is part of a suite FILENAME harvested from this tree, not a label read here.
1789561844	c5141a7b4b1b	parallel	test-aeon-world-stop.sh	ok	19	0
1789561882	c5141a7b4b1b	parallel	test-doctor-cargo.sh	ok	11	0
1789561843	c5141a7b4b1b	parallel	test-doctor-goal.sh	ok	8	0
1789561860	c5141a7b4b1b	parallel	test-priority-bands.sh	ok	6	0
1789561833	c5141a7b4b1b	parallel	test-configure.sh	ok	18	0
1789561847	c5141a7b4b1b	parallel	test-fayth-predicates.sh	ok	22	0
1789561879	c5141a7b4b1b	parallel	test-review.sh	ok	25	0
1789561858	c5141a7b4b1b	parallel	test-maechen-trigger.sh	ok	45	0
1789561849	c5141a7b4b1b	parallel	test-groom-trigger.sh	ok	18	0
1789561889	c5141a7b4b1b	parallel	test-repo.sh	ok	4	0
1789561890	c5141a7b4b1b	parallel	test-doctor-snap-fresh.sh	ok	9	0
1789561829	c5141a7b4b1b	parallel	test-cockpit-runtime-path.sh	ok	8	0
1789561824	c5141a7b4b1b	parallel	test-bin-manifest.sh	ok	9	0
1789561847	c5141a7b4b1b	parallel	test-doctor-unit-dup.sh	ok	10	0
1789561855	c5141a7b4b1b	parallel	test-install-self-test.sh	ok	9	0
1789561888	c5141a7b4b1b	parallel	test-census-blind.sh	ok	14	0
1789561887	c5141a7b4b1b	parallel	test-doctor-events-probe.sh	ok	11	0
1789561872	c5141a7b4b1b	parallel	test-scope-label.sh	ok	14	0
1789561890	c5141a7b4b1b	parallel	test-statusline.sh	ok	16	0
1789561828	c5141a7b4b1b	parallel	test-cockpit-mouse.sh	ok	7	0
1789561848	c5141a7b4b1b	parallel	test-gate-missing-cmd.sh	ok	7	0
1789561817	c5141a7b4b1b	parallel	test-bd-lock-retry.sh	ok	11	0
1789561840	c5141a7b4b1b	parallel	test-beads-push-commit.sh	ok	6	0
1789561972	c5141a7b4b1b	parallel	test-artifact-install.sh	ok	15	0
1789561813	c5141a7b4b1b	parallel	test-freshclone.sh	ok	7	0
1789561886	c5141a7b4b1b	parallel	test-doctor-enable-drift.sh	ok	23	0
1789561883	c5141a7b4b1b	parallel	test-doctor-dolt.sh	ok	13	0
1789561845	c5141a7b4b1b	parallel	test-doctor-schema.sh	ok	12	0
1789561871	c5141a7b4b1b	parallel	test-loop-readonly.sh	ok	11	0
1789561814	c5141a7b4b1b	parallel	test-activate.sh	ok	22	0
1789561850	c5141a7b4b1b	parallel	test-groomer.sh	ok	38	0
1789561822	c5141a7b4b1b	parallel	test-archivist.sh	ok	51	0
1789561890	c5141a7b4b1b	parallel	test-testenv-doctor-check.sh	ok	13	0
1789561816	c5141a7b4b1b	parallel	test-batch-maxpar.sh	ok	6	0
1789561876	c5141a7b4b1b	parallel	test-watchd-unit-name.sh	ok	17	0
1789561841	c5141a7b4b1b	parallel	test-doctor-checkout-mode.sh	ok	15	0
1789561855	c5141a7b4b1b	parallel	test-lanes.sh	ok	27	0
1789561825	c5141a7b4b1b	parallel	test-budget-drift.sh	ok	3	0
1789561874	c5141a7b4b1b	parallel	test-testenv-registry.sh	ok	14	0
1789561892	c5141a7b4b1b	parallel	test-covers-entries.sh	ok	2	0
1789561876	c5141a7b4b1b	parallel	test-unit-name.sh	ok	11	0
1789561877	c5141a7b4b1b	parallel	test-work-services-exclusion.sh	ok	7	0
1789561873	c5141a7b4b1b	parallel	test-testenv-image-tag.sh	ok	6	0
1789561858	c5141a7b4b1b	parallel	test-install-exec.sh	ok	12	0
1789561874	c5141a7b4b1b	parallel	test-render-memories.sh	ok	25	0
1789561831	c5141a7b4b1b	parallel	test-conf.sh	ok	28	0
1789561835	c5141a7b4b1b	parallel	test-containment.sh	ok	22	0
1789561851	c5141a7b4b1b	parallel	test-host-unit-names.sh	skip	0	0
1789561819	c5141a7b4b1b	parallel	test-bd-resolve.sh	ok	8	0
1789561865	c5141a7b4b1b	parallel	test-ready.sh	ok	59	0
1789571145	c5cb5cbc6d37	parallel	test-census-watermark.sh	red	11	1
1789571144	c5cb5cbc6d37	parallel	test-maechen-blind-window.sh	ok	5	0
1789571134	c5cb5cbc6d37	parallel	test-events-nodolt.sh	ok	24	0
1789571156	c5cb5cbc6d37	parallel	test-census-events.sh	ok	14	0
1789520333	c5cfc169466a	serial	test-aeon-sweep.sh	red	11	2
1789598511	c5d5c3fa94af	parallel	test-ask-help.sh	red	18	10
1789598895	c5d5c3fa94af	parallel	test-poison.sh	ok	44	0
1789598626	c5d5c3fa94af	parallel	test-incident-recur-cause.sh	ok	16	0
1789598886	c5d5c3fa94af	parallel	test-strand-partition.sh	ok	18	0
1789598821	c5d5c3fa94af	parallel	test-sin-exempt.sh	ok	11	0
1789598724	c5d5c3fa94af	parallel	test-pilgrimage.sh	red	15	8
1789598750	c5d5c3fa94af	parallel	test-landing.sh	ok	147	0
1789598885	c5d5c3fa94af	parallel	test-strand-lock.sh	ok	3	0
1789598694	c5d5c3fa94af	parallel	test-migrate-ask.sh	red	13	1
1789598587	c5d5c3fa94af	parallel	test-incident-dedup.sh	ok	8	0
1789598927	c5d5c3fa94af	parallel	test-suites-red-dedup.sh	ok	6	0
1789598828	c5d5c3fa94af	parallel	test-skew-escalate.sh	ok	19	0
1789598787	c5d5c3fa94af	parallel	test-sentinel.sh	ok	3	0
1789598777	c5d5c3fa94af	parallel	test-requeue-cap.sh	ok	6	0
1789598984	c5d5c3fa94af	parallel	test-verify-asks.sh	ok	22	0
1789598692	c5d5c3fa94af	parallel	test-incident.sh	ok	21	0
1789598507	c5d5c3fa94af	parallel	test-ask-law.sh	red	1	11
1789598868	c5d5c3fa94af	parallel	test-strand-capacity.sh	ok	5	0
1789598925	c5d5c3fa94af	parallel	test-superseded.sh	ok	18	0
1789598984	c5d5c3fa94af	parallel	test-watch-notify.sh	red	114	4
1789598866	c5d5c3fa94af	parallel	test-spike.sh	ok	88	0
1789598541	c5d5c3fa94af	parallel	test-check4-events.sh	ok	21	0
1789598628	c5d5c3fa94af	parallel	test-incident-recur-bounded.sh	ok	6	0
1789598968	c5d5c3fa94af	parallel	test-unmapped-repo-park.sh	ok	5	0
1789598967	c5d5c3fa94af	parallel	test-timeout.sh	ok	22	0
1789598521	c5d5c3fa94af	parallel	test-event.sh	ok	36	0
1789520503	c5da39c4e9e3	parallel	test-capacity-probe.sh	ok	11	0
1789520517	c5da39c4e9e3	parallel	test-aeon-sweep.sh	ok	13	0
1789598304	c5fa59cfab3f	parallel	test-watch-notify.sh	ok	118	0
1789468573	c6591ed12adc	parallel	test-citations.sh	ok	20	0
1789468315	c6591ed12adc	parallel	test-check5-delivers-check.sh	ok	15	0
1789468548	c6591ed12adc	parallel	test-sending-unlanded-guard.sh	ok	10	0
1789468601	c6591ed12adc	parallel	test-poison.sh	ok	44	0
1789468280	c6591ed12adc	parallel	test-aeon-ledger.sh	ok	47	0
1789468424	c6591ed12adc	parallel	test-incident-cause.sh	ok	2	0
1789468475	c6591ed12adc	parallel	test-promote.sh	ok	16	0
1789468296	c6591ed12adc	parallel	test-attempts.sh	ok	49	0
# literal-ok: measurement data; the configured name is part of a suite FILENAME harvested from this tree, not a label read here.
1789468296	c6591ed12adc	parallel	test-aeon-world-stop.sh	ok	19	0
1789468446	c6591ed12adc	parallel	test-incident-recur-cause.sh	ok	11	0
1789468377	c6591ed12adc	parallel	test-census-watermark.sh	ok	11	0
1789468423	c6591ed12adc	parallel	test-fayth.sh	ok	9	0
1789468243	c6591ed12adc	parallel	test-aeon-lease.sh	ok	15	0
1789468458	c6591ed12adc	parallel	test-maechen-blind-window.sh	ok	5	0
1789468562	c6591ed12adc	parallel	test-worktree-absent.sh	ok	6	0
1789468523	c6591ed12adc	parallel	test-review.sh	ok	25	0
1789468473	c6591ed12adc	parallel	test-landed-stays-landed.sh	ok	14	0
1789468595	c6591ed12adc	parallel	test-suites-fixture-fault.sh	ok	19	0
1789468563	c6591ed12adc	parallel	test-orphan-test.sh	ok	17	0
1789468352	c6591ed12adc	parallel	test-builder-qa-proposed.sh	ok	4	0
1789468408	c6591ed12adc	parallel	test-cockpit-fuse.sh	ok	18	0
1789468422	c6591ed12adc	parallel	test-fayth-free.sh	ok	10	0
1789468508	c6591ed12adc	parallel	test-repo.sh	ok	4	0
1789468380	c6591ed12adc	parallel	test-check2-reclaim.sh	ok	10	0
1789468409	c6591ed12adc	parallel	test-concierge.sh	ok	10	0
1789468562	c6591ed12adc	parallel	test-unclaimable-cycle.sh	ok	3	0
1789468494	c6591ed12adc	parallel	test-release.sh	ok	22	0
1789468535	c6591ed12adc	parallel	test-landing.sh	ok	142	0
1789468322	c6591ed12adc	parallel	test-ci-park.sh	ok	35	0
1789468561	c6591ed12adc	parallel	test-unclaimable-bead.sh	ok	16	0
1789468364	c6591ed12adc	parallel	test-census-blind.sh	red	14	2
1789468421	c6591ed12adc	parallel	test-elastic-ceiling.sh	ok	13	0
1789468420	c6591ed12adc	parallel	test-doctor-events-probe.sh	ok	6	0
1789468241	c6591ed12adc	parallel	test-aeon-dirty-commit.sh	skip	0	0
1789468434	c6591ed12adc	parallel	test-hold.sh	ok	21	0
1789468422	c6591ed12adc	parallel	test-events-nodolt.sh	ok	24	0
1789468416	c6591ed12adc	parallel	test-destroy-branch.sh	ok	12	0
1789468524	c6591ed12adc	parallel	test-scope-label.sh	ok	14	0
1789468341	c6591ed12adc	parallel	test-thrash.sh	ok	18	0
1789468536	c6591ed12adc	parallel	test-sending-empty-commit.sh	ok	10	0
1789468270	c6591ed12adc	parallel	test-aeon-prod-dirty.sh	ok	8	0
1789468593	c6591ed12adc	parallel	test-slay.sh	ok	47	0
1789468379	c6591ed12adc	parallel	test-census-events.sh	ok	9	0
1789468548	c6591ed12adc	parallel	test-sentinel.sh	ok	3	0
1789468324	c6591ed12adc	parallel	test-freshclone.sh	ok	7	0
1789468401	c6591ed12adc	parallel	test-check5-body-search.sh	ok	9	0
1789468523	c6591ed12adc	parallel	test-requeue-cap.sh	ok	2	0
1789468336	c6591ed12adc	parallel	test-gh-run-gate.sh	ok	18	0
1789468271	c6591ed12adc	parallel	test-aeon-resume.sh	ok	13	0
1789468423	c6591ed12adc	parallel	test-content-landed-empty-branch.sh	ok	10	0
1789468618	c6591ed12adc	parallel	test-testenv-scratch.sh	ok	15	0
1789468419	c6591ed12adc	parallel	test-ops-closing.sh	ok	44	0
1789468418	c6591ed12adc	parallel	test-destructive-bead.sh	ok	38	0
1789468493	c6591ed12adc	parallel	test-livelock.sh	ok	45	0
1789468547	c6591ed12adc	parallel	test-sentinel-capacity.sh	ok	6	0
1789468436	c6591ed12adc	parallel	test-install-landref.sh	ok	14	0
1789468445	c6591ed12adc	parallel	test-check5-nopayload.sh	ok	24	0
1789468487	c6591ed12adc	parallel	test-reclaim-escalated.sh	ok	10	0
1789468435	c6591ed12adc	parallel	test-focus-close-guard.sh	ok	19	0
1789468447	c6591ed12adc	parallel	test-lanes.sh	ok	27	0
1789468568	c6591ed12adc	parallel	test-superseded.sh	ok	18	0
1789468366	c6591ed12adc	parallel	test-requeue.sh	ok	27	0
1789468507	c6591ed12adc	parallel	test-repo-label.sh	ok	15	0
1789468415	c6591ed12adc	parallel	test-check8-progressed.sh	ok	4	0
1789468507	c6591ed12adc	parallel	test-reclaim-slay-branch-guard.sh	ok	23	0
1789468349	c6591ed12adc	parallel	test-set-state-writers.sh	ok	10	0
1789468310	c6591ed12adc	parallel	test-check4-events.sh	ok	21	0
1789468278	c6591ed12adc	parallel	test-aeon-sweep.sh	ok	13	0
1789468404	c6591ed12adc	parallel	test-check5-content-landed.sh	ok	12	0
1789468242	c6591ed12adc	parallel	test-aeon-heartbeat.sh	skip	0	0
1789468401	c6591ed12adc	parallel	test-check5-drop.sh	ok	13	0
1789468538	c6591ed12adc	parallel	test-sending-squash-merged.sh	ok	9	0
1789468506	c6591ed12adc	parallel	test-render-memories.sh	ok	25	0
1789468587	c6591ed12adc	parallel	test-testdb-failsafe.sh	ok	48	0
1789468410	c6591ed12adc	parallel	test-containment.sh	ok	22	0
1789468263	c6591ed12adc	parallel	test-aeon-exit.sh	ok	10	0
1789468463	c6591ed12adc	parallel	test-now.sh	ok	88	0
1789468359	c6591ed12adc	parallel	test-unmapped-repo-park.sh	ok	4	0
1789468323	c6591ed12adc	parallel	test-cross-repo.sh	ok	8	0
1789468272	c6591ed12adc	parallel	test-aeon-worktree-guard.sh	ok	7	0
1789468352	c6591ed12adc	parallel	test-timeout.sh	ok	22	0
1789468340	c6591ed12adc	parallel	test-aeon-verdict.sh	ok	41	0
1789468420	c6591ed12adc	parallel	test-drain-expiry.sh	ok	13	0
1789468446	c6591ed12adc	parallel	test-lane-ceiling.sh	ok	9	0
1789468325	c6591ed12adc	parallel	test-event.sh	ok	36	0
1789619762	c6e254851024	parallel	test-attempts.sh	skip	33	0
1789619803	c6e254851024	parallel	test-incident-recur-cause.sh	skip	0	0
1789619782	c6e254851024	parallel	test-census-watermark.sh	skip	0	0
1789619761	c6e254851024	parallel	test-census.sh	skip	0	0
1789619783	c6e254851024	parallel	test-check4-events.sh	skip	0	0
1789616540	c74bf707142c	parallel	test-mail-decision-ask.sh	ok	14	0
1789616544	c74bf707142c	parallel	test-aeon-decision-blocked.sh	ok	7	0
1789521167	c7a34edcade4	parallel	test-citations.sh	ok	20	0
1789520817	c7a34edcade4	parallel	test-gate-verdict.sh	ok	36	0
1789521109	c7a34edcade4	parallel	test-sending-unlanded-guard.sh	ok	10	0
1789521179	c7a34edcade4	parallel	test-poison.sh	ok	44	0
1789520884	c7a34edcade4	parallel	test-aeon-ledger.sh	ok	47	0
1789520820	c7a34edcade4	parallel	test-maechen.sh	ok	45	0
1789520792	c7a34edcade4	parallel	test-cadence.sh	skip	0	0
1789520976	c7a34edcade4	parallel	test-incident-cause.sh	ok	2	0
1789520822	c7a34edcade4	parallel	test-promote.sh	ok	16	0
1789520878	c7a34edcade4	parallel	test-attempts.sh	ok	49	0
# literal-ok: measurement data; the configured name is part of a suite FILENAME harvested from this tree, not a label read here.
1789520807	c7a34edcade4	parallel	test-aeon-world-stop.sh	ok	19	0
1789521001	c7a34edcade4	parallel	test-incident-recur-cause.sh	ok	11	0
1789520892	c7a34edcade4	parallel	test-census-watermark.sh	ok	11	0
1789520973	c7a34edcade4	parallel	test-fayth.sh	ok	9	0
1789520838	c7a34edcade4	parallel	test-aeon-lease.sh	ok	15	0
1789521013	c7a34edcade4	parallel	test-maechen-blind-window.sh	ok	5	0
1789520797	c7a34edcade4	parallel	test-configure.sh	ok	18	0
1789521152	c7a34edcade4	parallel	test-worktree-absent.sh	ok	6	0
1789520808	c7a34edcade4	parallel	test-fayth-predicates.sh	ok	23	0
1789520839	c7a34edcade4	parallel	test-review.sh	ok	25	0
1789520821	c7a34edcade4	parallel	test-maechen-trigger.sh	ok	45	0
1789520812	c7a34edcade4	parallel	test-groom-trigger.sh	ok	18	0
1789521025	c7a34edcade4	parallel	test-landed-stays-landed.sh	ok	14	0
1789520861	c7a34edcade4	parallel	test-builder-qa-proposed.sh	ok	4	0
1789520948	c7a34edcade4	parallel	test-cockpit-fuse.sh	ok	18	0
1789520971	c7a34edcade4	parallel	test-fayth-free.sh	ok	10	0
1789521046	c7a34edcade4	parallel	test-repo.sh	ok	4	0
1789520900	c7a34edcade4	parallel	test-check2-reclaim.sh	ok	10	0
1789520795	c7a34edcade4	parallel	test-cockpit-runtime-path.sh	ok	8	0
1789520949	c7a34edcade4	parallel	test-concierge.sh	ok	10	0
1789520791	c7a34edcade4	parallel	test-bin-manifest.sh	ok	9	0
1789521141	c7a34edcade4	parallel	test-unclaimable-cycle.sh	ok	3	0
1789520808	c7a34edcade4	parallel	test-doctor-unit-dup.sh	ok	10	0
1789521042	c7a34edcade4	parallel	test-release.sh	ok	22	0
1789521102	c7a34edcade4	parallel	test-landing.sh	ok	142	0
1789520818	c7a34edcade4	parallel	test-install-self-test.sh	ok	9	0
1789520968	c7a34edcade4	parallel	test-ci-park.sh	ok	35	0
1789521151	c7a34edcade4	parallel	test-unclaimable-bead.sh	ok	16	0
1789520877	c7a34edcade4	parallel	test-census-blind.sh	ok	14	0
1789520969	c7a34edcade4	parallel	test-elastic-ceiling.sh	ok	13	0
1789520969	c7a34edcade4	parallel	test-doctor-events-probe.sh	ok	11	0
1789520985	c7a34edcade4	parallel	test-hold.sh	ok	21	0
1789520971	c7a34edcade4	parallel	test-events-nodolt.sh	ok	24	0
1789520964	c7a34edcade4	parallel	test-destroy-branch.sh	ok	12	0
1789520827	c7a34edcade4	parallel	test-scope-label.sh	ok	14	0
1789521122	c7a34edcade4	parallel	test-thrash.sh	ok	18	0
1789520793	c7a34edcade4	parallel	test-cockpit-mouse.sh	ok	7	0
1789521080	c7a34edcade4	parallel	test-sending-empty-commit.sh	ok	10	0
1789520811	c7a34edcade4	parallel	test-gate-missing-cmd.sh	ok	7	0
1789520786	c7a34edcade4	parallel	test-bd-lock-retry.sh	ok	11	0
1789521170	c7a34edcade4	parallel	test-slay.sh	ok	47	0
1789520899	c7a34edcade4	parallel	test-census-events.sh	ok	9	0
1789520803	c7a34edcade4	parallel	test-beads-push-commit.sh	ok	6	0
1789520938	c7a34edcade4	parallel	test-artifact-install.sh	ok	15	0
1789521120	c7a34edcade4	parallel	test-sentinel.sh	ok	3	0
1789520810	c7a34edcade4	parallel	test-freshclone.sh	ok	7	0
1789520926	c7a34edcade4	parallel	test-check5-body-search.sh	ok	9	0
1789521065	c7a34edcade4	parallel	test-requeue-cap.sh	ok	2	0
1789520808	c7a34edcade4	parallel	test-doctor-schema.sh	ok	12	0
1789520782	c7a34edcade4	parallel	test-activate.sh	ok	22	0
1789520962	c7a34edcade4	parallel	test-content-landed-empty-branch.sh	ok	10	0
1789520813	c7a34edcade4	parallel	test-groomer.sh	ok	38	0
1789520789	c7a34edcade4	parallel	test-archivist.sh	ok	51	0
1789520966	c7a34edcade4	parallel	test-destructive-bead.sh	ok	38	0
1789521041	c7a34edcade4	parallel	test-livelock.sh	ok	45	0
1789521115	c7a34edcade4	parallel	test-sentinel-capacity.sh	ok	6	0
1789520785	c7a34edcade4	parallel	test-batch-maxpar.sh	ok	6	0
1789520981	c7a34edcade4	parallel	test-install-landref.sh	ok	14	0
1789520975	c7a34edcade4	parallel	test-check5-nopayload.sh	ok	24	0
1789520833	c7a34edcade4	parallel	test-watchd-unit-name.sh	ok	17	0
1789520803	c7a34edcade4	parallel	test-doctor-checkout-mode.sh	ok	15	0
1789520862	c7a34edcade4	parallel	test-capacity-probe.sh	ok	11	0
1789521040	c7a34edcade4	parallel	test-reclaim-escalated.sh	ok	10	0
1789520985	c7a34edcade4	parallel	test-focus-close-guard.sh	ok	19	0
1789520818	c7a34edcade4	parallel	test-lanes.sh	ok	27	0
1789520792	c7a34edcade4	parallel	test-budget-drift.sh	ok	3	0
1789521140	c7a34edcade4	parallel	test-superseded.sh	ok	18	0
1789521115	c7a34edcade4	parallel	test-requeue.sh	ok	25	0
1789521044	c7a34edcade4	parallel	test-repo-label.sh	ok	15	0
1789520942	c7a34edcade4	parallel	test-check8-progressed.sh	ok	4	0
1789521065	c7a34edcade4	parallel	test-reclaim-slay-branch-guard.sh	ok	23	0
1789520830	c7a34edcade4	parallel	test-testenv-registry.sh	ok	14	0
1789520831	c7a34edcade4	parallel	test-unit-name.sh	ok	11	0
1789520924	c7a34edcade4	parallel	test-check4-events.sh	ok	21	0
1789520834	c7a34edcade4	parallel	test-work-services-exclusion.sh	ok	7	0
1789520856	c7a34edcade4	parallel	test-aeon-sweep.sh	ok	13	0
1789520828	c7a34edcade4	parallel	test-testenv-image-tag.sh	ok	6	0
1789520927	c7a34edcade4	parallel	test-check5-content-landed.sh	ok	12	0
1789520837	c7a34edcade4	parallel	test-aeon-heartbeat.sh	skip	0	0
1789520947	c7a34edcade4	parallel	test-check5-drop.sh	ok	13	0
1789521095	c7a34edcade4	parallel	test-sending-squash-merged.sh	ok	9	0
1789520822	c7a34edcade4	parallel	test-install-exec.sh	ok	12	0
1789520836	c7a34edcade4	parallel	test-render-memories.sh	ok	25	0
1789520796	c7a34edcade4	parallel	test-conf.sh	ok	24	0
1789520798	c7a34edcade4	parallel	test-containment.sh	ok	22	0
1789520860	c7a34edcade4	parallel	test-aeon-exit.sh	ok	10	0
1789521019	c7a34edcade4	parallel	test-now.sh	ok	88	0
1789520813	c7a34edcade4	parallel	test-host-unit-names.sh	skip	0	0
1789520787	c7a34edcade4	parallel	test-bd-resolve.sh	ok	8	0
1789521154	c7a34edcade4	parallel	test-unmapped-repo-park.sh	ok	5	0
1789520963	c7a34edcade4	parallel	test-cross-repo.sh	ok	8	0
1789520825	c7a34edcade4	parallel	test-ready.sh	ok	52	0
1789521136	c7a34edcade4	parallel	test-timeout.sh	ok	22	0
1789520967	c7a34edcade4	parallel	test-drain-expiry.sh	ok	13	0
1789520987	c7a34edcade4	parallel	test-lane-ceiling.sh	ok	9	0
1789520979	c7a34edcade4	parallel	test-event.sh	ok	36	0
1789563455	c8597556d9b2	parallel	test-watchd-health-ids.sh	ok	8	0
1789563466	c8597556d9b2	parallel	test-watchd-tail.sh	ok	15	0
1789563447	c8597556d9b2	parallel	test-watchd-unit-name.sh	ok	17	0
1789563462	c8597556d9b2	parallel	test-watch-notify.sh	ok	118	0
1789563454	c8597556d9b2	parallel	test-watch-refresh.sh	ok	81	0
1789543289	c85e7d94b380	parallel	test-citations.sh	ok	20	0
1789543271	c85e7d94b380	parallel	test-cockpit-landed.sh	ok	6	0
1789543260	c85e7d94b380	parallel	test-aeon-lease.sh	ok	15	0
1789543260	c85e7d94b380	parallel	test-cockpit-fuse.sh	ok	18	0
1789543264	c85e7d94b380	parallel	test-cockpit-snap-absent.sh	ok	7	0
1789543269	c85e7d94b380	parallel	test-world-drain.sh	ok	13	0
1789543267	c85e7d94b380	parallel	test-cockpit-gate.sh	ok	20	0
1789543276	c85e7d94b380	parallel	test-freshclone.sh	ok	7	0
1789543268	c85e7d94b380	parallel	test-drain-banner.sh	ok	11	0
1789543290	c85e7d94b380	parallel	test-cockpit-unlanded.sh	ok	23	0
1789543263	c85e7d94b380	parallel	test-cockpit-self.sh	ok	33	0
1789543274	c85e7d94b380	parallel	test-covers-entries.sh	ok	2	0
1789543256	c85e7d94b380	parallel	test-beads-sparklines.sh	ok	15	0
1789543291	c85e7d94b380	parallel	test-yield.sh	ok	74	0
1789543272	c85e7d94b380	parallel	test-now.sh	ok	88	0
1789543266	c85e7d94b380	parallel	test-cockpit-probe-fault.sh	ok	40	0
1789514988	c87eb8db48f8	parallel	test-world-drain.sh	ok	13	0
1789514987	c87eb8db48f8	parallel	test-world-start-revives-watchers.sh	ok	7	0
1789514990	c87eb8db48f8	parallel	test-world.sh	ok	34	0
1789547574	c89eec3348db	parallel	test-answers-silent-seed.sh	ok	8	0
1789600315	c989155e068d	parallel	test-doctor-missing-store.sh	ok	4	0
1789586372	c9c106f8a14c	parallel	test-census-blind.sh	ok	14	0
1789561570	c9e740ba7f23	parallel	test-doctor-schema.sh	ok	12	0
1789561568	c9e740ba7f23	parallel	test-conf.sh	ok	28	0
1789453577	ca2e1a8338fb	parallel	test-citations.sh	ok	20	0
1789453315	ca2e1a8338fb	parallel	test-check5-delivers-check.sh	ok	15	0
1789453547	ca2e1a8338fb	parallel	test-sending-unlanded-guard.sh	ok	10	0
1789453602	ca2e1a8338fb	parallel	test-poison.sh	ok	44	0
1789453279	ca2e1a8338fb	parallel	test-aeon-ledger.sh	ok	47	0
1789453426	ca2e1a8338fb	parallel	test-incident-cause.sh	ok	2	0
1789453477	ca2e1a8338fb	parallel	test-promote.sh	ok	16	0
1789453295	ca2e1a8338fb	parallel	test-attempts.sh	ok	49	0
# literal-ok: measurement data; the configured name is part of a suite FILENAME harvested from this tree, not a label read here.
1789453295	ca2e1a8338fb	parallel	test-aeon-world-stop.sh	ok	19	0
1789453451	ca2e1a8338fb	parallel	test-incident-recur-cause.sh	ok	11	0
1789453377	ca2e1a8338fb	parallel	test-census-watermark.sh	ok	11	0
1789453421	ca2e1a8338fb	parallel	test-fayth.sh	ok	9	0
1789453241	ca2e1a8338fb	parallel	test-aeon-lease.sh	ok	15	0
1789453462	ca2e1a8338fb	parallel	test-maechen-blind-window.sh	ok	5	0
1789453567	ca2e1a8338fb	parallel	test-worktree-absent.sh	ok	6	0
1789453524	ca2e1a8338fb	parallel	test-review.sh	ok	25	0
1789453476	ca2e1a8338fb	parallel	test-landed-stays-landed.sh	ok	14	0
1789453351	ca2e1a8338fb	parallel	test-builder-qa-proposed.sh	ok	4	0
1789453407	ca2e1a8338fb	parallel	test-cockpit-fuse.sh	ok	18	0
1789453420	ca2e1a8338fb	parallel	test-fayth-free.sh	ok	10	0
1789453508	ca2e1a8338fb	parallel	test-repo.sh	ok	4	0
1789453380	ca2e1a8338fb	parallel	test-check2-reclaim.sh	ok	10	0
1789453409	ca2e1a8338fb	parallel	test-concierge.sh	red	14	6
1789453565	ca2e1a8338fb	parallel	test-unclaimable-cycle.sh	ok	3	0
1789453494	ca2e1a8338fb	parallel	test-release.sh	ok	22	0
1789453541	ca2e1a8338fb	parallel	test-landing.sh	ok	142	0
1789453322	ca2e1a8338fb	parallel	test-ci-park.sh	ok	35	0
1789453564	ca2e1a8338fb	parallel	test-unclaimable-bead.sh	ok	16	0
1789453364	ca2e1a8338fb	parallel	test-census-blind.sh	red	11	9
1789453420	ca2e1a8338fb	parallel	test-elastic-ceiling.sh	ok	13	0
1789453419	ca2e1a8338fb	parallel	test-doctor-events-probe.sh	red	5	1
1789453239	ca2e1a8338fb	parallel	test-aeon-dirty-commit.sh	skip	0	0
1789453436	ca2e1a8338fb	parallel	test-hold.sh	ok	21	0
1789453426	ca2e1a8338fb	parallel	test-events-nodolt.sh	red	5	19
1789453415	ca2e1a8338fb	parallel	test-destroy-branch.sh	ok	12	0
1789453524	ca2e1a8338fb	parallel	test-scope-label.sh	ok	14	0
1789453340	ca2e1a8338fb	parallel	test-thrash.sh	ok	18	0
1789453536	ca2e1a8338fb	parallel	test-sending-empty-commit.sh	ok	10	0
1789453269	ca2e1a8338fb	parallel	test-aeon-prod-dirty.sh	ok	8	0
1789453593	ca2e1a8338fb	parallel	test-slay.sh	ok	47	0
1789453378	ca2e1a8338fb	parallel	test-census-events.sh	ok	9	0
1789453551	ca2e1a8338fb	parallel	test-sentinel.sh	ok	3	0
1789453323	ca2e1a8338fb	parallel	test-freshclone.sh	ok	7	0
1789453401	ca2e1a8338fb	parallel	test-check5-body-search.sh	ok	9	0
1789453523	ca2e1a8338fb	parallel	test-requeue-cap.sh	ok	2	0
1789453335	ca2e1a8338fb	parallel	test-gh-run-gate.sh	ok	18	0
1789453269	ca2e1a8338fb	parallel	test-aeon-resume.sh	ok	13	0
1789453423	ca2e1a8338fb	parallel	test-content-landed-empty-branch.sh	ok	10	0
1789453418	ca2e1a8338fb	parallel	test-ops-closing.sh	ok	44	0
1789453417	ca2e1a8338fb	parallel	test-destructive-bead.sh	ok	38	0
1789453493	ca2e1a8338fb	parallel	test-livelock.sh	ok	45	0
1789453548	ca2e1a8338fb	parallel	test-sentinel-capacity.sh	ok	6	0
1789453440	ca2e1a8338fb	parallel	test-install-landref.sh	ok	14	0
1789453444	ca2e1a8338fb	parallel	test-check5-nopayload.sh	ok	24	0
1789453489	ca2e1a8338fb	parallel	test-reclaim-escalated.sh	ok	10	0
1789453437	ca2e1a8338fb	parallel	test-focus-close-guard.sh	ok	19	0
1789453447	ca2e1a8338fb	parallel	test-lanes.sh	ok	27	0
1789453568	ca2e1a8338fb	parallel	test-superseded.sh	ok	18	0
1789453366	ca2e1a8338fb	parallel	test-requeue.sh	ok	27	0
1789453507	ca2e1a8338fb	parallel	test-repo-label.sh	ok	15	0
1789453414	ca2e1a8338fb	parallel	test-check8-progressed.sh	ok	4	0
1789453509	ca2e1a8338fb	parallel	test-reclaim-slay-branch-guard.sh	ok	23	0
1789453348	ca2e1a8338fb	parallel	test-set-state-writers.sh	ok	10	0
1789453309	ca2e1a8338fb	parallel	test-check4-events.sh	ok	21	0
1789453277	ca2e1a8338fb	parallel	test-aeon-sweep.sh	ok	13	0
1789453403	ca2e1a8338fb	parallel	test-check5-content-landed.sh	ok	12	0
1789453240	ca2e1a8338fb	parallel	test-aeon-heartbeat.sh	skip	0	0
1789453400	ca2e1a8338fb	parallel	test-check5-drop.sh	ok	13	0
1789453538	ca2e1a8338fb	parallel	test-sending-squash-merged.sh	ok	9	0
1789453506	ca2e1a8338fb	parallel	test-render-memories.sh	ok	25	0
1789453410	ca2e1a8338fb	parallel	test-containment.sh	ok	22	0
1789453262	ca2e1a8338fb	parallel	test-aeon-exit.sh	ok	10	0
1789453467	ca2e1a8338fb	parallel	test-now.sh	ok	88	0
1789453359	ca2e1a8338fb	parallel	test-unmapped-repo-park.sh	ok	4	0
1789453322	ca2e1a8338fb	parallel	test-cross-repo.sh	ok	8	0
1789453270	ca2e1a8338fb	parallel	test-aeon-worktree-guard.sh	ok	7	0
1789453351	ca2e1a8338fb	parallel	test-timeout.sh	ok	22	0
1789453339	ca2e1a8338fb	parallel	test-aeon-verdict.sh	ok	41	0
1789453419	ca2e1a8338fb	parallel	test-drain-expiry.sh	ok	13	0
1789453445	ca2e1a8338fb	parallel	test-lane-ceiling.sh	ok	9	0
1789453324	ca2e1a8338fb	parallel	test-event.sh	ok	36	0
1789603437	ca863849e828	parallel	test-gate-workflow.sh	ok	56	0
1789475764	cab5006f6626	parallel	test-citations.sh	ok	20	0
1789475443	cab5006f6626	parallel	test-check5-delivers-check.sh	ok	15	0
1789475693	cab5006f6626	parallel	test-host-reason.sh	ok	24	0
1789475671	cab5006f6626	parallel	test-sending-unlanded-guard.sh	ok	10	0
1789475706	cab5006f6626	parallel	test-output-visibility.sh	ok	9	0
1789475723	cab5006f6626	parallel	test-poison.sh	ok	44	0
1789475408	cab5006f6626	parallel	test-aeon-ledger.sh	ok	47	0
1789475550	cab5006f6626	parallel	test-incident-cause.sh	ok	2	0
1789475600	cab5006f6626	parallel	test-promote.sh	ok	16	0
1789475424	cab5006f6626	parallel	test-attempts.sh	ok	49	0
# literal-ok: measurement data; the configured name is part of a suite FILENAME harvested from this tree, not a label read here.
1789475424	cab5006f6626	parallel	test-aeon-world-stop.sh	ok	19	0
1789475571	cab5006f6626	parallel	test-incident-recur-cause.sh	ok	11	0
1789475503	cab5006f6626	parallel	test-census-watermark.sh	ok	11	0
1789475548	cab5006f6626	parallel	test-fayth.sh	ok	9	0
1789475371	cab5006f6626	parallel	test-aeon-lease.sh	ok	15	0
1789475583	cab5006f6626	parallel	test-maechen-blind-window.sh	ok	5	0
1789475685	cab5006f6626	parallel	test-worktree-absent.sh	ok	6	0
1789475647	cab5006f6626	parallel	test-review.sh	ok	25	0
1789475598	cab5006f6626	parallel	test-landed-stays-landed.sh	ok	14	0
1789475744	cab5006f6626	parallel	test-suites-fixture-fault.sh	ok	19	0
1789475686	cab5006f6626	parallel	test-orphan-test.sh	ok	17	0
1789475479	cab5006f6626	parallel	test-builder-qa-proposed.sh	ok	4	0
1789475534	cab5006f6626	parallel	test-cockpit-fuse.sh	ok	18	0
1789475547	cab5006f6626	parallel	test-fayth-free.sh	ok	10	0
1789475633	cab5006f6626	parallel	test-repo.sh	ok	4	0
1789475507	cab5006f6626	parallel	test-check2-reclaim.sh	ok	10	0
1789475754	cab5006f6626	parallel	test-suites-timeout.sh	ok	23	0
1789475535	cab5006f6626	parallel	test-concierge.sh	ok	10	0
1789475685	cab5006f6626	parallel	test-unclaimable-cycle.sh	ok	3	0
1789475619	cab5006f6626	parallel	test-release.sh	ok	22	0
1789475659	cab5006f6626	parallel	test-landing.sh	ok	142	0
1789475450	cab5006f6626	parallel	test-ci-park.sh	ok	35	0
1789475684	cab5006f6626	parallel	test-unclaimable-bead.sh	ok	16	0
1789475491	cab5006f6626	parallel	test-census-blind.sh	ok	14	0
1789475547	cab5006f6626	parallel	test-elastic-ceiling.sh	ok	13	0
1789475546	cab5006f6626	parallel	test-doctor-events-probe.sh	ok	6	0
1789475369	cab5006f6626	parallel	test-aeon-dirty-commit.sh	skip	0	0
1789475769	cab5006f6626	parallel	test-suites-watchdog-classify.sh	ok	6	0
1789475560	cab5006f6626	parallel	test-hold.sh	ok	21	0
1789475723	cab5006f6626	parallel	test-suites-confirm-red.sh	ok	18	0
1789475548	cab5006f6626	parallel	test-events-nodolt.sh	ok	24	0
1789475542	cab5006f6626	parallel	test-destroy-branch.sh	ok	12	0
1789475648	cab5006f6626	parallel	test-scope-label.sh	ok	14	0
1789475468	cab5006f6626	parallel	test-thrash.sh	ok	18	0
1789475659	cab5006f6626	parallel	test-sending-empty-commit.sh	ok	10	0
1789475867	cab5006f6626	parallel	test-suites-unreached.sh	ok	10	0
1789475398	cab5006f6626	parallel	test-aeon-prod-dirty.sh	ok	8	0
1789475743	cab5006f6626	parallel	test-suites-result-files.sh	ok	9	0
1789475716	cab5006f6626	parallel	test-slay.sh	ok	47	0
1789475506	cab5006f6626	parallel	test-census-events.sh	ok	9	0
1789475671	cab5006f6626	parallel	test-sentinel.sh	ok	3	0
1789475452	cab5006f6626	parallel	test-freshclone.sh	ok	7	0
1789475527	cab5006f6626	parallel	test-check5-body-search.sh	ok	9	0
1789475647	cab5006f6626	parallel	test-requeue-cap.sh	ok	2	0
1789475749	cab5006f6626	parallel	test-suites-setup-fault.sh	ok	18	0
1789475463	cab5006f6626	parallel	test-gh-run-gate.sh	ok	18	0
1789475399	cab5006f6626	parallel	test-aeon-resume.sh	ok	13	0
1789475549	cab5006f6626	parallel	test-content-landed-empty-branch.sh	ok	10	0
1789475799	cab5006f6626	parallel	test-testenv-scratch.sh	ok	15	0
1789475545	cab5006f6626	parallel	test-ops-closing.sh	ok	44	0
1789475734	cab5006f6626	parallel	test-suites-cluster.sh	ok	17	0
1789475544	cab5006f6626	parallel	test-destructive-bead.sh	ok	38	0
1789475618	cab5006f6626	parallel	test-livelock.sh	ok	45	0
1789475670	cab5006f6626	parallel	test-sentinel-capacity.sh	ok	6	0
1789475561	cab5006f6626	parallel	test-install-landref.sh	ok	14	0
1789475570	cab5006f6626	parallel	test-check5-nopayload.sh	ok	24	0
1789475612	cab5006f6626	parallel	test-reclaim-escalated.sh	ok	10	0
1789475560	cab5006f6626	parallel	test-focus-close-guard.sh	ok	19	0
1789475572	cab5006f6626	parallel	test-lanes.sh	ok	27	0
1789475687	cab5006f6626	parallel	test-budget-drift.sh	ok	3	0
1789475690	cab5006f6626	parallel	test-superseded.sh	ok	18	0
1789475493	cab5006f6626	parallel	test-requeue.sh	ok	27	0
1789475632	cab5006f6626	parallel	test-repo-label.sh	ok	15	0
1789475541	cab5006f6626	parallel	test-check8-progressed.sh	ok	4	0
1789475632	cab5006f6626	parallel	test-reclaim-slay-branch-guard.sh	ok	23	0
1789475476	cab5006f6626	parallel	test-set-state-writers.sh	ok	10	0
1789475438	cab5006f6626	parallel	test-check4-events.sh	ok	21	0
1789475406	cab5006f6626	parallel	test-aeon-sweep.sh	ok	13	0
1789475530	cab5006f6626	parallel	test-check5-content-landed.sh	ok	12	0
1789475370	cab5006f6626	parallel	test-aeon-heartbeat.sh	skip	0	0
1789475527	cab5006f6626	parallel	test-check5-drop.sh	ok	13	0
1789475662	cab5006f6626	parallel	test-sending-squash-merged.sh	ok	9	0
1789475631	cab5006f6626	parallel	test-render-memories.sh	ok	25	0
1789475694	cab5006f6626	parallel	test-suite-cleanup.sh	ok	5	0
1789475778	cab5006f6626	parallel	test-testdb-failsafe.sh	ok	48	0
1789475536	cab5006f6626	parallel	test-containment.sh	ok	22	0
1789475392	cab5006f6626	parallel	test-aeon-exit.sh	ok	10	0
1789475588	cab5006f6626	parallel	test-now.sh	ok	88	0
1789475487	cab5006f6626	parallel	test-unmapped-repo-park.sh	ok	4	0
1789475451	cab5006f6626	parallel	test-cross-repo.sh	ok	8	0
1789475400	cab5006f6626	parallel	test-aeon-worktree-guard.sh	ok	7	0
1789475479	cab5006f6626	parallel	test-timeout.sh	ok	22	0
1789475467	cab5006f6626	parallel	test-aeon-verdict.sh	ok	41	0
1789475546	cab5006f6626	parallel	test-drain-expiry.sh	ok	13	0
1789475571	cab5006f6626	parallel	test-lane-ceiling.sh	ok	9	0
1789475802	cab5006f6626	parallel	test-suites.sh	ok	73	0
1789475453	cab5006f6626	parallel	test-event.sh	ok	36	0
1789545550	cae3dda312a8	parallel	test-cockpit-tiered-collector.sh	ok	32	0
1789666312	cb3e05157c7d	parallel	test-batch.sh	ok	36	0
1789666290	cb3e05157c7d	parallel	test-batch-certified-orphan.sh	ok	6	0
1789666279	cb3e05157c7d	parallel	test-verdict.sh	ok	32	0
1789583719	cb52cabd0098	parallel	test-mail-kinds.sh	red	0	0
1789583719	cb52cabd0098	parallel	test-mail.sh	ok	40	0
1789526844	cbded0d8b598	parallel	test-citations.sh	ok	20	0
1789526835	cbded0d8b598	parallel	test-freshclone.sh	ok	7	0
1789526835	cbded0d8b598	parallel	test-select.sh	ok	55	0
1789519905	cbff6d28ac46	parallel	test-requeue.sh	ok	25	0
1789617677	cc116e1aa260	serial	test-attempts.sh	ok	49	0
1789617661	cc116e1aa260	serial	test-timeout.sh	ok	22	0
1789584641	cccec127a4d3	parallel	test-citations.sh	ok	20	0
1789584544	cccec127a4d3	parallel	test-gate-verdict.sh	ok	36	0
1789584497	cccec127a4d3	parallel	test-doctor-bd-tag.sh	ok	16	0
1789584598	cccec127a4d3	parallel	test-maechen.sh	ok	45	0
1789584479	cccec127a4d3	parallel	test-cadence.sh	skip	0	0
1789584604	cccec127a4d3	parallel	test-promote.sh	ok	19	0
# literal-ok: measurement data; the configured name is part of a suite FILENAME harvested from this tree, not a label read here.
1789584448	cccec127a4d3	parallel	test-aeon-world-stop.sh	ok	19	0
1789584505	cccec127a4d3	parallel	test-doctor-goal.sh	ok	8	0
1789584602	cccec127a4d3	parallel	test-priority-bands.sh	ok	6	0
1789584490	cccec127a4d3	parallel	test-configure.sh	ok	18	0
1789584518	cccec127a4d3	parallel	test-fayth-predicates.sh	ok	22	0
1789584623	cccec127a4d3	parallel	test-review.sh	ok	25	0
1789584595	cccec127a4d3	parallel	test-maechen-trigger.sh	ok	48	0
1789584546	cccec127a4d3	parallel	test-groom-trigger.sh	ok	18	0
1789584482	cccec127a4d3	parallel	test-cockpit-runtime-path.sh	ok	8	0
1789584477	cccec127a4d3	parallel	test-bin-manifest.sh	ok	9	0
1789584516	cccec127a4d3	parallel	test-doctor-unit-dup.sh	ok	10	0
1789584560	cccec127a4d3	parallel	test-install-self-test.sh	ok	9	0
1789584621	cccec127a4d3	parallel	test-scope-label.sh	ok	14	0
1789584480	cccec127a4d3	parallel	test-cockpit-mouse.sh	ok	7	0
1789584536	cccec127a4d3	parallel	test-gate-missing-cmd.sh	ok	7	0
1789584455	cccec127a4d3	parallel	test-bd-lock-retry.sh	ok	11	0
1789584471	cccec127a4d3	parallel	test-beads-push-commit.sh	ok	6	0
1789584592	cccec127a4d3	parallel	test-artifact-install.sh	ok	15	0
1789584520	cccec127a4d3	parallel	test-freshclone.sh	ok	7	0
1789584511	cccec127a4d3	parallel	test-doctor-schema.sh	ok	12	0
1789584580	cccec127a4d3	parallel	test-loop-readonly.sh	ok	11	0
1789584424	cccec127a4d3	parallel	test-activate.sh	ok	22	0
1789584547	cccec127a4d3	parallel	test-groomer.sh	ok	38	0
1789584431	cccec127a4d3	parallel	test-archivist.sh	ok	51	0
1789584449	cccec127a4d3	parallel	test-batch-maxpar.sh	ok	6	0
1789584630	cccec127a4d3	parallel	test-watchd-unit-name.sh	ok	17	0
1789584501	cccec127a4d3	parallel	test-doctor-checkout-mode.sh	ok	15	0
1789584599	cccec127a4d3	parallel	test-mail-kinds.sh	ok	44	0
1789584562	cccec127a4d3	parallel	test-lanes.sh	ok	27	0
1789584478	cccec127a4d3	parallel	test-budget-drift.sh	ok	3	0
1789584601	cccec127a4d3	parallel	test-mail.sh	ok	40	0
1789584628	cccec127a4d3	parallel	test-testenv-registry.sh	ok	14	0
1789584633	cccec127a4d3	parallel	test-covers-entries.sh	ok	2	0
1789584629	cccec127a4d3	parallel	test-unit-name.sh	ok	11	0
1789584630	cccec127a4d3	parallel	test-work-services-exclusion.sh	ok	7	0
1789584623	cccec127a4d3	parallel	test-testenv-image-tag.sh	ok	6	0
1789584556	cccec127a4d3	parallel	test-install-exec.sh	ok	12	0
1789584619	cccec127a4d3	parallel	test-render-memories.sh	ok	32	0
1789584484	cccec127a4d3	parallel	test-conf.sh	ok	28	0
1789584492	cccec127a4d3	parallel	test-containment.sh	ok	22	0
1789584548	cccec127a4d3	parallel	test-host-unit-names.sh	skip	0	0
1789584457	cccec127a4d3	parallel	test-bd-resolve.sh	ok	8	0
1789584534	cccec127a4d3	parallel	test-gate-check-flaky.sh	ok	5	0
1789584607	cccec127a4d3	parallel	test-ready.sh	ok	59	0
1789594822	ccd43beab3e7	parallel	test-ask-help.sh	ok	28	0
1789595163	ccd43beab3e7	parallel	test-poison.sh	ok	44	0
1789594914	ccd43beab3e7	parallel	test-incident-recur-cause.sh	ok	16	0
1789595117	ccd43beab3e7	parallel	test-strand-partition.sh	ok	18	0
1789595081	ccd43beab3e7	parallel	test-sin-exempt.sh	ok	11	0
1789595015	ccd43beab3e7	parallel	test-pilgrimage.sh	ok	29	0
1789595016	ccd43beab3e7	parallel	test-landing.sh	ok	147	0
1789595115	ccd43beab3e7	parallel	test-strand-lock.sh	ok	3	0
1789594881	ccd43beab3e7	parallel	test-incident-dedup.sh	ok	8	0
1789595147	ccd43beab3e7	parallel	test-suites-red-dedup.sh	ok	6	0
1789595082	ccd43beab3e7	parallel	test-skew-escalate.sh	ok	20	0
1789595050	ccd43beab3e7	parallel	test-sentinel.sh	ok	3	0
1789595040	ccd43beab3e7	parallel	test-requeue-cap.sh	ok	6	0
1789595191	ccd43beab3e7	parallel	test-verify-asks.sh	ok	22	0
1789594990	ccd43beab3e7	parallel	test-incident.sh	ok	24	0
1789594819	ccd43beab3e7	parallel	test-ask-law.sh	ok	28	0
1789595114	ccd43beab3e7	parallel	test-strand-capacity.sh	ok	5	0
1789595170	ccd43beab3e7	parallel	test-superseded.sh	ok	18	0
1789595198	ccd43beab3e7	parallel	test-watch-notify.sh	red	114	4
1789595113	ccd43beab3e7	parallel	test-spike.sh	ok	88	0
1789594848	ccd43beab3e7	parallel	test-check4-events.sh	ok	21	0
1789594916	ccd43beab3e7	parallel	test-incident-recur-bounded.sh	ok	6	0
1789595181	ccd43beab3e7	parallel	test-unmapped-repo-park.sh	ok	5	0
1789595174	ccd43beab3e7	parallel	test-timeout.sh	ok	22	0
1789594832	ccd43beab3e7	parallel	test-event.sh	ok	36	0
1789516751	cd5d2be617f6	parallel	test-requeue.sh	ok	27	0
1789580858	cd9adf54703f	parallel	test-citations.sh	ok	20	0
1789580860	cd9adf54703f	parallel	test-render-memories.sh	ok	25	0
1789559512	ce0b0f90f073	parallel	test-citations.sh	ok	20	0
1789559504	ce0b0f90f073	parallel	test-freshclone.sh	ok	7	0
1789559503	ce0b0f90f073	parallel	test-covers-entries.sh	ok	2	0
1789583539	ce2b95e1db96	parallel	test-census-blind.sh	red	14	4
1789669593	ceb71c0fc7a4	parallel	test-cockpit-landed.sh	ok	5	0
1789669585	ceb71c0fc7a4	parallel	test-cockpit-probe-fault.sh	ok	43	0
1789671271	ceee6cbdeb0e	parallel	test-aeon-fence.sh	ok	24	0
1789591578	cf2fe6228eb1	parallel	test-suite-state.sh	ok	0	0
1789569553	cf412179c778	serial	test-census.sh	red	20	1
1789666217	cf8913bb6939	parallel	test-cockpit-queue.sh	ok	18	0
1789666236	cf8913bb6939	parallel	test-cockpit-queue-section.sh	ok	21	0
1789666222	cf8913bb6939	parallel	test-cockpit-unlanded.sh	ok	11	0
1789511441	cfd9dab00498	parallel	test-citations.sh	ok	20	0
1789511390	cfd9dab00498	parallel	test-incident-cause.sh	ok	2	0
1789511410	cfd9dab00498	parallel	test-landing-race.sh	ok	23	0
1789511708	cfd9dab00498	parallel	test-watchtower.sh	ok	153	0
1789511494	cfd9dab00498	parallel	test-landing.sh	ok	142	0
1789511393	cfd9dab00498	parallel	test-deploy.sh	ok	20	0
1789511389	cfd9dab00498	parallel	test-freshclone.sh	ok	7	0
1789511405	cfd9dab00498	parallel	test-aeon-resume.sh	ok	13	0
1789511431	cfd9dab00498	parallel	test-superseded.sh	ok	18	0
1789511435	cfd9dab00498	parallel	test-spike.sh	ok	88	0
1789511427	cfd9dab00498	parallel	test-soak.sh	ok	7	0
1789511407	cfd9dab00498	parallel	test-check4-events.sh	ok	21	0
1789511387	cfd9dab00498	parallel	test-event.sh	ok	36	0
1789664187	d03a81a08939	parallel	test-check5-landed-assert.sh	ok	11	0
1789664187	d03a81a08939	parallel	test-check5-content-landed.sh	ok	12	0
1789617953	d059925efd41	serial	test-watchd-halt-health.sh	ok	7	0
1789617952	d059925efd41	serial	test-watchd-tail.sh	ok	15	0
1789664585	d072dc16425f	parallel	test-concierge.sh	ok	36	0
1789599659	d09705f0adc6	parallel	test-install-dolt-mode.sh	ok	7	0
1789605404	d09943bf3124	parallel	test-bead-lint.sh	ok	10	0
1789624430	d0f88cde2d56	parallel	test-bd-schema-stamp.sh	ok	10	0
1789624755	d0f88cde2d56	parallel	test-poison.sh	ok	44	0
1789624470	d0f88cde2d56	parallel	test-attempts.sh	ok	49	0
1789624574	d0f88cde2d56	parallel	test-incident-recur-cause.sh	ok	16	0
1789624495	d0f88cde2d56	parallel	test-census-watermark.sh	ok	13	0
1789624599	d0f88cde2d56	parallel	test-maechen-blind-window.sh	ok	5	0
1789624801	d0f88cde2d56	parallel	test-sin-exempt.sh	ok	11	0
1789624685	d0f88cde2d56	parallel	test-landing.sh	ok	147	0
1789624525	d0f88cde2d56	parallel	test-doctor-events-probe.sh	ok	5	0
1789624429	d0f88cde2d56	parallel	test-bd-lock-retry.sh	ok	7	0
1789624478	d0f88cde2d56	parallel	test-census-events.sh	ok	14	0
1789624728	d0f88cde2d56	parallel	test-requeue-cap.sh	ok	6	0
1789624522	d0f88cde2d56	parallel	test-census.sh	ok	21	0
1789624788	d0f88cde2d56	parallel	test-requeue.sh	ok	25	0
1789624547	d0f88cde2d56	parallel	test-check4-events.sh	ok	21	0
1789624810	d0f88cde2d56	parallel	test-timeout.sh	ok	22	0
1789665001	d1a487da69dc	parallel	test-deploy.sh	ok	61	0
1789598537	d27bbf84b939	parallel	test-ask-help.sh	ok	28	0
1789598946	d27bbf84b939	parallel	test-poison.sh	ok	44	0
1789598651	d27bbf84b939	parallel	test-incident-recur-cause.sh	ok	16	0
1789598902	d27bbf84b939	parallel	test-strand-partition.sh	ok	18	0
1789598864	d27bbf84b939	parallel	test-sin-exempt.sh	ok	11	0
1789598780	d27bbf84b939	parallel	test-pilgrimage.sh	ok	29	0
1789598782	d27bbf84b939	parallel	test-landing.sh	ok	147	0
1789598901	d27bbf84b939	parallel	test-strand-lock.sh	ok	3	0
1789598616	d27bbf84b939	parallel	test-incident-dedup.sh	ok	8	0
1789598944	d27bbf84b939	parallel	test-suites-red-dedup.sh	ok	6	0
1789598865	d27bbf84b939	parallel	test-skew-escalate.sh	ok	20	0
1789598818	d27bbf84b939	parallel	test-sentinel.sh	ok	3	0
1789598807	d27bbf84b939	parallel	test-requeue-cap.sh	ok	6	0
1789598997	d27bbf84b939	parallel	test-verify-asks.sh	ok	22	0
1789598748	d27bbf84b939	parallel	test-incident.sh	ok	24	0
1789598533	d27bbf84b939	parallel	test-ask-law.sh	ok	28	0
1789598900	d27bbf84b939	parallel	test-strand-capacity.sh	ok	5	0
1789598981	d27bbf84b939	parallel	test-superseded.sh	ok	18	0
1789598997	d27bbf84b939	parallel	test-watch-notify.sh	red	114	4
1789598899	d27bbf84b939	parallel	test-spike.sh	ok	88	0
1789598574	d27bbf84b939	parallel	test-check4-events.sh	ok	21	0
1789598654	d27bbf84b939	parallel	test-incident-recur-bounded.sh	ok	6	0
1789598981	d27bbf84b939	parallel	test-unmapped-repo-park.sh	ok	5	0
1789598968	d27bbf84b939	parallel	test-timeout.sh	ok	22	0
1789598548	d27bbf84b939	parallel	test-event.sh	ok	36	0
1789549673	d29425f3b612	parallel	test-citations.sh	ok	20	0
# literal-ok: measurement data; the configured name is part of a suite FILENAME harvested from this tree, not a label read here.
1789549688	d29425f3b612	parallel	test-aeon-world-stop.sh	ok	19	0
1789549669	d29425f3b612	parallel	test-world-drain.sh	ok	13	0
1789549666	d29425f3b612	parallel	test-freshclone.sh	ok	7	0
1789549666	d29425f3b612	parallel	test-drain-banner.sh	ok	11	0
1789549672	d29425f3b612	parallel	test-world-timer-names.sh	ok	11	0
1789549669	d29425f3b612	parallel	test-world-start-revives-watchers.sh	ok	7	0
1789549688	d29425f3b612	parallel	test-watch-notify.sh	ok	118	0
1789549672	d29425f3b612	parallel	test-world-timer-service-result.sh	ok	10	0
1789549665	d29425f3b612	parallel	test-covers-entries.sh	ok	2	0
1789549668	d29425f3b612	parallel	test-work-services-exclusion.sh	ok	7	0
1789549667	d29425f3b612	parallel	test-drain-expiry.sh	ok	13	0
1789549676	d29425f3b612	parallel	test-world.sh	ok	36	0
1789622000	d29bb3f87c70	parallel	test-queue-flush.sh	ok	12	0
1789622000	d29bb3f87c70	parallel	test-forge-check-status.sh	ok	4	0
1789655147	d32aa26cc9d9	parallel	test-batch.sh	ok	11	0
1789614200	d46d4a03443a	parallel	test-cockpit-rebuild.sh	ok	26	0
1789614187	d46d4a03443a	parallel	test-cockpit-layout-mail.sh	ok	12	0
1789622549	d4d466bf3c56	parallel	test-citations.sh	ok	20	0
1789622862	d4d466bf3c56	parallel	test-gate-sweep.sh	ok	6	0
1789622292	d4d466bf3c56	parallel	test-certify.sh	ok	14	0
1789621932	d4d466bf3c56	parallel	test-answers-silent-seed.sh	ok	8	0
1789622106	d4d466bf3c56	parallel	test-bd-schema-stamp.sh	ok	10	0
1789622126	d4d466bf3c56	parallel	test-beads-push-verify.sh	ok	12	0
1789622871	d4d466bf3c56	parallel	test-gate-verdict.sh	ok	36	0
1789622865	d4d466bf3c56	parallel	test-gate-check-stuck.sh	ok	4	0
1789623333	d4d466bf3c56	parallel	test-loom.sh	ok	2	0
1789622361	d4d466bf3c56	parallel	test-check5-delivers-check.sh	ok	15	0
1789622896	d4d466bf3c56	parallel	test-host-reason.sh	ok	24	0
1789623833	d4d466bf3c56	parallel	test-sop.sh	ok	113	0
1789623713	d4d466bf3c56	parallel	test-sending-unlanded-guard.sh	ok	10	0
1789623874	d4d466bf3c56	parallel	test-testenv-systemctl.sh	red	0	0
1789623378	d4d466bf3c56	parallel	test-null-close-reason.sh	ok	19	0
1789623413	d4d466bf3c56	parallel	test-output-visibility.sh	ok	9	0
1789622134	d4d466bf3c56	parallel	test-build-tarball.sh	ok	11	0
1789622801	d4d466bf3c56	parallel	test-doctor-embedded.sh	ok	7	0
1789623355	d4d466bf3c56	parallel	test-mail-deliver.sh	ok	10	0
1789623684	d4d466bf3c56	parallel	test-schema-apply.sh	ok	22	0
1789623585	d4d466bf3c56	parallel	test-poison.sh	ok	44	0
1789621825	d4d466bf3c56	parallel	test-aeon-ledger.sh	ok	47	0
1789622778	d4d466bf3c56	parallel	test-doctor-bd-tag.sh	ok	16	0
1789623345	d4d466bf3c56	parallel	test-maechen.sh	ok	45	0
1789623133	d4d466bf3c56	parallel	test-install-unit-directive.sh	ok	11	0
1789623700	d4d466bf3c56	parallel	test-sending-landstate-assert.sh	ok	4	0
1789622141	d4d466bf3c56	parallel	test-cadence.sh	skip	0	0
1789623876	d4d466bf3c56	parallel	test-timer-templates.sh	red	0	0
1789622903	d4d466bf3c56	parallel	test-incident-cause.sh	ok	2	0
1789623493	d4d466bf3c56	parallel	test-promote.sh	ok	19	0
1789621979	d4d466bf3c56	parallel	test-attempts.sh	ok	49	0
1789623049	d4d466bf3c56	parallel	test-install-aeons.sh	ok	25	0
# literal-ok: measurement data; the configured name is part of a suite FILENAME harvested from this tree, not a label read here.
1789621900	d4d466bf3c56	parallel	test-aeon-world-stop.sh	ok	19	0
1789623018	d4d466bf3c56	parallel	test-incident-recur-cause.sh	ok	16	0
1789623081	d4d466bf3c56	parallel	test-install-halt.sh	ok	6	0
1789622270	d4d466bf3c56	parallel	test-census-watermark.sh	ok	13	0
1789623658	d4d466bf3c56	parallel	test-scratch-fence.sh	ok	15	0
1789622818	d4d466bf3c56	parallel	test-fayth.sh	ok	9	0
1789622783	d4d466bf3c56	parallel	test-doctor-cargo.sh	ok	11	0
1789622129	d4d466bf3c56	parallel	test-boundary.sh	ok	8	0
1789623698	d4d466bf3c56	parallel	test-sending-metrics.sh	ok	14	0
1789622511	d4d466bf3c56	parallel	test-check5-sweep-delivers.sh	ok	15	0
1789622596	d4d466bf3c56	parallel	test-cockpit-landed.sh	ok	6	0
1789623160	d4d466bf3c56	parallel	test-landing-race.sh	ok	23	0
1789622106	d4d466bf3c56	parallel	test-bd-remember-guard.sh	ok	20	0
1789621769	d4d466bf3c56	parallel	test-aeon-lease.sh	ok	15	0
1789622807	d4d466bf3c56	parallel	test-doctor-goal.sh	ok	8	0
1789623343	d4d466bf3c56	parallel	test-maechen-blind-window.sh	ok	5	0
1789623856	d4d466bf3c56	parallel	test-strand-partition.sh	ok	18	0
1789623490	d4d466bf3c56	parallel	test-priority-bands.sh	ok	6	0
1789623367	d4d466bf3c56	parallel	test-model-switch-report.sh	ok	16	0
1789623426	d4d466bf3c56	parallel	test-owned.sh	ok	18	0
1789622718	d4d466bf3c56	parallel	test-configure.sh	ok	18	0
1789623880	d4d466bf3c56	parallel	test-worktree-absent.sh	red	0	0
1789622817	d4d466bf3c56	parallel	test-fayth-predicates.sh	ok	22	0
1789623739	d4d466bf3c56	parallel	test-session-hook.sh	ok	94	0
1789622856	d4d466bf3c56	parallel	test-gate-fixture-diag.sh	ok	6	0
1789623642	d4d466bf3c56	parallel	test-review.sh	ok	25	0
1789623351	d4d466bf3c56	parallel	test-maechen-trigger.sh	ok	48	0
1789622879	d4d466bf3c56	parallel	test-groom-trigger.sh	ok	18	0
1789623177	d4d466bf3c56	parallel	test-landed-stays-landed.sh	ok	14	0
1789623201	d4d466bf3c56	parallel	test-literal-lint.sh	ok	31	0
1789622652	d4d466bf3c56	parallel	test-cockpit-sphere.sh	ok	12	0
1789623680	d4d466bf3c56	parallel	test-sending-content-label.sh	ok	4	0
1789623190	d4d466bf3c56	parallel	test-limits.sh	ok	85	0
1789622453	d4d466bf3c56	parallel	test-check5-landed-assert.sh	ok	11	0
1789623870	d4d466bf3c56	parallel	test-suites-fixture-fault.sh	red	0	0
1789622875	d4d466bf3c56	parallel	test-gh-intake.sh	ok	23	0
1789623391	d4d466bf3c56	parallel	test-orphan-test.sh	ok	17	0
1789623870	d4d466bf3c56	parallel	test-suites-containment.sh	red	0	0
1789623654	d4d466bf3c56	parallel	test-schema.sh	ok	28	0
1789623750	d4d466bf3c56	parallel	test-skew-foreign.sh	ok	19	0
1789622137	d4d466bf3c56	parallel	test-builder-qa-proposed.sh	ok	4	0
1789623389	d4d466bf3c56	parallel	test-mail-sendmail.sh	ok	20	0
1789622103	d4d466bf3c56	parallel	test-batch.sh	ok	10	0
1789622558	d4d466bf3c56	parallel	test-cockpit-fuse.sh	ok	18	0
1789623775	d4d466bf3c56	parallel	test-sin-exempt.sh	ok	11	0
1789622639	d4d466bf3c56	parallel	test-cockpit-snap-absent.sh	ok	7	0
1789623070	d4d466bf3c56	parallel	test-install-dolt-mode.sh	ok	7	0
1789622817	d4d466bf3c56	parallel	test-fayth-free.sh	ok	10	0
1789622487	d4d466bf3c56	parallel	test-check5-landed-no-delivers.sh	ok	9	0
1789622666	d4d466bf3c56	parallel	test-cockpit-unclaimable.sh	ok	13	0
1789622911	d4d466bf3c56	parallel	test-incident-delivers-satisfiable.sh	ok	7	0
1789623580	d4d466bf3c56	parallel	test-repo.sh	ok	4	0
1789622295	d4d466bf3c56	parallel	test-check2-reclaim.sh	ok	10	0
1789623874	d4d466bf3c56	parallel	test-testenv-stdin.sh	red	0	0
1789622811	d4d466bf3c56	parallel	test-doctor-snap-fresh.sh	ok	9	0
1789623872	d4d466bf3c56	parallel	test-suites-timeout.sh	red	0	0
1789623879	d4d466bf3c56	parallel	test-watchtower.sh	red	0	0
1789623880	d4d466bf3c56	parallel	test-world-drain.sh	red	0	0
1789622636	d4d466bf3c56	parallel	test-cockpit-runtime-path.sh	ok	8	0
1789622718	d4d466bf3c56	parallel	test-concierge.sh	ok	30	0
1789622128	d4d466bf3c56	parallel	test-bin-manifest.sh	ok	9	0
1789622898	d4d466bf3c56	parallel	test-id-prefix.sh	ok	6	0
1789623876	d4d466bf3c56	parallel	test-unclaimable-cycle.sh	red	0	0
1789623139	d4d466bf3c56	parallel	test-inventory.sh	ok	29	0
1789622815	d4d466bf3c56	parallel	test-doctor-unit-dup.sh	ok	10	0
1789622770	d4d466bf3c56	parallel	test-dependents.sh	ok	10	0
1789623460	d4d466bf3c56	parallel	test-pilgrimage.sh	ok	23	0
1789623546	d4d466bf3c56	parallel	test-release.sh	ok	29	0
1789623282	d4d466bf3c56	parallel	test-landing.sh	ok	147	0
1789623130	d4d466bf3c56	parallel	test-install-self-test.sh	ok	9	0
1789622551	d4d466bf3c56	parallel	test-ci-park.sh	ok	35	0
1789623876	d4d466bf3c56	parallel	test-unclaimable-bead.sh	red	0	0
1789622861	d4d466bf3c56	parallel	test-gate-retry.sh	ok	11	0
1789623284	d4d466bf3c56	parallel	test-loom-rebuild.sh	ok	6	0
1789623875	d4d466bf3c56	parallel	test-testenv-tmux-isolation.sh	red	0	0
1789623649	d4d466bf3c56	parallel	test-schema-migration-guard.sh	ok	15	0
1789623355	d4d466bf3c56	parallel	test-mail-fence.sh	ok	25	0
1789622200	d4d466bf3c56	parallel	test-canary.sh	ok	42	0
1789622071	d4d466bf3c56	parallel	test-auron.sh	ok	77	0
1789622815	d4d466bf3c56	parallel	test-elastic-ceiling.sh	ok	13	0
1789623878	d4d466bf3c56	parallel	test-watchd-health-ids.sh	red	0	0
1789622804	d4d466bf3c56	parallel	test-doctor-events-probe.sh	ok	5	0
1789621767	d4d466bf3c56	parallel	test-aeon-dirty-commit.sh	skip	0	0
1789623872	d4d466bf3c56	parallel	test-suites-watchdog-classify.sh	red	0	0
1789622892	d4d466bf3c56	parallel	test-hold.sh	ok	21	0
1789622787	d4d466bf3c56	parallel	test-deploy.sh	ok	20	0
1789623870	d4d466bf3c56	parallel	test-suites-confirm-red.sh	red	0	0
1789623858	d4d466bf3c56	parallel	test-strand-truncated.sh	ok	12	0
1789622772	d4d466bf3c56	parallel	test-destroy-branch.sh	ok	12	0
1789622662	d4d466bf3c56	parallel	test-cockpit-tiered-collector.sh	ok	35	0
1789622649	d4d466bf3c56	parallel	test-cockpit-sop.sh	ok	19	0
1789623656	d4d466bf3c56	parallel	test-scope-label.sh	ok	14	0
1789623854	d4d466bf3c56	parallel	test-strand-lock.sh	ok	3	0
1789623126	d4d466bf3c56	parallel	test-install-paths.sh	ok	12	0
1789623875	d4d466bf3c56	parallel	test-thrash.sh	red	0	0
1789622575	d4d466bf3c56	parallel	test-cockpit-gate.sh	ok	20	0
1789623435	d4d466bf3c56	parallel	test-panel.sh	ok	1	0
1789623836	d4d466bf3c56	parallel	test-statusline.sh	ok	16	0
1789623874	d4d466bf3c56	parallel	test-testenv-mode.sh	red	0	0
1789623365	d4d466bf3c56	parallel	test-migrate-ask.sh	ok	14	0
1789623878	d4d466bf3c56	parallel	test-watchd-halt-health.sh	red	0	0
1789622690	d4d466bf3c56	parallel	test-cockpit-unsent.sh	ok	10	0
1789623880	d4d466bf3c56	parallel	test-wire-token.sh	red	0	0
1789622601	d4d466bf3c56	parallel	test-cockpit-mouse.sh	ok	7	0
1789622985	d4d466bf3c56	parallel	test-incident-dedup.sh	red	8	0
1789623696	d4d466bf3c56	parallel	test-sending-empty-commit.sh	ok	10	0
1789622618	d4d466bf3c56	parallel	test-cockpit-queue.sh	ok	21	0
1789622858	d4d466bf3c56	parallel	test-gate-missing-cmd.sh	ok	7	0
1789623872	d4d466bf3c56	parallel	test-suites-unreached.sh	red	0	0
1789623871	d4d466bf3c56	parallel	test-suites-red-dedup.sh	red	0	0
1789622105	d4d466bf3c56	parallel	test-bd-lock-retry.sh	ok	7	0
1789623876	d4d466bf3c56	parallel	test-tokens.sh	red	0	0
1789622637	d4d466bf3c56	parallel	test-cockpit-rebuild.sh	ok	26	0
1789621839	d4d466bf3c56	parallel	test-aeon-prod-dirty.sh	ok	8	0
1789622402	d4d466bf3c56	parallel	test-check5-delivers-falls-through.sh	ok	7	0
1789623871	d4d466bf3c56	parallel	test-suites-result-files.sh	red	0	0
1789623801	d4d466bf3c56	parallel	test-slay.sh	ok	47	0
1789623121	d4d466bf3c56	parallel	test-install-migrate.sh	ok	16	0
1789622551	d4d466bf3c56	parallel	test-cockpit-collector-watchdog.sh	ok	5	0
1789623267	d4d466bf3c56	parallel	test-loom-ops.sh	skip	0	0
1789622008	d4d466bf3c56	parallel	test-attribution.sh	ok	27	0
1789622198	d4d466bf3c56	parallel	test-census-events.sh	ok	14	0
1789622141	d4d466bf3c56	parallel	test-beads-push-commit.sh	ok	6	0
1789623746	d4d466bf3c56	parallel	test-skew-escalate.sh	ok	19	0
1789622103	d4d466bf3c56	parallel	test-artifact-install.sh	ok	15	0
1789623646	d4d466bf3c56	parallel	test-runner-deps.sh	ok	13	0
1789622852	d4d466bf3c56	parallel	test-gate-check-red-twice.sh	ok	7	0
1789623814	d4d466bf3c56	parallel	test-sop-lint.sh	ok	28	0
1789623725	d4d466bf3c56	parallel	test-sentinel.sh	ok	3	0
1789622826	d4d466bf3c56	parallel	test-freshclone.sh	ok	7	0
1789622321	d4d466bf3c56	parallel	test-check5-body-search.sh	ok	9	0
1789622829	d4d466bf3c56	parallel	test-gate-base-evidence.sh	ok	9	0
1789623488	d4d466bf3c56	parallel	test-pr-notify.sh	ok	46	0
1789622812	d4d466bf3c56	parallel	test-drain-banner.sh	ok	11	0
1789622668	d4d466bf3c56	parallel	test-cockpit-tmp.sh	ok	11	0
1789623852	d4d466bf3c56	parallel	test-strand-ghost-teardown.sh	ok	3	0
1789622806	d4d466bf3c56	parallel	test-doctor-enable-drift.sh	ok	23	0
1789623544	d4d466bf3c56	parallel	test-release-workflow.sh	ok	9	0
1789623624	d4d466bf3c56	parallel	test-requeue-cap.sh	ok	6	0
1789622280	d4d466bf3c56	parallel	test-chamber-repo-labels.sh	ok	6	0
1789623871	d4d466bf3c56	parallel	test-suites-setup-fault.sh	red	0	0
1789622800	d4d466bf3c56	parallel	test-doctor-dolt.sh	ok	13	0
1789623626	d4d466bf3c56	parallel	test-resolve-output.sh	ok	7	0
1789623181	d4d466bf3c56	parallel	test-layout-guard.sh	ok	5	0
1789622811	d4d466bf3c56	parallel	test-doctor-schema.sh	ok	12	0
1789623311	d4d466bf3c56	parallel	test-loop-readonly.sh	ok	11	0
1789622888	d4d466bf3c56	parallel	test-gh-run-gate.sh	ok	18	0
1789623879	d4d466bf3c56	parallel	test-watchd-prune.sh	red	0	0
1789621767	d4d466bf3c56	parallel	test-activate.sh	ok	22	0
1789621865	d4d466bf3c56	parallel	test-aeon-resume.sh	ok	13	0
1789623881	d4d466bf3c56	parallel	test-world-timer-names.sh	red	0	0
1789623645	d4d466bf3c56	parallel	test-roster-warn.sh	ok	6	0
1789622733	d4d466bf3c56	parallel	test-content-landed-empty-branch.sh	ok	10	0
1789622697	d4d466bf3c56	parallel	test-cockpit-unlanded.sh	ok	23	0
1789623878	d4d466bf3c56	parallel	test-verify-asks.sh	red	0	0
1789623644	d4d466bf3c56	parallel	test-rollback.sh	ok	7	0
1789622123	d4d466bf3c56	parallel	test-bd-update-inflight-guard.sh	ok	21	0
1789622880	d4d466bf3c56	parallel	test-groomer.sh	ok	38	0
1789622669	d4d466bf3c56	parallel	test-cockpit-unit-notify.sh	ok	6	0
1789622279	d4d466bf3c56	parallel	test-census.sh	ok	21	0
1789622872	d4d466bf3c56	parallel	test-gate-workflow.sh	ok	56	0
1789623874	d4d466bf3c56	parallel	test-testenv-scratch.sh	red	0	0
1789622108	d4d466bf3c56	parallel	test-bd-stdin.sh	ok	6	0
1789623104	d4d466bf3c56	parallel	test-install-instance.sh	ok	20	0
1789623475	d4d466bf3c56	parallel	test-ops-closing.sh	ok	44	0
1789623870	d4d466bf3c56	parallel	test-suites-cluster.sh	red	0	0
1789623879	d4d466bf3c56	parallel	test-watchtower-lapse.sh	red	0	0
1789622879	d4d466bf3c56	parallel	test-governor-host-cores.sh	ok	5	0
1789623880	d4d466bf3c56	parallel	test-world-start-revives-watchers.sh	red	0	0
1789623879	d4d466bf3c56	parallel	test-watchd-tail.sh	red	0	0
1789623069	d4d466bf3c56	parallel	test-install-conflicts.sh	ok	21	0
1789623848	d4d466bf3c56	parallel	test-statute-projection.sh	ok	16	0
1789622598	d4d466bf3c56	parallel	test-cockpit-layout-identity.sh	ok	5	0
1789621938	d4d466bf3c56	parallel	test-archivist.sh	ok	51	0
1789622774	d4d466bf3c56	parallel	test-destructive-bead.sh	ok	38	0
1789622596	d4d466bf3c56	parallel	test-cockpit-layout-conf.sh	ok	6	0
1789623559	d4d466bf3c56	parallel	test-released-defects.sh	ok	11	0
1789623266	d4d466bf3c56	parallel	test-livelock.sh	ok	57	0
1789623876	d4d466bf3c56	parallel	test-uninstall.sh	red	0	0
1789622696	d4d466bf3c56	parallel	test-cockpit.sh	ok	22	0
1789622600	d4d466bf3c56	parallel	test-cockpit-layout-mail.sh	ok	12	0
1789623875	d4d466bf3c56	parallel	test-testenv.sh	red	0	0
1789623661	d4d466bf3c56	parallel	test-select.sh	ok	67	0
1789623873	d4d466bf3c56	parallel	test-testenv-doctor-check.sh	red	0	0
1789623726	d4d466bf3c56	parallel	test-sentinel-capacity.sh	ok	6	0
1789622123	d4d466bf3c56	parallel	test-bead-lint.sh	ok	10	0
1789622075	d4d466bf3c56	parallel	test-batch-maxpar.sh	ok	6	0
1789622662	d4d466bf3c56	parallel	test-cockpit-sweep.sh	ok	15	0
1789623436	d4d466bf3c56	parallel	test-parallel-isolation.sh	skip	0	0
1789623358	d4d466bf3c56	parallel	test-mail-health.sh	ok	13	0
1789621763	d4d466bf3c56	parallel	test-requires.sh	skip-req	0	0
1789623877	d4d466bf3c56	parallel	test-verdict.sh	red	0	0
1789623104	d4d466bf3c56	parallel	test-install-landref.sh	ok	14	0
1789623126	d4d466bf3c56	parallel	test-install-rehearsal.sh	skip	0	0
1789622510	d4d466bf3c56	parallel	test-check5-nopayload.sh	ok	24	0
1789623879	d4d466bf3c56	parallel	test-watchd-unit-name.sh	red	0	0
1789623065	d4d466bf3c56	parallel	test-incident.sh	ok	21	0
1789623873	d4d466bf3c56	parallel	test-testenv-batch.sh	red	0	0
1789622793	d4d466bf3c56	parallel	test-doctor-checkout-mode.sh	ok	15	0
1789623359	d4d466bf3c56	parallel	test-mail-kinds.sh	ok	44	0
1789622592	d4d466bf3c56	parallel	test-cockpit-dup-refs.sh	ok	19	0
1789623850	d4d466bf3c56	parallel	test-strand-capacity.sh	ok	5	0
1789622807	d4d466bf3c56	parallel	test-doctor-missing-store.sh	ok	4	0
1789623125	d4d466bf3c56	parallel	test-install-prod-checkout.sh	ok	6	0
1789622142	d4d466bf3c56	parallel	test-capacity-probe.sh	ok	11	0
1789623518	d4d466bf3c56	parallel	test-reclaim-escalated.sh	ok	10	0
1789622638	d4d466bf3c56	parallel	test-cockpit-self.sh	ok	33	0
1789622831	d4d466bf3c56	parallel	test-focus-close-guard.sh	ok	19	0
1789623180	d4d466bf3c56	parallel	test-lanes.sh	ok	27	0
1789622875	d4d466bf3c56	parallel	test-gate-tree.sh	ok	14	0
1789622132	d4d466bf3c56	parallel	test-budget-drift.sh	ok	3	0
1789623872	d4d466bf3c56	parallel	test-superseded.sh	red	0	0
1789623642	d4d466bf3c56	parallel	test-requeue.sh	ok	25	0
1789623362	d4d466bf3c56	parallel	test-mail.sh	ok	41	0
1789623876	d4d466bf3c56	parallel	test-tmux-env.sh	red	0	0
1789623577	d4d466bf3c56	parallel	test-repo-label.sh	ok	15	0
1789623878	d4d466bf3c56	parallel	test-watch-notify.sh	red	0	0
1789622602	d4d466bf3c56	parallel	test-cockpit-layout.sh	ok	7	0
1789623881	d4d466bf3c56	parallel	test-world-timer-service-result.sh	red	0	0
1789623880	d4d466bf3c56	parallel	test-world-start-honours-ctrl.sh	red	0	0
1789622533	d4d466bf3c56	parallel	test-check8-progressed.sh	ok	4	0
1789623498	d4d466bf3c56	parallel	test-queue-protect.sh	ok	12	0
1789622136	d4d466bf3c56	parallel	test-build.sh	ok	14	0
1789623542	d4d466bf3c56	parallel	test-reclaim-slay-branch-guard.sh	ok	23	0
1789623847	d4d466bf3c56	parallel	test-spike.sh	ok	88	0
1789623851	d4d466bf3c56	parallel	test-strand-deferred.sh	ok	7	0
1789623874	d4d466bf3c56	parallel	test-testenv-registry.sh	red	0	0
1789623878	d4d466bf3c56	parallel	test-watch-refresh.sh	red	0	0
1789622736	d4d466bf3c56	parallel	test-covers-entries.sh	ok	2	0
1789623741	d4d466bf3c56	parallel	test-set-state-writers.sh	ok	10	0
1789623797	d4d466bf3c56	parallel	test-soak.sh	ok	7	0
1789623877	d4d466bf3c56	parallel	test-unit-name.sh	red	0	0
1789622330	d4d466bf3c56	parallel	test-check4-events.sh	ok	21	0
1789623874	d4d466bf3c56	parallel	test-testenv-suites.sh	red	0	0
1789623877	d4d466bf3c56	parallel	test-unit-restart-limits.sh	red	0	0
1789623067	d4d466bf3c56	parallel	test-install-conf-seed.sh	ok	11	0
1789623102	d4d466bf3c56	parallel	test-install-idempotent.sh	ok	15	0
1789623880	d4d466bf3c56	parallel	test-work-services-exclusion.sh	red	0	0
1789623287	d4d466bf3c56	parallel	test-loom-page.sh	ok	46	0
1789622853	d4d466bf3c56	parallel	test-gate-discover-branch.sh	ok	5	0
1789621861	d4d466bf3c56	parallel	test-aeon-sweep.sh	ok	13	0
1789623875	d4d466bf3c56	parallel	test-testenv-timeout.sh	red	0	0
1789623872	d4d466bf3c56	parallel	test-suites-timer.sh	red	0	0
1789623873	d4d466bf3c56	parallel	test-testenv-image-tag.sh	red	0	0
1789622357	d4d466bf3c56	parallel	test-check5-content-landed.sh	ok	12	0
1789621768	d4d466bf3c56	parallel	test-aeon-heartbeat.sh	skip	0	0
1789622127	d4d466bf3c56	parallel	test-beads-sparklines.sh	ok	15	0
1789622408	d4d466bf3c56	parallel	test-check5-drop.sh	ok	13	0
1789623873	d4d466bf3c56	parallel	test-testenv-batch-fence.sh	red	0	0
1789622998	d4d466bf3c56	parallel	test-incident-recur-bounded.sh	ok	6	0
1789623881	d4d466bf3c56	parallel	test-yield.sh	red	0	0
1789622755	d4d466bf3c56	parallel	test-ctx-pointer.sh	ok	22	0
1789623713	d4d466bf3c56	parallel	test-sending-squash-merged.sh	ok	9	0
1789623078	d4d466bf3c56	parallel	test-install-exec.sh	ok	12	0
# literal-ok: measurement data; the configured name is part of a suite FILENAME harvested from this tree, not a label read here.
1789623520	d4d466bf3c56	parallel	test-reclaim-needs-ryan.sh	ok	6	0
1789622860	d4d466bf3c56	parallel	test-gate-preflight.sh	ok	10	0
1789622768	d4d466bf3c56	parallel	test-ctrl.sh	ok	45	0
1789623071	d4d466bf3c56	parallel	test-install-dolt.sh	ok	16	0
1789623575	d4d466bf3c56	parallel	test-render-memories.sh	ok	32	0
1789623860	d4d466bf3c56	parallel	test-suite-cleanup.sh	ok	5	0
1789623873	d4d466bf3c56	parallel	test-testdb-failsafe.sh	red	0	0
1789622699	d4d466bf3c56	parallel	test-conf.sh	ok	28	0
1789622721	d4d466bf3c56	parallel	test-containment.sh	ok	22	0
1789622622	d4d466bf3c56	parallel	test-cockpit-remote.sh	ok	14	0
1789622863	d4d466bf3c56	parallel	test-gate-touched.sh	ok	3	0
1789621799	d4d466bf3c56	parallel	test-aeon-exit.sh	ok	10	0
1789623374	d4d466bf3c56	parallel	test-now.sh	ok	88	0
1789622893	d4d466bf3c56	parallel	test-host-unit-names.sh	skip	0	0
1789622140	d4d466bf3c56	parallel	test-cadence-tool.sh	skip	0	0
1789623862	d4d466bf3c56	parallel	test-suite-state.sh	ok	0	0
1789622751	d4d466bf3c56	parallel	test-content-landed-no-reopen.sh	ok	10	0
1789622607	d4d466bf3c56	parallel	test-cockpit-probe-fault.sh	ok	43	0
1789622105	d4d466bf3c56	parallel	test-bd-resolve.sh	ok	8	0
1789623877	d4d466bf3c56	parallel	test-unmapped-repo-park.sh	red	0	0
1789621921	d4d466bf3c56	parallel	test-answers-premise-rejected.sh	ok	20	0
1789622751	d4d466bf3c56	parallel	test-cross-repo.sh	ok	8	0
1789622848	d4d466bf3c56	parallel	test-gate-check-flaky.sh	ok	5	0
1789623503	d4d466bf3c56	parallel	test-ready.sh	ok	59	0
1789623878	d4d466bf3c56	parallel	test-watch-unit-restart.sh	red	0	0
1789622830	d4d466bf3c56	parallel	test-gate-base-selection.sh	ok	5	0
1789621866	d4d466bf3c56	parallel	test-aeon-worktree-guard.sh	ok	7	0
1789623875	d4d466bf3c56	parallel	test-timeout.sh	red	0	0
1789622130	d4d466bf3c56	parallel	test-branch-guard.sh	ok	14	0
1789622635	d4d466bf3c56	parallel	test-cockpit-repo-labels.sh	ok	16	0
1789621944	d4d466bf3c56	parallel	test-aeon-verdict.sh	ok	41	0
1789622814	d4d466bf3c56	parallel	test-drain-expiry.sh	ok	13	0
1789623179	d4d466bf3c56	parallel	test-lane-ceiling.sh	ok	9	0
1789622621	d4d466bf3c56	parallel	test-cockpit-ready-seeded.sh	ok	7	0
1789623434	d4d466bf3c56	parallel	test-pane-fyi.sh	ok	26	0
1789623877	d4d466bf3c56	parallel	test-unit-drift.sh	red	0	0
1789623744	d4d466bf3c56	parallel	test-skew-check-release.sh	ok	15	0
1789623872	d4d466bf3c56	parallel	test-suites.sh	red	0	0
1789622622	d4d466bf3c56	parallel	test-cockpit-ready.sh	ok	11	0
1789623881	d4d466bf3c56	parallel	test-world.sh	red	0	0
1789622824	d4d466bf3c56	parallel	test-event.sh	ok	36	0
1789538687	d52f83adad14	parallel	test-aeon-sweep.sh	ok	13	0
1789559788	d53a4b5106cc	parallel	test-focus-close-guard.sh	ok	19	0
1789557485	d554e45648fb	serial	test-bd-update-inflight-guard.sh	red	11	10
1789556898	d5789ddfa187	parallel	test-gate-check-stuck.sh	ok	4	0
1789660792	d599755179b0	parallel	test-gate-verdict.sh	ok	36	0
1789660794	d599755179b0	parallel	test-host-reason.sh	ok	24	0
1789660812	d599755179b0	parallel	test-attempts.sh	ok	49	0
1789660820	d599755179b0	parallel	test-scratch-fence.sh	ok	15	0
1789660819	d599755179b0	parallel	test-literal-lint.sh	ok	31	0
1789660821	d599755179b0	parallel	test-gate-missing-cmd.sh	ok	7	0
1789660825	d599755179b0	parallel	test-sop-lint.sh	ok	28	0
1789660811	d599755179b0	parallel	test-yield.sh	ok	74	0
1789504781	d5b562956f39	parallel	test-testenv-doctor-check.sh	ok	13	0
1789504782	d5b562956f39	parallel	test-testenv-suites.sh	skip	5	0
1789667775	d64c94af536e	parallel	test-bin-manifest.sh	ok	18	0
1789667771	d64c94af536e	parallel	test-testenv-doctor-check.sh	ok	13	0
1789500463	d6c4714013b6	parallel	test-sending-unlanded-guard.sh	ok	10	0
1789500509	d6c4714013b6	parallel	test-poison.sh	ok	44	0
1789500278	d6c4714013b6	parallel	test-aeon-ledger.sh	ok	47	0
1789500344	d6c4714013b6	parallel	test-incident-cause.sh	ok	2	0
1789500387	d6c4714013b6	parallel	test-promote.sh	ok	16	0
1789500257	d6c4714013b6	parallel	test-attempts.sh	ok	49	0
1789500365	d6c4714013b6	parallel	test-incident-recur-cause.sh	ok	11	0
1789500273	d6c4714013b6	parallel	test-census-watermark.sh	ok	11	0
1789500340	d6c4714013b6	parallel	test-fayth.sh	ok	9	0
1789500331	d6c4714013b6	parallel	test-doctor-cargo.sh	ok	11	0
1789500237	d6c4714013b6	parallel	test-aeon-lease.sh	ok	15	0
1789500375	d6c4714013b6	parallel	test-maechen-blind-window.sh	ok	5	0
1789500493	d6c4714013b6	parallel	test-worktree-absent.sh	ok	6	0
1789500440	d6c4714013b6	parallel	test-review.sh	ok	25	0
1789500386	d6c4714013b6	parallel	test-landed-stays-landed.sh	ok	14	0
1789500254	d6c4714013b6	parallel	test-builder-qa-proposed.sh	ok	4	0
1789500307	d6c4714013b6	parallel	test-cockpit-fuse.sh	ok	18	0
1789500340	d6c4714013b6	parallel	test-fayth-free.sh	ok	10	0
1789500412	d6c4714013b6	parallel	test-repo.sh	ok	4	0
1789500280	d6c4714013b6	parallel	test-check2-reclaim.sh	ok	10	0
1789500308	d6c4714013b6	parallel	test-concierge.sh	ok	10	0
1789500253	d6c4714013b6	parallel	test-bin-manifest.sh	ok	9	0
1789500485	d6c4714013b6	parallel	test-unclaimable-cycle.sh	ok	3	0
1789500339	d6c4714013b6	parallel	test-doctor-unit-dup.sh	ok	10	0
1789500399	d6c4714013b6	parallel	test-release.sh	ok	22	0
1789500447	d6c4714013b6	parallel	test-landing.sh	ok	142	0
1789500327	d6c4714013b6	parallel	test-ci-park.sh	ok	35	0
1789500493	d6c4714013b6	parallel	test-unclaimable-bead.sh	ok	16	0
1789500266	d6c4714013b6	parallel	test-census-blind.sh	ok	14	0
1789500339	d6c4714013b6	parallel	test-elastic-ceiling.sh	ok	13	0
1789500338	d6c4714013b6	parallel	test-doctor-events-probe.sh	ok	11	0
1789500352	d6c4714013b6	parallel	test-hold.sh	ok	21	0
1789500336	d6c4714013b6	parallel	test-deploy.sh	ok	20	0
1789500340	d6c4714013b6	parallel	test-events-nodolt.sh	ok	24	0
1789500327	d6c4714013b6	parallel	test-destroy-branch.sh	ok	12	0
1789500441	d6c4714013b6	parallel	test-scope-label.sh	ok	14	0
1789500470	d6c4714013b6	parallel	test-thrash.sh	ok	18	0
1789500466	d6c4714013b6	parallel	test-statusline.sh	ok	16	0
1789500452	d6c4714013b6	parallel	test-sending-empty-commit.sh	ok	10	0
1789500507	d6c4714013b6	parallel	test-slay.sh	ok	47	0
1789500277	d6c4714013b6	parallel	test-census-events.sh	ok	9	0
1789500468	d6c4714013b6	parallel	test-sentinel.sh	ok	3	0
1789500342	d6c4714013b6	parallel	test-freshclone.sh	ok	7	0
1789500301	d6c4714013b6	parallel	test-check5-body-search.sh	ok	9	0
1789500335	d6c4714013b6	parallel	test-doctor-enable-drift.sh	ok	21	0
1789500427	d6c4714013b6	parallel	test-requeue-cap.sh	ok	2	0
1789500335	d6c4714013b6	parallel	test-doctor-dolt.sh	ok	13	0
1789500339	d6c4714013b6	parallel	test-doctor-schema.sh	ok	12	0
1789500321	d6c4714013b6	parallel	test-content-landed-empty-branch.sh	ok	10	0
1789500329	d6c4714013b6	parallel	test-destructive-bead.sh	ok	38	0
1789500398	d6c4714013b6	parallel	test-livelock.sh	ok	45	0
1789500469	d6c4714013b6	parallel	test-testenv-doctor-check.sh	ok	13	0
1789500465	d6c4714013b6	parallel	test-sentinel-capacity.sh	ok	6	0
1789500349	d6c4714013b6	parallel	test-install-landref.sh	ok	14	0
1789500344	d6c4714013b6	parallel	test-check5-nopayload.sh	ok	24	0
1789500331	d6c4714013b6	parallel	test-doctor-checkout-mode.sh	ok	15	0
1789500398	d6c4714013b6	parallel	test-reclaim-escalated.sh	ok	10	0
1789500352	d6c4714013b6	parallel	test-focus-close-guard.sh	ok	19	0
1789500354	d6c4714013b6	parallel	test-lanes.sh	ok	27	0
1789500485	d6c4714013b6	parallel	test-superseded.sh	ok	18	0
1789500455	d6c4714013b6	parallel	test-requeue.sh	ok	27	0
1789500411	d6c4714013b6	parallel	test-repo-label.sh	ok	15	0
1789500314	d6c4714013b6	parallel	test-check8-progressed.sh	ok	4	0
1789500417	d6c4714013b6	parallel	test-reclaim-slay-branch-guard.sh	ok	23	0
1789500486	d6c4714013b6	parallel	test-unit-name.sh	ok	11	0
1789500303	d6c4714013b6	parallel	test-check4-events.sh	ok	21	0
1789500253	d6c4714013b6	parallel	test-aeon-sweep.sh	ok	13	0
1789500469	d6c4714013b6	parallel	test-testenv-image-tag.sh	ok	5	0
1789500302	d6c4714013b6	parallel	test-check5-content-landed.sh	ok	12	0
1789500237	d6c4714013b6	parallel	test-aeon-heartbeat.sh	skip	0	0
1789500301	d6c4714013b6	parallel	test-check5-drop.sh	ok	13	0
1789500459	d6c4714013b6	parallel	test-sending-squash-merged.sh	ok	9	0
1789500411	d6c4714013b6	parallel	test-render-memories.sh	ok	25	0
1789500309	d6c4714013b6	parallel	test-containment.sh	ok	22	0
1789500261	d6c4714013b6	parallel	test-aeon-exit.sh	ok	10	0
1789500379	d6c4714013b6	parallel	test-now.sh	ok	88	0
1789500496	d6c4714013b6	parallel	test-unmapped-repo-park.sh	ok	4	0
1789500326	d6c4714013b6	parallel	test-cross-repo.sh	ok	8	0
1789500480	d6c4714013b6	parallel	test-timeout.sh	ok	22	0
1789500339	d6c4714013b6	parallel	test-drain-expiry.sh	ok	13	0
1789500353	d6c4714013b6	parallel	test-lane-ceiling.sh	ok	9	0
1789500348	d6c4714013b6	parallel	test-event.sh	ok	36	0
1789569279	d6f33938f768	parallel	test-concierge.sh	ok	13	0
1789591875	d8440ac58dc2	parallel	test-suite-state.sh	ok	0	0
1789501075	d8774c9b8f64	parallel	test-gate-workflow.sh	red	0	1
1789588512	d8d3477c7444	serial	test-auron.sh	red	76	1
1789570214	d8efd62c7771	parallel	test-citations.sh	ok	20	0
1789570164	d8efd62c7771	parallel	test-sending-unlanded-guard.sh	ok	10	0
1789570225	d8efd62c7771	parallel	test-poison.sh	ok	44	0
1789569962	d8efd62c7771	parallel	test-aeon-ledger.sh	ok	47	0
1789570019	d8efd62c7771	parallel	test-incident-cause.sh	ok	2	0
1789570068	d8efd62c7771	parallel	test-promote.sh	ok	19	0
1789569948	d8efd62c7771	parallel	test-attempts.sh	ok	49	0
1789570051	d8efd62c7771	parallel	test-incident-recur-cause.sh	ok	16	0
1789569905	d8efd62c7771	parallel	test-census-watermark.sh	red	7	4
1789570011	d8efd62c7771	parallel	test-fayth.sh	ok	9	0
1789569917	d8efd62c7771	parallel	test-aeon-lease.sh	ok	15	0
1789569919	d8efd62c7771	parallel	test-maechen-blind-window.sh	red	3	2
1789570203	d8efd62c7771	parallel	test-worktree-absent.sh	ok	6	0
1789570149	d8efd62c7771	parallel	test-review.sh	ok	25	0
1789570059	d8efd62c7771	parallel	test-landed-stays-landed.sh	ok	14	0
1789569939	d8efd62c7771	parallel	test-builder-qa-proposed.sh	ok	4	0
1789569987	d8efd62c7771	parallel	test-cockpit-fuse.sh	ok	18	0
1789570010	d8efd62c7771	parallel	test-fayth-free.sh	ok	10	0
1789570110	d8efd62c7771	parallel	test-repo.sh	ok	4	0
1789569954	d8efd62c7771	parallel	test-check2-reclaim.sh	ok	10	0
1789569988	d8efd62c7771	parallel	test-concierge.sh	ok	13	0
1789570017	d8efd62c7771	parallel	test-id-prefix.sh	ok	6	0
1789570193	d8efd62c7771	parallel	test-unclaimable-cycle.sh	ok	3	0
1789570088	d8efd62c7771	parallel	test-release.sh	ok	22	0
1789570134	d8efd62c7771	parallel	test-landing.sh	ok	142	0
1789570004	d8efd62c7771	parallel	test-ci-park.sh	ok	35	0
1789570202	d8efd62c7771	parallel	test-unclaimable-bead.sh	ok	20	0
1789569898	d8efd62c7771	parallel	test-census-blind.sh	ok	14	0
1789570007	d8efd62c7771	parallel	test-elastic-ceiling.sh	ok	13	0
1789570009	d8efd62c7771	parallel	test-doctor-events-probe.sh	ok	11	0
1789570022	d8efd62c7771	parallel	test-hold.sh	ok	21	0
1789569900	d8efd62c7771	parallel	test-events-nodolt.sh	red	21	3
1789570171	d8efd62c7771	parallel	test-strand-truncated.sh	ok	12	0
1789570003	d8efd62c7771	parallel	test-destroy-branch.sh	ok	12	0
1789570139	d8efd62c7771	parallel	test-scope-label.sh	ok	14	0
1789570175	d8efd62c7771	parallel	test-thrash.sh	ok	18	0
1789570152	d8efd62c7771	parallel	test-sending-empty-commit.sh	ok	10	0
1789570212	d8efd62c7771	parallel	test-slay.sh	ok	47	0
1789569914	d8efd62c7771	parallel	test-census-events.sh	red	8	4
1789570174	d8efd62c7771	parallel	test-sentinel.sh	ok	3	0
1789569903	d8efd62c7771	parallel	test-freshclone.sh	ok	7	0
1789569973	d8efd62c7771	parallel	test-check5-body-search.sh	ok	9	0
1789570137	d8efd62c7771	parallel	test-requeue-cap.sh	ok	6	0
1789570067	d8efd62c7771	parallel	test-loop-readonly.sh	ok	11	0
1789570138	d8efd62c7771	parallel	test-roster-warn.sh	ok	6	0
1789570001	d8efd62c7771	parallel	test-content-landed-empty-branch.sh	ok	10	0
1789569925	d8efd62c7771	parallel	test-census.sh	ok	21	0
1789570004	d8efd62c7771	parallel	test-destructive-bead.sh	ok	38	0
1789570084	d8efd62c7771	parallel	test-livelock.sh	ok	53	0
1789570169	d8efd62c7771	parallel	test-sentinel-capacity.sh	ok	6	0
1789570021	d8efd62c7771	parallel	test-install-landref.sh	ok	14	0
1789570016	d8efd62c7771	parallel	test-check5-nopayload.sh	ok	24	0
1789569940	d8efd62c7771	parallel	test-capacity-probe.sh	ok	11	0
1789570086	d8efd62c7771	parallel	test-reclaim-escalated.sh	ok	10	0
1789570022	d8efd62c7771	parallel	test-focus-close-guard.sh	ok	19	0
1789570025	d8efd62c7771	parallel	test-lanes.sh	ok	27	0
1789570192	d8efd62c7771	parallel	test-superseded.sh	ok	18	0
1789570158	d8efd62c7771	parallel	test-requeue.sh	ok	25	0
1789570108	d8efd62c7771	parallel	test-repo-label.sh	ok	15	0
1789569986	d8efd62c7771	parallel	test-check8-progressed.sh	ok	4	0
1789570113	d8efd62c7771	parallel	test-reclaim-slay-branch-guard.sh	ok	23	0
1789570206	d8efd62c7771	parallel	test-covers-entries.sh	ok	2	0
1789569970	d8efd62c7771	parallel	test-check4-events.sh	ok	21	0
1789569941	d8efd62c7771	parallel	test-aeon-sweep.sh	ok	13	0
1789569979	d8efd62c7771	parallel	test-check5-content-landed.sh	ok	12	0
1789569915	d8efd62c7771	parallel	test-aeon-heartbeat.sh	skip	0	0
1789569982	d8efd62c7771	parallel	test-check5-drop.sh	ok	13	0
1789570164	d8efd62c7771	parallel	test-sending-squash-merged.sh	ok	9	0
1789570106	d8efd62c7771	parallel	test-render-memories.sh	ok	25	0
1789569989	d8efd62c7771	parallel	test-containment.sh	ok	22	0
1789569937	d8efd62c7771	parallel	test-aeon-exit.sh	ok	10	0
1789570064	d8efd62c7771	parallel	test-now.sh	ok	88	0
1789570204	d8efd62c7771	parallel	test-unmapped-repo-park.sh	ok	5	0
1789570002	d8efd62c7771	parallel	test-cross-repo.sh	ok	8	0
1789570187	d8efd62c7771	parallel	test-timeout.sh	ok	22	0
1789570006	d8efd62c7771	parallel	test-drain-expiry.sh	ok	13	0
1789570024	d8efd62c7771	parallel	test-lane-ceiling.sh	ok	9	0
1789570018	d8efd62c7771	parallel	test-event.sh	ok	36	0
1789544683	d98a262fc019	parallel	test-concierge.sh	ok	13	0
1789516277	da5595532779	parallel	test-literal-lint.sh	ok	31	0
1789602844	daa2870c201c	parallel	test-cockpit-unlanded.sh	ok	23	0
1789591709	db38bfc00d10	parallel	test-strand-partition.sh	ok	18	0
1789591832	db38bfc00d10	parallel	test-landing.sh	ok	147	0
1789591707	db38bfc00d10	parallel	test-strand-lock.sh	ok	3	0
1789591742	db38bfc00d10	parallel	test-skew-escalate.sh	ok	19	0
1789591715	db38bfc00d10	parallel	test-sentinel.sh	ok	3	0
1789591732	db38bfc00d10	parallel	test-requeue-cap.sh	ok	6	0
1789591708	db38bfc00d10	parallel	test-strand-capacity.sh	ok	5	0
1789591741	db38bfc00d10	parallel	test-watch-notify.sh	ok	118	0
1789591725	db38bfc00d10	parallel	test-timeout.sh	ok	22	0
1789583022	db5e9b8f47c3	parallel	test-maechen.sh	ok	45	0
1789583022	db5e9b8f47c3	parallel	test-mail.sh	ok	40	0
1789583024	db5e9b8f47c3	parallel	test-covers-entries.sh	ok	2	0
1789583266	db713fa0dd41	parallel	test-citations.sh	ok	20	0
1789583176	db713fa0dd41	parallel	test-gate-verdict.sh	ok	36	0
1789583151	db713fa0dd41	parallel	test-doctor-bd-tag.sh	ok	16	0
1789583220	db713fa0dd41	parallel	test-maechen.sh	ok	45	0
1789583135	db713fa0dd41	parallel	test-cadence.sh	skip	0	0
1789583224	db713fa0dd41	parallel	test-promote.sh	ok	19	0
# literal-ok: measurement data; the configured name is part of a suite FILENAME harvested from this tree, not a label read here.
1789583109	db713fa0dd41	parallel	test-aeon-world-stop.sh	ok	19	0
1789583158	db713fa0dd41	parallel	test-doctor-goal.sh	ok	8	0
1789583222	db713fa0dd41	parallel	test-priority-bands.sh	ok	6	0
1789583146	db713fa0dd41	parallel	test-configure.sh	ok	18	0
1789583167	db713fa0dd41	parallel	test-fayth-predicates.sh	ok	22	0
1789583254	db713fa0dd41	parallel	test-review.sh	ok	25	0
1789583219	db713fa0dd41	parallel	test-maechen-trigger.sh	ok	48	0
1789583177	db713fa0dd41	parallel	test-groom-trigger.sh	ok	18	0
1789583142	db713fa0dd41	parallel	test-cockpit-runtime-path.sh	ok	8	0
1789583130	db713fa0dd41	parallel	test-bin-manifest.sh	ok	9	0
1789583166	db713fa0dd41	parallel	test-doctor-unit-dup.sh	ok	10	0
1789583192	db713fa0dd41	parallel	test-install-self-test.sh	ok	9	0
1789583253	db713fa0dd41	parallel	test-scope-label.sh	ok	14	0
1789583140	db713fa0dd41	parallel	test-cockpit-mouse.sh	ok	7	0
1789583170	db713fa0dd41	parallel	test-gate-missing-cmd.sh	ok	7	0
1789583110	db713fa0dd41	parallel	test-bd-lock-retry.sh	ok	11	0
1789583128	db713fa0dd41	parallel	test-beads-push-commit.sh	ok	6	0
1789583252	db713fa0dd41	parallel	test-artifact-install.sh	ok	15	0
1789583168	db713fa0dd41	parallel	test-freshclone.sh	ok	7	0
1789583162	db713fa0dd41	parallel	test-doctor-schema.sh	ok	12	0
1789583208	db713fa0dd41	parallel	test-loop-readonly.sh	ok	11	0
1789583086	db713fa0dd41	parallel	test-activate.sh	ok	22	0
1789583178	db713fa0dd41	parallel	test-groomer.sh	ok	38	0
1789583093	db713fa0dd41	parallel	test-archivist.sh	ok	51	0
1789583110	db713fa0dd41	parallel	test-batch-maxpar.sh	ok	6	0
1789583256	db713fa0dd41	parallel	test-watchd-unit-name.sh	ok	17	0
1789583155	db713fa0dd41	parallel	test-doctor-checkout-mode.sh	ok	15	0
1789583193	db713fa0dd41	parallel	test-lanes.sh	ok	27	0
1789583133	db713fa0dd41	parallel	test-budget-drift.sh	ok	3	0
1789583221	db713fa0dd41	parallel	test-mail.sh	ok	40	0
1789583255	db713fa0dd41	parallel	test-testenv-registry.sh	ok	14	0
1789583258	db713fa0dd41	parallel	test-covers-entries.sh	ok	2	0
1789583255	db713fa0dd41	parallel	test-unit-name.sh	ok	11	0
1789583256	db713fa0dd41	parallel	test-work-services-exclusion.sh	ok	7	0
1789583254	db713fa0dd41	parallel	test-testenv-image-tag.sh	ok	6	0
1789583189	db713fa0dd41	parallel	test-install-exec.sh	ok	12	0
1789583241	db713fa0dd41	parallel	test-render-memories.sh	ok	32	0
1789583144	db713fa0dd41	parallel	test-conf.sh	ok	28	0
1789583147	db713fa0dd41	parallel	test-containment.sh	ok	22	0
1789583182	db713fa0dd41	parallel	test-host-unit-names.sh	skip	0	0
1789583111	db713fa0dd41	parallel	test-bd-resolve.sh	ok	8	0
1789583228	db713fa0dd41	parallel	test-ready.sh	ok	59	0
1789533490	db885fe365a6	parallel	test-citations.sh	ok	20	0
1789533484	db885fe365a6	parallel	test-freshclone.sh	ok	7	0
1789533483	db885fe365a6	parallel	test-covers-entries.sh	ok	2	0
1789567430	dbc0d0329570	parallel	test-citations.sh	ok	20	0
1789567428	dbc0d0329570	parallel	test-incident-cause.sh	ok	2	0
1789567367	dbc0d0329570	parallel	test-cockpit-landed.sh	ok	6	0
1789567346	dbc0d0329570	parallel	test-aeon-lease.sh	ok	15	0
1789567472	dbc0d0329570	parallel	test-moot-sweep.sh	ok	36	0
1789567386	dbc0d0329570	parallel	test-cockpit-sphere.sh	ok	12	0
1789567352	dbc0d0329570	parallel	test-cockpit-fuse.sh	ok	18	0
1789567502	dbc0d0329570	parallel	test-sin-exempt.sh	ok	11	0
1789567389	dbc0d0329570	parallel	test-cockpit-unclaimable.sh	ok	13	0
1789567480	dbc0d0329570	parallel	test-watchtower.sh	ok	161	0
1789567371	dbc0d0329570	parallel	test-ci-park.sh	ok	35	0
1789567394	dbc0d0329570	parallel	test-cockpit-tiered-collector.sh	ok	32	0
1789567384	dbc0d0329570	parallel	test-cockpit-sop.sh	ok	19	0
1789567409	dbc0d0329570	parallel	test-thrash.sh	ok	18	0
1789567359	dbc0d0329570	parallel	test-cockpit-gate.sh	ok	20	0
1789567407	dbc0d0329570	parallel	test-cockpit-unsent.sh	ok	10	0
1789567396	dbc0d0329570	parallel	test-freshclone.sh	ok	7	0
1789567386	dbc0d0329570	parallel	test-cockpit-tmp.sh	ok	11	0
1789567412	dbc0d0329570	parallel	test-cockpit-unlanded.sh	ok	23	0
1789567551	dbc0d0329570	parallel	test-watchtower-lapse.sh	ok	29	0
1789567417	dbc0d0329570	parallel	test-statute-projection.sh	ok	16	0
1789567462	dbc0d0329570	parallel	test-livelock.sh	ok	53	0
1789567395	dbc0d0329570	parallel	test-cockpit.sh	ok	22	0
1789567389	dbc0d0329570	parallel	test-cockpit-sweep.sh	ok	15	0
1789567524	dbc0d0329570	parallel	test-incident.sh	ok	24	0
1789567373	dbc0d0329570	parallel	test-cockpit-dup-refs.sh	ok	19	0
1789567427	dbc0d0329570	parallel	test-covers-entries.sh	ok	2	0
1789567414	dbc0d0329570	parallel	test-unit-name.sh	ok	11	0
1789567346	dbc0d0329570	parallel	test-beads-sparklines.sh	ok	15	0
1789567498	dbc0d0329570	parallel	test-yield.sh	ok	74	0
1789567402	dbc0d0329570	parallel	test-now.sh	ok	88	0
1789567365	dbc0d0329570	parallel	test-cockpit-probe-fault.sh	ok	40	0
1789567425	dbc0d0329570	parallel	test-timeout.sh	ok	22	0
1789567384	dbc0d0329570	parallel	test-cockpit-repo-labels.sh	ok	16	0
1789567378	dbc0d0329570	parallel	test-cockpit-ready-seeded.sh	ok	7	0
1789567370	dbc0d0329570	parallel	test-cockpit-ready.sh	ok	11	0
1789548427	dc1bb48d7e19	parallel	test-citations.sh	ok	20	0
1789548381	dc1bb48d7e19	parallel	test-gate-verdict.sh	ok	36	0
1789548387	dc1bb48d7e19	parallel	test-maechen.sh	ok	45	0
1789548360	dc1bb48d7e19	parallel	test-cadence.sh	skip	0	0
1789548389	dc1bb48d7e19	parallel	test-promote.sh	ok	19	0
# literal-ok: measurement data; the configured name is part of a suite FILENAME harvested from this tree, not a label read here.
1789548369	dc1bb48d7e19	parallel	test-aeon-world-stop.sh	ok	19	0
1789548408	dc1bb48d7e19	parallel	test-doctor-cargo.sh	ok	11	0
1789548372	dc1bb48d7e19	parallel	test-doctor-goal.sh	ok	8	0
1789548387	dc1bb48d7e19	parallel	test-priority-bands.sh	ok	6	0
1789548364	dc1bb48d7e19	parallel	test-configure.sh	ok	18	0
1789548374	dc1bb48d7e19	parallel	test-fayth-predicates.sh	ok	23	0
1789548406	dc1bb48d7e19	parallel	test-review.sh	ok	25	0
1789548386	dc1bb48d7e19	parallel	test-maechen-trigger.sh	ok	45	0
1789548377	dc1bb48d7e19	parallel	test-groom-trigger.sh	ok	18	0
1789548415	dc1bb48d7e19	parallel	test-repo.sh	ok	4	0
1789548416	dc1bb48d7e19	parallel	test-doctor-snap-fresh.sh	ok	9	0
1789548362	dc1bb48d7e19	parallel	test-cockpit-runtime-path.sh	ok	8	0
1789548358	dc1bb48d7e19	parallel	test-bin-manifest.sh	ok	9	0
1789548374	dc1bb48d7e19	parallel	test-doctor-unit-dup.sh	ok	10	0
1789548382	dc1bb48d7e19	parallel	test-install-self-test.sh	ok	9	0
1789548415	dc1bb48d7e19	parallel	test-census-blind.sh	ok	14	0
1789548414	dc1bb48d7e19	parallel	test-doctor-events-probe.sh	ok	11	0
1789548352	dc1bb48d7e19	parallel	test-cockpit-tiered-collector.sh	ok	32	0
1789548399	dc1bb48d7e19	parallel	test-scope-label.sh	ok	14	0
1789548417	dc1bb48d7e19	parallel	test-statusline.sh	ok	16	0
1789548361	dc1bb48d7e19	parallel	test-cockpit-mouse.sh	ok	7	0
1789548376	dc1bb48d7e19	parallel	test-gate-missing-cmd.sh	ok	7	0
1789548354	dc1bb48d7e19	parallel	test-bd-lock-retry.sh	ok	11	0
1789548368	dc1bb48d7e19	parallel	test-beads-push-commit.sh	ok	6	0
1789548496	dc1bb48d7e19	parallel	test-artifact-install.sh	ok	15	0
1789548345	dc1bb48d7e19	parallel	test-freshclone.sh	ok	7	0
1789548413	dc1bb48d7e19	parallel	test-doctor-enable-drift.sh	ok	23	0
1789548409	dc1bb48d7e19	parallel	test-doctor-dolt.sh	ok	13	0
1789548374	dc1bb48d7e19	parallel	test-doctor-schema.sh	ok	12	0
1789548397	dc1bb48d7e19	parallel	test-loop-readonly.sh	ok	11	0
1789548345	dc1bb48d7e19	parallel	test-activate.sh	ok	22	0
1789548378	dc1bb48d7e19	parallel	test-groomer.sh	ok	38	0
1789548357	dc1bb48d7e19	parallel	test-archivist.sh	ok	51	0
1789548417	dc1bb48d7e19	parallel	test-testenv-doctor-check.sh	ok	13	0
1789548353	dc1bb48d7e19	parallel	test-batch-maxpar.sh	ok	6	0
1789548403	dc1bb48d7e19	parallel	test-watchd-unit-name.sh	ok	17	0
1789548369	dc1bb48d7e19	parallel	test-doctor-checkout-mode.sh	ok	15	0
1789548383	dc1bb48d7e19	parallel	test-lanes.sh	ok	27	0
1789548359	dc1bb48d7e19	parallel	test-budget-drift.sh	ok	3	0
1789548433	dc1bb48d7e19	parallel	test-watch-notify.sh	ok	118	0
1789548401	dc1bb48d7e19	parallel	test-testenv-registry.sh	ok	14	0
1789548419	dc1bb48d7e19	parallel	test-covers-entries.sh	ok	2	0
1789548402	dc1bb48d7e19	parallel	test-unit-name.sh	ok	11	0
1789548404	dc1bb48d7e19	parallel	test-work-services-exclusion.sh	ok	7	0
1789548400	dc1bb48d7e19	parallel	test-testenv-image-tag.sh	ok	6	0
1789548385	dc1bb48d7e19	parallel	test-install-exec.sh	ok	12	0
1789548401	dc1bb48d7e19	parallel	test-render-memories.sh	ok	25	0
1789548363	dc1bb48d7e19	parallel	test-conf.sh	ok	28	0
1789548365	dc1bb48d7e19	parallel	test-containment.sh	ok	22	0
1789548378	dc1bb48d7e19	parallel	test-host-unit-names.sh	skip	0	0
1789548355	dc1bb48d7e19	parallel	test-bd-resolve.sh	ok	8	0
1789548392	dc1bb48d7e19	parallel	test-ready.sh	ok	59	0
1789595282	dc2064e690dc	parallel	test-suites-hygiene.sh	ok	11	0
1789664549	dc38570781b4	parallel	test-forge-check-status.sh	ok	7	0
1789571240	dc4c91aa8f22	parallel	test-census-watermark.sh	red	11	1
1789459255	dcca2730aebd	parallel	test-citations.sh	ok	20	0
1789459239	dcca2730aebd	parallel	test-gate-verdict.sh	ok	36	0
1789459239	dcca2730aebd	parallel	test-maechen.sh	ok	43	0
1789459285	dcca2730aebd	parallel	test-install-unit-directive.sh	ok	11	0
1789459223	dcca2730aebd	parallel	test-cadence.sh	skip	0	0
1789459240	dcca2730aebd	parallel	test-promote.sh	ok	16	0
1789459279	dcca2730aebd	parallel	test-install-aeons.sh	ok	25	0
# literal-ok: measurement data; the configured name is part of a suite FILENAME harvested from this tree, not a label read here.
1789459241	dcca2730aebd	parallel	test-aeon-world-stop.sh	ok	19	0
1789459263	dcca2730aebd	parallel	test-install-halt.sh	ok	6	0
1789459225	dcca2730aebd	parallel	test-configure.sh	ok	18	0
1789459230	dcca2730aebd	parallel	test-fayth-predicates.sh	ok	23	0
1789459290	dcca2730aebd	parallel	test-session-hook.sh	ok	93	0
1789459255	dcca2730aebd	parallel	test-review.sh	ok	25	0
1789459238	dcca2730aebd	parallel	test-maechen-trigger.sh	ok	45	0
1789459234	dcca2730aebd	parallel	test-groom-trigger.sh	ok	18	0
1789459217	dcca2730aebd	parallel	test-cockpit-runtime-path.sh	ok	8	0
1789459232	dcca2730aebd	parallel	test-doctor-unit-dup.sh	ok	10	0
1789459243	dcca2730aebd	parallel	test-scope-label.sh	ok	14	0
1789459292	dcca2730aebd	parallel	test-install-paths.sh	ok	12	0
1789459233	dcca2730aebd	parallel	test-gate-missing-cmd.sh	ok	7	0
1789459219	dcca2730aebd	parallel	test-bd-lock-retry.sh	ok	11	0
1789459282	dcca2730aebd	parallel	test-install-migrate.sh	ok	16	0
1789459232	dcca2730aebd	parallel	test-beads-push-commit.sh	ok	6	0
1789459232	dcca2730aebd	parallel	test-freshclone.sh	ok	7	0
1789459222	dcca2730aebd	parallel	test-resolve-output.sh	ok	7	0
1789459229	dcca2730aebd	parallel	test-doctor-schema.sh	ok	12	0
1789459234	dcca2730aebd	parallel	test-groomer.sh	ok	38	0
1789459279	dcca2730aebd	parallel	test-install-instance.sh	ok	20	0
1789459228	dcca2730aebd	parallel	test-archivist.sh	ok	51	0
1789459293	dcca2730aebd	parallel	test-uninstall.sh	ok	23	0
1789459218	dcca2730aebd	parallel	test-batch-maxpar.sh	ok	6	0
1789459271	dcca2730aebd	parallel	test-install-landref.sh	ok	14	0
1789459279	dcca2730aebd	parallel	test-install-rehearsal.sh	skip	0	0
1789459244	dcca2730aebd	parallel	test-watchd-unit-name.sh	ok	17	0
1789459236	dcca2730aebd	parallel	test-lanes.sh	ok	27	0
1789459223	dcca2730aebd	parallel	test-budget-drift.sh	ok	3	0
1789459302	dcca2730aebd	parallel	test-watch-notify.sh	ok	84	0
1789459244	dcca2730aebd	parallel	test-unit-name.sh	ok	11	0
1789459270	dcca2730aebd	parallel	test-install-conf-seed.sh	ok	11	0
1789459278	dcca2730aebd	parallel	test-install-idempotent.sh	ok	15	0
1789459245	dcca2730aebd	parallel	test-work-services-exclusion.sh	ok	7	0
1789459283	dcca2730aebd	parallel	test-suites-timer.sh	ok	13	0
1789459244	dcca2730aebd	parallel	test-testenv-image-tag.sh	ok	5	0
1789459241	dcca2730aebd	parallel	test-install-exec.sh	ok	12	0
1789459260	dcca2730aebd	parallel	test-ctrl.sh	ok	45	0
1789459253	dcca2730aebd	parallel	test-render-memories.sh	ok	25	0
1789459224	dcca2730aebd	parallel	test-conf.sh	ok	24	0
1789459226	dcca2730aebd	parallel	test-containment.sh	ok	22	0
1789459234	dcca2730aebd	parallel	test-host-unit-names.sh	skip	0	0
1789459220	dcca2730aebd	parallel	test-bd-resolve.sh	ok	8	0
1789459243	dcca2730aebd	parallel	test-ready.sh	ok	52	0
1789459294	dcca2730aebd	parallel	test-unit-drift.sh	ok	16	0
1789532263	dd025fa80230	parallel	test-artifact-install.sh	ok	15	0
1789510713	dd5c3ab21147	parallel	test-check5-landed-no-delivers.sh	ok	9	0
1789510717	dd5c3ab21147	parallel	test-check5-delivers-falls-through.sh	ok	7	0
1789510694	dd5c3ab21147	parallel	test-gate-workflow.sh	ok	34	0
1789510742	dd5c3ab21147	parallel	test-check5-nopayload.sh	ok	24	0
1789524860	dd912ef83f9b	parallel	test-suites-containment.sh	skip	0	0
1789524860	dd912ef83f9b	parallel	test-parallel-isolation.sh	skip	0	0
1789524860	dd912ef83f9b	parallel	test-testenv-batch.sh	skip	11	0
1789659064	dda05d52012a	parallel	test-batch.sh	red	16	1
1789547601	de522242cf92	parallel	test-answers-premise-rejected.sh	ok	17	0
1789604300	de5fe806c1e7	parallel	test-queue-protect.sh	ok	12	0
1789561399	dee372e2bd87	parallel	test-citations.sh	ok	20	0
1789561246	dee372e2bd87	parallel	test-check5-delivers-check.sh	ok	15	0
1789561461	dee372e2bd87	parallel	test-poison.sh	ok	44	0
1789561394	dee372e2bd87	parallel	test-attempts.sh	ok	49	0
1789561287	dee372e2bd87	parallel	test-fayth.sh	ok	9	0
1789561284	dee372e2bd87	parallel	test-check5-sweep-delivers.sh	ok	15	0
1789561393	dee372e2bd87	parallel	test-ask-dedupe.sh	ok	17	0
1789561285	dee372e2bd87	parallel	test-doctor-goal.sh	ok	8	0
1789561369	dee372e2bd87	parallel	test-strand-partition.sh	ok	18	0
1789561345	dee372e2bd87	parallel	test-landed-stays-landed.sh	ok	14	0
1789561270	dee372e2bd87	parallel	test-check5-landed-assert.sh	ok	11	0
1789561266	dee372e2bd87	parallel	test-check5-landed-no-delivers.sh	ok	9	0
1789561373	dee372e2bd87	parallel	test-sentinel-escalation-dedup.sh	ok	23	0
1789561225	dee372e2bd87	parallel	test-check2-reclaim.sh	ok	10	0
1789561363	dee372e2bd87	parallel	test-unclaimable-bead.sh	ok	20	0
1789561386	dee372e2bd87	parallel	test-hold.sh	ok	21	0
1789561348	dee372e2bd87	parallel	test-strand-truncated.sh	ok	12	0
1789561387	dee372e2bd87	parallel	test-strand-lock.sh	ok	3	0
1789561356	dee372e2bd87	parallel	test-wire-token.sh	ok	6	0
1789561263	dee372e2bd87	parallel	test-check5-delivers-falls-through.sh	ok	7	0
1789561355	dee372e2bd87	parallel	test-sentinel.sh	ok	3	0
1789561290	dee372e2bd87	parallel	test-freshclone.sh	ok	7	0
1789561238	dee372e2bd87	parallel	test-check5-body-search.sh	ok	9	0
1789561367	dee372e2bd87	parallel	test-strand-ghost-teardown.sh	ok	3	0
1789561347	dee372e2bd87	parallel	test-requeue-cap.sh	ok	6	0
1789561325	dee372e2bd87	parallel	test-loop-readonly.sh	ok	11	0
1789561310	dee372e2bd87	parallel	test-gh-run-gate.sh	ok	18	0
1789561337	dee372e2bd87	parallel	test-sentinel-capacity.sh	ok	6	0
1789561321	dee372e2bd87	parallel	test-check5-nopayload.sh	ok	24	0
1789561365	dee372e2bd87	parallel	test-strand-capacity.sh	ok	5	0
1789561368	dee372e2bd87	parallel	test-reclaim-escalated.sh	ok	10	0
1789561305	dee372e2bd87	parallel	test-lanes.sh	ok	27	0
1789561281	dee372e2bd87	parallel	test-check8-progressed.sh	ok	4	0
1789561366	dee372e2bd87	parallel	test-strand-deferred.sh	ok	7	0
1789561394	dee372e2bd87	parallel	test-covers-entries.sh	ok	2	0
1789561389	dee372e2bd87	parallel	test-unit-name.sh	ok	11	0
1789561243	dee372e2bd87	parallel	test-check4-events.sh	ok	21	0
1789561239	dee372e2bd87	parallel	test-check5-content-landed.sh	ok	12	0
1789561262	dee372e2bd87	parallel	test-check5-drop.sh	ok	13	0
# literal-ok: measurement data; the configured name is part of a suite FILENAME harvested from this tree, not a label read here.
1789561364	dee372e2bd87	parallel	test-reclaim-needs-ryan.sh	ok	6	0
1789561303	dee372e2bd87	parallel	test-content-landed-no-reopen.sh	ok	10	0
1789561295	dee372e2bd87	parallel	test-event.sh	ok	36	0
1789517053	deed54abceed	parallel	test-sop.sh	ok	113	0
1789517001	deed54abceed	parallel	test-bd-remember-guard.sh	ok	20	0
1789517012	deed54abceed	parallel	test-cockpit-sop.sh	ok	19	0
1789517020	deed54abceed	parallel	test-sop-lint.sh	ok	28	0
1789517003	deed54abceed	parallel	test-freshclone.sh	ok	7	0
1789517095	deed54abceed	parallel	test-ops-closing.sh	ok	44	0
1789517012	deed54abceed	parallel	test-cockpit-sweep.sh	ok	15	0
1789599069	df393015d744	parallel	test-ask-help.sh	ok	28	0
1789599417	df393015d744	parallel	test-poison.sh	ok	44	0
1789599166	df393015d744	parallel	test-incident-recur-cause.sh	ok	16	0
1789599373	df393015d744	parallel	test-strand-partition.sh	ok	18	0
1789599340	df393015d744	parallel	test-sin-exempt.sh	ok	11	0
1789599271	df393015d744	parallel	test-pilgrimage.sh	ok	29	0
1789599273	df393015d744	parallel	test-landing.sh	ok	147	0
1789599371	df393015d744	parallel	test-strand-lock.sh	ok	3	0
1789599132	df393015d744	parallel	test-incident-dedup.sh	ok	8	0
1789599404	df393015d744	parallel	test-suites-red-dedup.sh	ok	6	0
1789599341	df393015d744	parallel	test-skew-escalate.sh	ok	20	0
1789599307	df393015d744	parallel	test-sentinel.sh	ok	3	0
1789599297	df393015d744	parallel	test-requeue-cap.sh	ok	6	0
1789599443	df393015d744	parallel	test-verify-asks.sh	ok	22	0
1789599244	df393015d744	parallel	test-incident.sh	ok	24	0
1789599065	df393015d744	parallel	test-ask-law.sh	ok	28	0
1789599369	df393015d744	parallel	test-strand-capacity.sh	ok	5	0
1789599423	df393015d744	parallel	test-superseded.sh	ok	18	0
1789599450	df393015d744	parallel	test-watch-notify.sh	red	114	4
1789599368	df393015d744	parallel	test-spike.sh	ok	88	0
1789599095	df393015d744	parallel	test-check4-events.sh	ok	21	0
1789599168	df393015d744	parallel	test-incident-recur-bounded.sh	ok	6	0
1789599434	df393015d744	parallel	test-unmapped-repo-park.sh	ok	5	0
1789599427	df393015d744	parallel	test-timeout.sh	ok	22	0
1789599079	df393015d744	parallel	test-event.sh	ok	36	0
1789660476	e043646e9603	parallel	test-batch.sh	red	10	1
1789594929	e0ac178704c8	parallel	test-session-hook.sh	ok	94	0
1789576365	e0bcff9e895a	parallel	test-mail.sh	ok	40	0
1789560961	e0be652710fe	parallel	test-strand-partition.sh	ok	18	0
1789560962	e0be652710fe	parallel	test-strand-lock.sh	ok	3	0
1789560961	e0be652710fe	parallel	test-strand-ghost-teardown.sh	ok	3	0
1789560960	e0be652710fe	parallel	test-strand-capacity.sh	ok	5	0
1789560960	e0be652710fe	parallel	test-strand-deferred.sh	ok	7	0
1789597358	e0c34d333c8f	parallel	test-ask-help.sh	ok	28	0
1789597795	e0c34d333c8f	parallel	test-poison.sh	ok	44	0
1789597484	e0c34d333c8f	parallel	test-incident-recur-cause.sh	ok	16	0
1789597739	e0c34d333c8f	parallel	test-strand-partition.sh	ok	18	0
1789597704	e0c34d333c8f	parallel	test-sin-exempt.sh	ok	11	0
1789597604	e0c34d333c8f	parallel	test-pilgrimage.sh	ok	29	0
1789597605	e0c34d333c8f	parallel	test-landing.sh	ok	147	0
1789597738	e0c34d333c8f	parallel	test-strand-lock.sh	ok	3	0
1789597443	e0c34d333c8f	parallel	test-incident-dedup.sh	ok	8	0
1789597776	e0c34d333c8f	parallel	test-suites-red-dedup.sh	ok	6	0
1789597706	e0c34d333c8f	parallel	test-skew-escalate.sh	ok	20	0
1789597655	e0c34d333c8f	parallel	test-sentinel.sh	ok	3	0
1789597639	e0c34d333c8f	parallel	test-requeue-cap.sh	ok	6	0
1789597834	e0c34d333c8f	parallel	test-verify-asks.sh	ok	22	0
1789597575	e0c34d333c8f	parallel	test-incident.sh	ok	24	0
1789597355	e0c34d333c8f	parallel	test-ask-law.sh	ok	28	0
1789597736	e0c34d333c8f	parallel	test-strand-capacity.sh	ok	5	0
1789597806	e0c34d333c8f	parallel	test-superseded.sh	ok	18	0
1789597840	e0c34d333c8f	parallel	test-watch-notify.sh	red	114	4
1789597735	e0c34d333c8f	parallel	test-spike.sh	ok	88	0
1789597395	e0c34d333c8f	parallel	test-check4-events.sh	ok	21	0
1789597487	e0c34d333c8f	parallel	test-incident-recur-bounded.sh	ok	6	0
1789597823	e0c34d333c8f	parallel	test-unmapped-repo-park.sh	ok	5	0
1789597811	e0c34d333c8f	parallel	test-timeout.sh	ok	22	0
1789597369	e0c34d333c8f	parallel	test-event.sh	ok	36	0
1789585621	e112f2359e5e	parallel	test-session-hook.sh	ok	104	0
1789695413	e13c274db901	parallel	test-attribution.sh	ok	27	0
1789695402	e13c274db901	parallel	test-testdb-concurrent.sh	red	4	1
1789530794	e163a056a9d8	parallel	test-configure.sh	ok	18	0
1789530795	e163a056a9d8	parallel	test-install-prod-checkout.sh	ok	6	0
1789530799	e163a056a9d8	parallel	test-install-exec.sh	ok	12	0
1789530793	e163a056a9d8	parallel	test-conf.sh	ok	24	0
1789621798	e2917f6d8340	parallel	test-sending-certified-guard.sh	red	8	1
1789621794	e2917f6d8340	parallel	test-batch-certified-orphan.sh	red	5	1
1789621264	e37cf8e99f71	parallel	test-poison.sh	red	28	16
1789621216	e37cf8e99f71	parallel	test-incident-recur-cause.sh	ok	16	0
1789621256	e37cf8e99f71	parallel	test-requeue-cap.sh	ok	6	0
1789603694	e405dbdd5840	parallel	test-cockpit-layout-conf.sh	ok	6	0
1789603698	e405dbdd5840	parallel	test-cockpit-probe-fault.sh	ok	43	0
1789546658	e4c058b2ac85	parallel	test-citations.sh	ok	20	0
1789546601	e4c058b2ac85	parallel	test-gate-verdict.sh	ok	36	0
1789546608	e4c058b2ac85	parallel	test-maechen.sh	ok	45	0
1789546578	e4c058b2ac85	parallel	test-cadence.sh	skip	0	0
1789546612	e4c058b2ac85	parallel	test-promote.sh	ok	19	0
# literal-ok: measurement data; the configured name is part of a suite FILENAME harvested from this tree, not a label read here.
1789546591	e4c058b2ac85	parallel	test-aeon-world-stop.sh	ok	19	0
1789546638	e4c058b2ac85	parallel	test-doctor-cargo.sh	ok	11	0
1789546592	e4c058b2ac85	parallel	test-doctor-goal.sh	ok	8	0
1789546610	e4c058b2ac85	parallel	test-priority-bands.sh	ok	6	0
1789546583	e4c058b2ac85	parallel	test-configure.sh	ok	18	0
1789546593	e4c058b2ac85	parallel	test-fayth-predicates.sh	ok	23	0
1789546635	e4c058b2ac85	parallel	test-review.sh	ok	25	0
1789546609	e4c058b2ac85	parallel	test-maechen-trigger.sh	ok	45	0
1789546602	e4c058b2ac85	parallel	test-groom-trigger.sh	ok	18	0
1789546646	e4c058b2ac85	parallel	test-repo.sh	ok	4	0
1789546647	e4c058b2ac85	parallel	test-doctor-snap-fresh.sh	ok	9	0
1789546580	e4c058b2ac85	parallel	test-cockpit-runtime-path.sh	ok	8	0
1789546576	e4c058b2ac85	parallel	test-bin-manifest.sh	ok	9	0
1789546595	e4c058b2ac85	parallel	test-doctor-unit-dup.sh	ok	10	0
1789546605	e4c058b2ac85	parallel	test-install-self-test.sh	ok	9	0
1789546645	e4c058b2ac85	parallel	test-census-blind.sh	ok	14	0
1789546644	e4c058b2ac85	parallel	test-doctor-events-probe.sh	ok	11	0
1789546571	e4c058b2ac85	parallel	test-cockpit-tiered-collector.sh	ok	32	0
1789546626	e4c058b2ac85	parallel	test-scope-label.sh	ok	14	0
1789546646	e4c058b2ac85	parallel	test-statusline.sh	ok	16	0
1789546579	e4c058b2ac85	parallel	test-cockpit-mouse.sh	ok	7	0
1789546595	e4c058b2ac85	parallel	test-gate-missing-cmd.sh	ok	7	0
1789546574	e4c058b2ac85	parallel	test-bd-lock-retry.sh	ok	11	0
1789546589	e4c058b2ac85	parallel	test-beads-push-commit.sh	ok	6	0
1789546721	e4c058b2ac85	parallel	test-artifact-install.sh	red	14	1
1789546564	e4c058b2ac85	parallel	test-freshclone.sh	ok	7	0
1789546643	e4c058b2ac85	parallel	test-doctor-enable-drift.sh	ok	23	0
1789546639	e4c058b2ac85	parallel	test-doctor-dolt.sh	ok	13	0
1789546594	e4c058b2ac85	parallel	test-doctor-schema.sh	ok	12	0
1789546624	e4c058b2ac85	parallel	test-loop-readonly.sh	ok	11	0
1789546565	e4c058b2ac85	parallel	test-activate.sh	ok	22	0
1789546598	e4c058b2ac85	parallel	test-groomer.sh	ok	38	0
1789546573	e4c058b2ac85	parallel	test-archivist.sh	ok	51	0
1789546647	e4c058b2ac85	parallel	test-testenv-doctor-check.sh	ok	13	0
1789546572	e4c058b2ac85	parallel	test-batch-maxpar.sh	ok	6	0
1789546631	e4c058b2ac85	parallel	test-watchd-unit-name.sh	ok	17	0
1789546588	e4c058b2ac85	parallel	test-doctor-checkout-mode.sh	ok	15	0
1789546604	e4c058b2ac85	parallel	test-lanes.sh	ok	27	0
1789546577	e4c058b2ac85	parallel	test-budget-drift.sh	ok	3	0
1789546664	e4c058b2ac85	parallel	test-watch-notify.sh	ok	118	0
1789546629	e4c058b2ac85	parallel	test-testenv-registry.sh	ok	14	0
1789546650	e4c058b2ac85	parallel	test-covers-entries.sh	ok	2	0
1789546631	e4c058b2ac85	parallel	test-unit-name.sh	ok	11	0
1789546632	e4c058b2ac85	parallel	test-work-services-exclusion.sh	ok	7	0
1789546628	e4c058b2ac85	parallel	test-testenv-image-tag.sh	ok	6	0
1789546607	e4c058b2ac85	parallel	test-install-exec.sh	ok	12	0
1789546629	e4c058b2ac85	parallel	test-render-memories.sh	ok	25	0
1789546582	e4c058b2ac85	parallel	test-conf.sh	ok	28	0
1789546584	e4c058b2ac85	parallel	test-containment.sh	ok	22	0
1789546599	e4c058b2ac85	parallel	test-host-unit-names.sh	skip	0	0
1789546575	e4c058b2ac85	parallel	test-bd-resolve.sh	ok	8	0
1789546616	e4c058b2ac85	parallel	test-ready.sh	ok	59	0
1789615956	e56a30499e7d	parallel	test-concierge.sh	red	38	2
1789591426	e587847831b8	serial	test-migrate-ask.sh	ok	14	0
1789667284	e58ee363fde0	parallel	test-verdict.sh	ok	44	0
1789667274	e58ee363fde0	parallel	test-forge-check-status.sh	ok	9	0
1789541002	e6c93acf9422	parallel	test-citations.sh	ok	20	0
1789540893	e6c93acf9422	parallel	test-check5-delivers-check.sh	ok	15	0
1789541092	e6c93acf9422	parallel	test-poison.sh	ok	44	0
1789540932	e6c93acf9422	parallel	test-fayth.sh	ok	9	0
1789540846	e6c93acf9422	parallel	test-doctor-cargo.sh	ok	11	0
1789540931	e6c93acf9422	parallel	test-check5-sweep-delivers.sh	ok	15	0
1789540851	e6c93acf9422	parallel	test-doctor-goal.sh	ok	8	0
1789540980	e6c93acf9422	parallel	test-landed-stays-landed.sh	ok	14	0
1789540915	e6c93acf9422	parallel	test-check5-landed-assert.sh	ok	11	0
1789540912	e6c93acf9422	parallel	test-check5-landed-no-delivers.sh	ok	9	0
1789540855	e6c93acf9422	parallel	test-repo.sh	ok	4	0
1789541009	e6c93acf9422	parallel	test-sentinel-escalation-dedup.sh	ok	23	0
1789540873	e6c93acf9422	parallel	test-check2-reclaim.sh	ok	10	0
1789540841	e6c93acf9422	parallel	test-bin-manifest.sh	ok	9	0
1789540856	e6c93acf9422	parallel	test-doctor-unit-dup.sh	ok	10	0
1789540997	e6c93acf9422	parallel	test-unclaimable-bead.sh	ok	16	0
1789540853	e6c93acf9422	parallel	test-census-blind.sh	ok	14	0
1789540851	e6c93acf9422	parallel	test-doctor-events-probe.sh	ok	11	0
1789540857	e6c93acf9422	parallel	test-statusline.sh	ok	16	0
1789540991	e6c93acf9422	parallel	test-wire-token.sh	ok	6	0
1789540909	e6c93acf9422	parallel	test-check5-delivers-falls-through.sh	ok	7	0
1789540990	e6c93acf9422	parallel	test-sentinel.sh	ok	3	0
1789540855	e6c93acf9422	parallel	test-freshclone.sh	ok	7	0
1789540886	e6c93acf9422	parallel	test-check5-body-search.sh	ok	9	0
1789540852	e6c93acf9422	parallel	test-doctor-enable-drift.sh	ok	23	0
1789540982	e6c93acf9422	parallel	test-requeue-cap.sh	ok	6	0
1789540847	e6c93acf9422	parallel	test-doctor-dolt.sh	ok	13	0
1789540861	e6c93acf9422	parallel	test-doctor-schema.sh	ok	12	0
1789540962	e6c93acf9422	parallel	test-loop-readonly.sh	ok	11	0
1789540945	e6c93acf9422	parallel	test-gh-run-gate.sh	ok	18	0
1789540857	e6c93acf9422	parallel	test-testenv-doctor-check.sh	ok	13	0
1789540973	e6c93acf9422	parallel	test-sentinel-capacity.sh	ok	6	0
1789540957	e6c93acf9422	parallel	test-check5-nopayload.sh	ok	24	0
1789540845	e6c93acf9422	parallel	test-doctor-checkout-mode.sh	ok	15	0
1789540945	e6c93acf9422	parallel	test-lanes.sh	ok	27	0
1789540928	e6c93acf9422	parallel	test-check8-progressed.sh	ok	4	0
1789540998	e6c93acf9422	parallel	test-covers-entries.sh	ok	2	0
1789540860	e6c93acf9422	parallel	test-unit-name.sh	ok	11	0
1789540890	e6c93acf9422	parallel	test-check4-events.sh	ok	21	0
1789540859	e6c93acf9422	parallel	test-testenv-image-tag.sh	ok	6	0
1789540887	e6c93acf9422	parallel	test-check5-content-landed.sh	ok	12	0
1789540908	e6c93acf9422	parallel	test-check5-drop.sh	ok	13	0
1789540944	e6c93acf9422	parallel	test-content-landed-no-reopen.sh	ok	10	0
1789540938	e6c93acf9422	parallel	test-event.sh	ok	36	0
1789582255	e6dc323d227d	parallel	test-gate-base-selection.sh	ok	5	0
1789606876	e780498493bc	parallel	test-testenv-mode.sh	skip	3	0
1789570601	e783f0bf38b7	parallel	test-census.sh	ok	21	0
1789617907	e7c4f61329e4	serial	test-watchd-halt-health.sh	red	6	1
1789617907	e7c4f61329e4	serial	test-watchd-tail.sh	red	7	8
1789522716	e80e8d2ccaf5	parallel	test-install-paths.sh	ok	12	0
1789522720	e80e8d2ccaf5	parallel	test-install-idempotent.sh	ok	15	0
1789522708	e80e8d2ccaf5	parallel	test-install-exec.sh	ok	12	0
1789510498	e89904e203cf	parallel	test-citations.sh	ok	20	0
1789510470	e89904e203cf	parallel	test-gate-verdict.sh	ok	36	0
1789510473	e89904e203cf	parallel	test-maechen.sh	ok	43	0
1789510438	e89904e203cf	parallel	test-cadence.sh	skip	0	0
1789510499	e89904e203cf	parallel	test-timer-templates.sh	ok	126	0
1789510475	e89904e203cf	parallel	test-promote.sh	ok	16	0
# literal-ok: measurement data; the configured name is part of a suite FILENAME harvested from this tree, not a label read here.
1789510455	e89904e203cf	parallel	test-aeon-world-stop.sh	ok	19	0
1789510504	e89904e203cf	parallel	test-owned.sh	red	16	2
1789510442	e89904e203cf	parallel	test-configure.sh	ok	18	0
1789510457	e89904e203cf	parallel	test-fayth-predicates.sh	ok	23	0
1789510492	e89904e203cf	parallel	test-review.sh	ok	25	0
1789510474	e89904e203cf	parallel	test-maechen-trigger.sh	ok	45	0
1789510464	e89904e203cf	parallel	test-groom-trigger.sh	ok	18	0
1789510439	e89904e203cf	parallel	test-cockpit-runtime-path.sh	ok	8	0
1789510436	e89904e203cf	parallel	test-bin-manifest.sh	ok	9	0
1789510462	e89904e203cf	parallel	test-doctor-unit-dup.sh	ok	10	0
1789510471	e89904e203cf	parallel	test-install-self-test.sh	ok	9	0
1789510480	e89904e203cf	parallel	test-scope-label.sh	ok	14	0
1789510463	e89904e203cf	parallel	test-gate-missing-cmd.sh	ok	7	0
1789510430	e89904e203cf	parallel	test-bd-lock-retry.sh	ok	11	0
1789510455	e89904e203cf	parallel	test-beads-push-commit.sh	ok	6	0
1789510589	e89904e203cf	parallel	test-artifact-install.sh	ok	15	0
1789510462	e89904e203cf	parallel	test-freshclone.sh	ok	7	0
1789510503	e89904e203cf	parallel	test-pr-notify.sh	ok	46	0
1789510493	e89904e203cf	parallel	test-doctor-enable-drift.sh	ok	21	0
1789510459	e89904e203cf	parallel	test-doctor-schema.sh	ok	12	0
1789510427	e89904e203cf	parallel	test-activate.sh	ok	22	0
1789510465	e89904e203cf	parallel	test-groomer.sh	ok	38	0
1789510435	e89904e203cf	parallel	test-archivist.sh	ok	51	0
1789510429	e89904e203cf	parallel	test-batch-maxpar.sh	ok	6	0
1789510485	e89904e203cf	parallel	test-watchd-unit-name.sh	ok	17	0
1789510453	e89904e203cf	parallel	test-doctor-checkout-mode.sh	ok	15	0
1789510472	e89904e203cf	parallel	test-lanes.sh	ok	27	0
1789510437	e89904e203cf	parallel	test-budget-drift.sh	ok	3	0
1789510512	e89904e203cf	parallel	test-watch-notify.sh	ok	84	0
1789510482	e89904e203cf	parallel	test-testenv-registry.sh	ok	14	0
1789510484	e89904e203cf	parallel	test-unit-name.sh	ok	11	0
1789510486	e89904e203cf	parallel	test-work-services-exclusion.sh	ok	7	0
1789510481	e89904e203cf	parallel	test-testenv-image-tag.sh	ok	6	0
1789510474	e89904e203cf	parallel	test-install-exec.sh	ok	12	0
1789510488	e89904e203cf	parallel	test-render-memories.sh	ok	25	0
1789510440	e89904e203cf	parallel	test-conf.sh	ok	24	0
1789510443	e89904e203cf	parallel	test-containment.sh	ok	22	0
1789510465	e89904e203cf	parallel	test-host-unit-names.sh	skip	0	0
1789510431	e89904e203cf	parallel	test-bd-resolve.sh	ok	8	0
1789510478	e89904e203cf	parallel	test-ready.sh	ok	52	0
1789592575	e8c6ad6b34e9	parallel	test-mail-sendmail.sh	red	8	8
1789585599	e92ac6dbfcd1	parallel	test-mail-health.sh	ok	13	0
1789604047	e9acb34a8ba3	parallel	test-queue-protect.sh	ok	12	0
1789514015	ea1052add3a7	parallel	test-cockpit-unsent.sh	ok	8	0
1789660594	ea5195c7a90e	serial	test-batch.sh	red	10	1
1789591350	ea862743ea02	serial	test-poison.sh	ok	44	0
1789591382	ea862743ea02	serial	test-incident-recur-cause.sh	ok	16	0
1789591383	ea862743ea02	serial	test-migrate-ask.sh	red	13	1
1789603403	eae188be13cf	parallel	test-census-events.sh	skip	0	0
1789563428	eb1a5be29e91	parallel	test-watchd-halt-health.sh	ok	7	0
1789602886	eb29c93329ea	parallel	test-batch.sh	ok	10	0
1789602884	eb29c93329ea	parallel	test-attribution.sh	ok	27	0
1789621092	eb657fc824ab	serial	test-poison.sh	ok	44	0
1789620967	eb657fc824ab	serial	test-incident-recur-cause.sh	ok	16	0
1789621120	eb657fc824ab	serial	test-requeue-cap.sh	ok	6	0
1789671284	ebe4a26fc25e	serial	test-cockpit-landed.sh	ok	6	0
1789671264	ebe4a26fc25e	serial	test-suites-confirm-red.sh	ok	18	0
1789671270	ebe4a26fc25e	serial	test-cockpit-probe-fault.sh	ok	43	0
1789587163	ec8a78b31b94	parallel	test-gate-check-red-twice.sh	ok	7	0
1789569242	ecccfe1f6950	parallel	test-priority-bands.sh	ok	6	0
1789569257	ecccfe1f6950	parallel	test-watch-notify.sh	ok	126	0
1789606766	ece95eacc0be	parallel	test-sending-content-label.sh	ok	4	0
1789514573	ee045e9c11dc	parallel	test-cockpit-mouse.sh	ok	7	0
1789597749	eec0e6ee0eb5	parallel	test-batch.sh	ok	10	0
1789672007	ef6b541114c6	parallel	test-cockpit-landed.sh	ok	6	0
1789671992	ef6b541114c6	parallel	test-bin-manifest.sh	ok	9	0
1789672034	ef6b541114c6	parallel	test-deploy.sh	ok	31	0
1789672032	ef6b541114c6	parallel	test-cockpit-queue.sh	ok	21	0
1789672094	ef6b541114c6	parallel	test-slay.sh	ok	47	0
1789672021	ef6b541114c6	parallel	test-aeon-resume.sh	ok	13	0
1789672048	ef6b541114c6	parallel	test-cockpit-unlanded.sh	ok	23	0
1789672014	ef6b541114c6	parallel	test-cockpit-probe-fault.sh	ok	43	0
1789672036	ef6b541114c6	parallel	test-lane-ceiling.sh	ok	9	0
1789672038	ef6b541114c6	parallel	test-skew-check-release.sh	ok	15	0
1789602220	ef884f50582e	parallel	test-install-dolt.sh	ok	16	0
1789511120	efb67f071288	parallel	test-landing.sh	ok	142	0
1789605653	efbba72a9260	parallel	test-unit-restart-limits.sh	ok	6	0
1789598424	f038c66b67ae	parallel	test-watch-notify.sh	ok	118	0
1789528797	f062900849b1	parallel	test-citations.sh	ok	20	0
1789528790	f062900849b1	parallel	test-freshclone.sh	ok	7	0
1789528789	f062900849b1	parallel	test-covers-entries.sh	ok	2	0
1789620958	f06ac413a5ee	parallel	test-queue-flush.sh	ok	12	0
1789598995	f0a67b058ddd	parallel	test-dependents.sh	ok	10	0
1789689022	f10b701a0966	parallel	test-attribution.sh	ok	27	0
1789689011	f10b701a0966	parallel	test-testdb-concurrent.sh	red	4	1
1789664140	f1baee4d9d5e	parallel	test-batch.sh	ok	36	0
1789620808	f230a556cca3	parallel	test-bd-schema-stamp.sh	ok	10	0
1789620820	f230a556cca3	parallel	test-census-blind.sh	ok	14	0
1789620826	f230a556cca3	parallel	test-doctor-events-probe.sh	ok	11	0
1789620828	f230a556cca3	parallel	test-events-nodolt.sh	ok	24	0
1789620829	f230a556cca3	parallel	test-watchd-halt-health.sh	ok	7	0
1789620808	f230a556cca3	parallel	test-bd-lock-retry.sh	ok	11	0
1789620834	f230a556cca3	parallel	test-census-events.sh	ok	17	0
1789620847	f230a556cca3	parallel	test-watchd-tail.sh	ok	15	0
1789539991	f25fda95af1e	parallel	test-unclaimable-bead.sh	ok	20	0
1789561894	f34c0d13c980	parallel	test-strand-truncated.sh	ok	12	0
1789599256	f3e11b046e62	parallel	test-verdict.sh	ok	30	0
1789532076	f4315a9527ec	parallel	test-activate.sh	ok	22	0
1789532075	f4315a9527ec	parallel	test-rollback.sh	ok	7	0
1789532078	f4315a9527ec	parallel	test-install-prod-checkout.sh	ok	6	0
1789616881	f44170323ccf	parallel	test-concierge.sh	red	38	2
1789570371	f4556856711b	parallel	test-cockpit-tiered-collector.sh	ok	32	0
1789546185	f4c4ac862f63	serial	test-ready.sh	red	58	2
1789616850	f5326be23346	parallel	test-attempts.sh	red	47	2
1789671207	f5c9052992e3	serial	test-cockpit-landed.sh	ok	6	0
1789671213	f5c9052992e3	serial	test-cockpit-probe-fault.sh	ok	43	0
1789671009	f60905a7973a	parallel	test-cockpit-landed.sh	ok	5	0
1789671023	f60905a7973a	parallel	test-cockpit-queue.sh	ok	18	0
1789671018	f60905a7973a	parallel	test-cockpit-queue-section.sh	ok	21	0
1789671038	f60905a7973a	parallel	test-cockpit-unlanded.sh	ok	11	0
1789671002	f60905a7973a	parallel	test-cockpit-probe-fault.sh	ok	43	0
1789583969	f6092685aed8	parallel	test-cockpit-tiered-collector.sh	ok	32	0
1789583969	f6092685aed8	parallel	test-unit-drift.sh	ok	16	0
1789600032	f6b895c50b74	parallel	test-dependents.sh	ok	10	0
1789589867	f6e136c9ccb8	parallel	test-poison.sh	red	30	14
1789589796	f6e136c9ccb8	parallel	test-incident-recur-cause.sh	red	15	1
1789589832	f6e136c9ccb8	parallel	test-sin-exempt.sh	ok	11	0
1789589739	f6e136c9ccb8	parallel	test-migrate-ask.sh	red	1	13
1789589861	f6e136c9ccb8	parallel	test-check4-events.sh	ok	21	0
1789589749	f6e136c9ccb8	parallel	test-event.sh	red	33	3
1789673477	f6f76284891a	parallel	test-attribution.sh	ok	27	0
1789594967	f7dae6e9b9cb	parallel	test-cockpit-rebuild.sh	ok	21	0
1789594954	f7dae6e9b9cb	parallel	test-cockpit-layout-identity.sh	ok	5	0
1789594952	f7dae6e9b9cb	parallel	test-cockpit-layout-conf.sh	ok	3	0
1789594955	f7dae6e9b9cb	parallel	test-cockpit-layout.sh	ok	7	0
1789521756	f885e10224d7	parallel	test-rollback.sh	ok	7	0
1789602907	f9bb24c7a625	parallel	test-suite-state.sh	ok	0	0
1789581637	faa4225c7810	parallel	test-gate-retry.sh	ok	10	0
1789596857	faf099c4d811	parallel	test-ask-help.sh	red	18	10
1789597220	faf099c4d811	parallel	test-poison.sh	ok	44	0
1789596965	faf099c4d811	parallel	test-incident-recur-cause.sh	ok	16	0
1789597189	faf099c4d811	parallel	test-strand-partition.sh	ok	18	0
1789597150	faf099c4d811	parallel	test-sin-exempt.sh	ok	11	0
1789597057	faf099c4d811	parallel	test-pilgrimage.sh	red	15	8
1789597080	faf099c4d811	parallel	test-landing.sh	ok	147	0
1789597188	faf099c4d811	parallel	test-strand-lock.sh	ok	3	0
1789597036	faf099c4d811	parallel	test-migrate-ask.sh	red	13	1
1789596933	faf099c4d811	parallel	test-incident-dedup.sh	ok	8	0
1789597230	faf099c4d811	parallel	test-suites-red-dedup.sh	ok	6	0
1789597152	faf099c4d811	parallel	test-skew-escalate.sh	ok	19	0
1789597118	faf099c4d811	parallel	test-sentinel.sh	ok	3	0
1789597109	faf099c4d811	parallel	test-requeue-cap.sh	ok	6	0
1789597263	faf099c4d811	parallel	test-verify-asks.sh	ok	22	0
1789597034	faf099c4d811	parallel	test-incident.sh	ok	21	0
1789596851	faf099c4d811	parallel	test-ask-law.sh	red	1	11
1789597186	faf099c4d811	parallel	test-strand-capacity.sh	ok	5	0
1789597247	faf099c4d811	parallel	test-superseded.sh	ok	18	0
1789597272	faf099c4d811	parallel	test-watch-notify.sh	red	114	4
1789597184	faf099c4d811	parallel	test-spike.sh	ok	88	0
1789596891	faf099c4d811	parallel	test-check4-events.sh	ok	21	0
1789596970	faf099c4d811	parallel	test-incident-recur-bounded.sh	ok	6	0
1789597256	faf099c4d811	parallel	test-unmapped-repo-park.sh	ok	5	0
1789597245	faf099c4d811	parallel	test-timeout.sh	ok	22	0
1789596868	faf099c4d811	parallel	test-event.sh	ok	36	0
1789583724	faf26ade5a8f	parallel	test-gate-check-stuck.sh	ok	4	0
1789623322	fb00a025068a	parallel	test-bd-schema-stamp.sh	ok	10	0
1789623320	fb00a025068a	parallel	test-doctor-events-probe.sh	ok	5	0
1789623314	fb00a025068a	parallel	test-bd-lock-retry.sh	ok	7	0
1789623368	fb00a025068a	parallel	test-census-events.sh	ok	14	0
1789469202	fbb073ecb511	parallel	test-citations.sh	ok	20	0
1789468944	fbb073ecb511	parallel	test-check5-delivers-check.sh	ok	15	0
1789469177	fbb073ecb511	parallel	test-sending-unlanded-guard.sh	ok	10	0
1789469230	fbb073ecb511	parallel	test-poison.sh	ok	44	0
1789468908	fbb073ecb511	parallel	test-aeon-ledger.sh	ok	47	0
1789469052	fbb073ecb511	parallel	test-incident-cause.sh	ok	2	0
1789469104	fbb073ecb511	parallel	test-promote.sh	ok	16	0
1789468924	fbb073ecb511	parallel	test-attempts.sh	ok	49	0
# literal-ok: measurement data; the configured name is part of a suite FILENAME harvested from this tree, not a label read here.
1789468924	fbb073ecb511	parallel	test-aeon-world-stop.sh	ok	19	0
1789469075	fbb073ecb511	parallel	test-incident-recur-cause.sh	ok	11	0
1789469005	fbb073ecb511	parallel	test-census-watermark.sh	ok	11	0
1789469051	fbb073ecb511	parallel	test-fayth.sh	ok	9	0
1789468869	fbb073ecb511	parallel	test-aeon-lease.sh	ok	15	0
1789469087	fbb073ecb511	parallel	test-maechen-blind-window.sh	ok	5	0
1789469191	fbb073ecb511	parallel	test-worktree-absent.sh	ok	6	0
1789469153	fbb073ecb511	parallel	test-review.sh	ok	25	0
1789469103	fbb073ecb511	parallel	test-landed-stays-landed.sh	ok	14	0
1789469224	fbb073ecb511	parallel	test-suites-fixture-fault.sh	ok	19	0
1789469192	fbb073ecb511	parallel	test-orphan-test.sh	ok	17	0
1789468980	fbb073ecb511	parallel	test-builder-qa-proposed.sh	ok	4	0
1789469036	fbb073ecb511	parallel	test-cockpit-fuse.sh	ok	18	0
1789469050	fbb073ecb511	parallel	test-fayth-free.sh	ok	10	0
1789469138	fbb073ecb511	parallel	test-repo.sh	ok	4	0
1789469009	fbb073ecb511	parallel	test-check2-reclaim.sh	ok	10	0
1789469038	fbb073ecb511	parallel	test-concierge.sh	ok	10	0
1789469191	fbb073ecb511	parallel	test-unclaimable-cycle.sh	ok	3	0
1789469124	fbb073ecb511	parallel	test-release.sh	ok	22	0
1789469165	fbb073ecb511	parallel	test-landing.sh	ok	142	0
1789468951	fbb073ecb511	parallel	test-ci-park.sh	ok	35	0
1789469190	fbb073ecb511	parallel	test-unclaimable-bead.sh	ok	16	0
1789468992	fbb073ecb511	parallel	test-census-blind.sh	red	14	2
1789469050	fbb073ecb511	parallel	test-elastic-ceiling.sh	ok	13	0
1789469049	fbb073ecb511	parallel	test-doctor-events-probe.sh	ok	6	0
1789468868	fbb073ecb511	parallel	test-aeon-dirty-commit.sh	skip	0	0
1789469063	fbb073ecb511	parallel	test-hold.sh	ok	21	0
1789469050	fbb073ecb511	parallel	test-events-nodolt.sh	ok	24	0
1789469045	fbb073ecb511	parallel	test-destroy-branch.sh	ok	12	0
1789469154	fbb073ecb511	parallel	test-scope-label.sh	ok	14	0
1789468969	fbb073ecb511	parallel	test-thrash.sh	ok	18	0
1789469165	fbb073ecb511	parallel	test-sending-empty-commit.sh	ok	10	0
1789468898	fbb073ecb511	parallel	test-aeon-prod-dirty.sh	ok	8	0
1789469223	fbb073ecb511	parallel	test-slay.sh	ok	47	0
1789469007	fbb073ecb511	parallel	test-census-events.sh	ok	9	0
1789469177	fbb073ecb511	parallel	test-sentinel.sh	ok	3	0
1789468952	fbb073ecb511	parallel	test-freshclone.sh	ok	7	0
1789469030	fbb073ecb511	parallel	test-check5-body-search.sh	ok	9	0
1789469153	fbb073ecb511	parallel	test-requeue-cap.sh	ok	2	0
1789468964	fbb073ecb511	parallel	test-gh-run-gate.sh	ok	18	0
1789468898	fbb073ecb511	parallel	test-aeon-resume.sh	ok	13	0
1789469052	fbb073ecb511	parallel	test-content-landed-empty-branch.sh	ok	10	0
1789469246	fbb073ecb511	parallel	test-testenv-scratch.sh	ok	15	0
1789469048	fbb073ecb511	parallel	test-ops-closing.sh	ok	44	0
1789469047	fbb073ecb511	parallel	test-destructive-bead.sh	ok	38	0
1789469123	fbb073ecb511	parallel	test-livelock.sh	ok	45	0
1789469176	fbb073ecb511	parallel	test-sentinel-capacity.sh	ok	6	0
1789469064	fbb073ecb511	parallel	test-install-landref.sh	ok	14	0
1789469074	fbb073ecb511	parallel	test-check5-nopayload.sh	ok	24	0
1789469116	fbb073ecb511	parallel	test-reclaim-escalated.sh	ok	10	0
1789469063	fbb073ecb511	parallel	test-focus-close-guard.sh	ok	19	0
1789469076	fbb073ecb511	parallel	test-lanes.sh	ok	27	0
1789469197	fbb073ecb511	parallel	test-superseded.sh	ok	18	0
1789468995	fbb073ecb511	parallel	test-requeue.sh	ok	27	0
1789469138	fbb073ecb511	parallel	test-repo-label.sh	ok	15	0
1789469044	fbb073ecb511	parallel	test-check8-progressed.sh	ok	4	0
1789469136	fbb073ecb511	parallel	test-reclaim-slay-branch-guard.sh	ok	23	0
1789468977	fbb073ecb511	parallel	test-set-state-writers.sh	ok	10	0
1789468938	fbb073ecb511	parallel	test-check4-events.sh	ok	21	0
1789468906	fbb073ecb511	parallel	test-aeon-sweep.sh	ok	13	0
1789469032	fbb073ecb511	parallel	test-check5-content-landed.sh	ok	12	0
1789468868	fbb073ecb511	parallel	test-aeon-heartbeat.sh	skip	0	0
1789469029	fbb073ecb511	parallel	test-check5-drop.sh	ok	13	0
1789469168	fbb073ecb511	parallel	test-sending-squash-merged.sh	ok	9	0
1789469136	fbb073ecb511	parallel	test-render-memories.sh	ok	25	0
1789469217	fbb073ecb511	parallel	test-testdb-failsafe.sh	ok	48	0
1789469039	fbb073ecb511	parallel	test-containment.sh	ok	22	0
1789468891	fbb073ecb511	parallel	test-aeon-exit.sh	ok	10	0
1789469092	fbb073ecb511	parallel	test-now.sh	ok	88	0
1789468987	fbb073ecb511	parallel	test-unmapped-repo-park.sh	ok	4	0
1789468951	fbb073ecb511	parallel	test-cross-repo.sh	ok	8	0
1789468899	fbb073ecb511	parallel	test-aeon-worktree-guard.sh	ok	7	0
1789468980	fbb073ecb511	parallel	test-timeout.sh	ok	22	0
1789468968	fbb073ecb511	parallel	test-aeon-verdict.sh	ok	41	0
1789469049	fbb073ecb511	parallel	test-drain-expiry.sh	ok	13	0
1789469075	fbb073ecb511	parallel	test-lane-ceiling.sh	ok	9	0
1789468953	fbb073ecb511	parallel	test-event.sh	ok	36	0
1789604514	fcd243748fe9	parallel	test-governor-host-cores.sh	ok	5	0
1789515838	fd1156fdb44d	parallel	test-select.sh	ok	46	0
1789515852	fd1156fdb44d	parallel	test-superseded.sh	ok	18	0
1789515892	fd1156fdb44d	parallel	test-suites.sh	ok	75	0
1789560334	fd44737757e8	parallel	test-citations.sh	ok	20	0
1789560284	fd44737757e8	parallel	test-sending-unlanded-guard.sh	ok	10	0
1789560360	fd44737757e8	parallel	test-poison.sh	ok	44	0
1789560053	fd44737757e8	parallel	test-aeon-ledger.sh	ok	47	0
1789560127	fd44737757e8	parallel	test-incident-cause.sh	ok	2	0
1789560194	fd44737757e8	parallel	test-promote.sh	ok	19	0
1789560040	fd44737757e8	parallel	test-attempts.sh	ok	49	0
1789560164	fd44737757e8	parallel	test-incident-recur-cause.sh	ok	16	0
1789560059	fd44737757e8	parallel	test-census-watermark.sh	ok	11	0
1789560126	fd44737757e8	parallel	test-fayth.sh	ok	9	0
1789560016	fd44737757e8	parallel	test-aeon-lease.sh	ok	15	0
1789560192	fd44737757e8	parallel	test-maechen-blind-window.sh	ok	5	0
1789560323	fd44737757e8	parallel	test-worktree-absent.sh	ok	6	0
1789560262	fd44737757e8	parallel	test-review.sh	ok	25	0
1789560181	fd44737757e8	parallel	test-landed-stays-landed.sh	ok	14	0
1789560040	fd44737757e8	parallel	test-builder-qa-proposed.sh	ok	4	0
1789560100	fd44737757e8	parallel	test-cockpit-fuse.sh	ok	18	0
1789560125	fd44737757e8	parallel	test-fayth-free.sh	ok	10	0
1789560222	fd44737757e8	parallel	test-repo.sh	ok	4	0
1789560070	fd44737757e8	parallel	test-check2-reclaim.sh	ok	10	0
1789560102	fd44737757e8	parallel	test-concierge.sh	ok	13	0
1789560014	fd44737757e8	parallel	test-id-prefix.sh	ok	6	0
1789560313	fd44737757e8	parallel	test-unclaimable-cycle.sh	ok	3	0
1789560207	fd44737757e8	parallel	test-release.sh	ok	22	0
1789560243	fd44737757e8	parallel	test-landing.sh	ok	142	0
1789560119	fd44737757e8	parallel	test-ci-park.sh	ok	35	0
1789560322	fd44737757e8	parallel	test-unclaimable-bead.sh	ok	20	0
1789560053	fd44737757e8	parallel	test-census-blind.sh	ok	14	0
1789560121	fd44737757e8	parallel	test-elastic-ceiling.sh	ok	13	0
1789560123	fd44737757e8	parallel	test-doctor-events-probe.sh	ok	11	0
1789560137	fd44737757e8	parallel	test-hold.sh	ok	21	0
1789560123	fd44737757e8	parallel	test-events-nodolt.sh	ok	24	0
1789560117	fd44737757e8	parallel	test-destroy-branch.sh	ok	12	0
1789560252	fd44737757e8	parallel	test-scope-label.sh	ok	14	0
1789560293	fd44737757e8	parallel	test-thrash.sh	ok	18	0
1789560269	fd44737757e8	parallel	test-sending-empty-commit.sh	ok	10	0
1789560337	fd44737757e8	parallel	test-slay.sh	ok	47	0
1789560061	fd44737757e8	parallel	test-census-events.sh	ok	12	0
1789560291	fd44737757e8	parallel	test-sentinel.sh	ok	3	0
1789560013	fd44737757e8	parallel	test-freshclone.sh	ok	7	0
1789560093	fd44737757e8	parallel	test-check5-body-search.sh	ok	9	0
1789560250	fd44737757e8	parallel	test-requeue-cap.sh	ok	6	0
1789560185	fd44737757e8	parallel	test-loop-readonly.sh	ok	11	0
1789560115	fd44737757e8	parallel	test-content-landed-empty-branch.sh	ok	10	0
1789560119	fd44737757e8	parallel	test-destructive-bead.sh	ok	38	0
1789560203	fd44737757e8	parallel	test-livelock.sh	ok	53	0
1789560289	fd44737757e8	parallel	test-sentinel-capacity.sh	ok	6	0
1789560133	fd44737757e8	parallel	test-install-landref.sh	ok	14	0
1789560135	fd44737757e8	parallel	test-check5-nopayload.sh	ok	24	0
1789560042	fd44737757e8	parallel	test-capacity-probe.sh	ok	11	0
1789560206	fd44737757e8	parallel	test-reclaim-escalated.sh	ok	10	0
1789560023	fd44737757e8	parallel	test-focus-close-guard.sh	ok	19	0
1789560139	fd44737757e8	parallel	test-lanes.sh	ok	27	0
1789560312	fd44737757e8	parallel	test-superseded.sh	ok	18	0
1789560276	fd44737757e8	parallel	test-requeue.sh	ok	25	0
1789560221	fd44737757e8	parallel	test-repo-label.sh	ok	15	0
1789560106	fd44737757e8	parallel	test-check8-progressed.sh	ok	4	0
1789560222	fd44737757e8	parallel	test-reclaim-slay-branch-guard.sh	ok	23	0
1789560328	fd44737757e8	parallel	test-covers-entries.sh	ok	2	0
1789560091	fd44737757e8	parallel	test-check4-events.sh	ok	21	0
1789560034	fd44737757e8	parallel	test-aeon-sweep.sh	ok	13	0
1789560094	fd44737757e8	parallel	test-check5-content-landed.sh	ok	12	0
1789560015	fd44737757e8	parallel	test-aeon-heartbeat.sh	skip	0	0
1789560096	fd44737757e8	parallel	test-check5-drop.sh	ok	13	0
1789560280	fd44737757e8	parallel	test-sending-squash-merged.sh	ok	9	0
1789560219	fd44737757e8	parallel	test-render-memories.sh	ok	25	0
1789560103	fd44737757e8	parallel	test-containment.sh	ok	22	0
1789560040	fd44737757e8	parallel	test-aeon-exit.sh	ok	10	0
1789560190	fd44737757e8	parallel	test-now.sh	ok	88	0
1789560325	fd44737757e8	parallel	test-unmapped-repo-park.sh	ok	5	0
1789560119	fd44737757e8	parallel	test-cross-repo.sh	ok	8	0
1789560305	fd44737757e8	parallel	test-timeout.sh	ok	22	0
1789560121	fd44737757e8	parallel	test-drain-expiry.sh	ok	13	0
1789560138	fd44737757e8	parallel	test-lane-ceiling.sh	ok	9	0
1789560131	fd44737757e8	parallel	test-event.sh	ok	36	0
1789604532	fdbfd84d2371	parallel	test-concierge.sh	ok	30	0
1789453694	fe0425f3a46d	parallel	test-events-nodolt.sh	red	5	19
1789511516	fe3504fc92fb	parallel	test-runner-deps.sh	ok	10	0
1789570680	fe86f6188841	parallel	test-answers-premise-rejected.sh	red	19	1
1789513191	feb84b3903e8	serial	test-auron.sh	red	61	2
1789616973	fed8d732c4f8	parallel	test-livelock.sh	ok	60	0
1789565312	fff974d15dd4	parallel	test-citations.sh	ok	20	0
1789565264	fff974d15dd4	parallel	test-check5-delivers-check.sh	ok	15	0
1789565206	fff974d15dd4	parallel	test-sending-unlanded-guard.sh	ok	10	0
1789565273	fff974d15dd4	parallel	test-poison.sh	ok	44	0
1789564981	fff974d15dd4	parallel	test-aeon-ledger.sh	ok	47	0
1789565050	fff974d15dd4	parallel	test-incident-cause.sh	ok	2	0
1789565118	fff974d15dd4	parallel	test-promote.sh	ok	19	0
1789564961	fff974d15dd4	parallel	test-attempts.sh	ok	49	0
1789565083	fff974d15dd4	parallel	test-incident-recur-cause.sh	ok	16	0
1789564975	fff974d15dd4	parallel	test-census-watermark.sh	ok	11	0
1789565042	fff974d15dd4	parallel	test-fayth.sh	ok	9	0
1789565296	fff974d15dd4	parallel	test-check5-sweep-delivers.sh	ok	15	0
1789564938	fff974d15dd4	parallel	test-aeon-lease.sh	ok	15	0
1789565288	fff974d15dd4	parallel	test-doctor-goal.sh	ok	8	0
1789565115	fff974d15dd4	parallel	test-maechen-blind-window.sh	ok	5	0
1789565244	fff974d15dd4	parallel	test-worktree-absent.sh	ok	6	0
1789565182	fff974d15dd4	parallel	test-review.sh	ok	25	0
1789565097	fff974d15dd4	parallel	test-landed-stays-landed.sh	ok	14	0
1789565283	fff974d15dd4	parallel	test-check5-landed-assert.sh	ok	11	0
1789564958	fff974d15dd4	parallel	test-builder-qa-proposed.sh	ok	4	0
1789565013	fff974d15dd4	parallel	test-cockpit-fuse.sh	ok	18	0
1789565041	fff974d15dd4	parallel	test-fayth-free.sh	ok	10	0
1789565285	fff974d15dd4	parallel	test-check5-landed-no-delivers.sh	ok	9	0
1789565149	fff974d15dd4	parallel	test-repo.sh	ok	4	0
1789565330	fff974d15dd4	parallel	test-sentinel-escalation-dedup.sh	ok	23	0
1789564987	fff974d15dd4	parallel	test-check2-reclaim.sh	ok	10	0
1789565015	fff974d15dd4	parallel	test-concierge.sh	ok	13	0
1789565049	fff974d15dd4	parallel	test-id-prefix.sh	ok	6	0
1789565236	fff974d15dd4	parallel	test-unclaimable-cycle.sh	ok	3	0
1789565134	fff974d15dd4	parallel	test-release.sh	ok	22	0
1789565167	fff974d15dd4	parallel	test-landing.sh	ok	142	0
1789565036	fff974d15dd4	parallel	test-ci-park.sh	ok	35	0
1789565243	fff974d15dd4	parallel	test-unclaimable-bead.sh	ok	20	0
1789564972	fff974d15dd4	parallel	test-census-blind.sh	ok	14	0
1789565038	fff974d15dd4	parallel	test-elastic-ceiling.sh	ok	13	0
1789565040	fff974d15dd4	parallel	test-doctor-events-probe.sh	ok	11	0
1789565056	fff974d15dd4	parallel	test-hold.sh	ok	21	0
1789565040	fff974d15dd4	parallel	test-events-nodolt.sh	ok	24	0
1789565214	fff974d15dd4	parallel	test-strand-truncated.sh	ok	12	0
1789565032	fff974d15dd4	parallel	test-destroy-branch.sh	ok	12	0
1789565175	fff974d15dd4	parallel	test-scope-label.sh	ok	14	0
1789565217	fff974d15dd4	parallel	test-thrash.sh	ok	18	0
1789565297	fff974d15dd4	parallel	test-wire-token.sh	ok	6	0
1789565187	fff974d15dd4	parallel	test-sending-empty-commit.sh	ok	10	0
1789565271	fff974d15dd4	parallel	test-check5-delivers-falls-through.sh	ok	7	0
1789565256	fff974d15dd4	parallel	test-slay.sh	ok	47	0
1789564981	fff974d15dd4	parallel	test-census-events.sh	ok	12	0
1789565215	fff974d15dd4	parallel	test-sentinel.sh	ok	3	0
1789565044	fff974d15dd4	parallel	test-freshclone.sh	ok	7	0
1789565007	fff974d15dd4	parallel	test-check5-body-search.sh	ok	9	0
1789565173	fff974d15dd4	parallel	test-requeue-cap.sh	ok	6	0
1789565105	fff974d15dd4	parallel	test-loop-readonly.sh	ok	11	0
1789565305	fff974d15dd4	parallel	test-gh-run-gate.sh	ok	18	0
1789565174	fff974d15dd4	parallel	test-roster-warn.sh	ok	6	0
1789565031	fff974d15dd4	parallel	test-content-landed-empty-branch.sh	ok	10	0
1789565035	fff974d15dd4	parallel	test-destructive-bead.sh	ok	38	0
1789565127	fff974d15dd4	parallel	test-livelock.sh	ok	53	0
1789565212	fff974d15dd4	parallel	test-sentinel-capacity.sh	ok	6	0
1789565053	fff974d15dd4	parallel	test-install-landref.sh	ok	14	0
1789565052	fff974d15dd4	parallel	test-check5-nopayload.sh	ok	24	0
1789564960	fff974d15dd4	parallel	test-capacity-probe.sh	ok	11	0
1789565133	fff974d15dd4	parallel	test-reclaim-escalated.sh	ok	10	0
1789565054	fff974d15dd4	parallel	test-focus-close-guard.sh	ok	19	0
1789565058	fff974d15dd4	parallel	test-lanes.sh	ok	27	0
1789565235	fff974d15dd4	parallel	test-superseded.sh	ok	18	0
1789565195	fff974d15dd4	parallel	test-requeue.sh	ok	25	0
1789565148	fff974d15dd4	parallel	test-repo-label.sh	ok	15	0
1789565022	fff974d15dd4	parallel	test-check8-progressed.sh	ok	4	0
1789565147	fff974d15dd4	parallel	test-reclaim-slay-branch-guard.sh	ok	23	0
1789565308	fff974d15dd4	parallel	test-covers-entries.sh	ok	2	0
1789565005	fff974d15dd4	parallel	test-check4-events.sh	ok	21	0
1789564957	fff974d15dd4	parallel	test-aeon-sweep.sh	ok	13	0
1789565008	fff974d15dd4	parallel	test-check5-content-landed.sh	ok	12	0
1789564937	fff974d15dd4	parallel	test-aeon-heartbeat.sh	skip	0	0
1789565008	fff974d15dd4	parallel	test-check5-drop.sh	ok	13	0
1789565200	fff974d15dd4	parallel	test-sending-squash-merged.sh	ok	9	0
1789565146	fff974d15dd4	parallel	test-render-memories.sh	ok	25	0
1789565017	fff974d15dd4	parallel	test-containment.sh	ok	22	0
1789564962	fff974d15dd4	parallel	test-aeon-exit.sh	ok	10	0
1789565112	fff974d15dd4	parallel	test-now.sh	ok	88	0
1789565308	fff974d15dd4	parallel	test-content-landed-no-reopen.sh	ok	10	0
1789565247	fff974d15dd4	parallel	test-unmapped-repo-park.sh	ok	5	0
1789565035	fff974d15dd4	parallel	test-cross-repo.sh	ok	8	0
1789565228	fff974d15dd4	parallel	test-timeout.sh	ok	22	0
1789565037	fff974d15dd4	parallel	test-drain-expiry.sh	ok	13	0
1789565057	fff974d15dd4	parallel	test-lane-ceiling.sh	ok	9	0
1789565048	fff974d15dd4	parallel	test-event.sh	ok	36	0
